[06Jun2026 05:45:47.165] [main/INFO] [cpw.mods.modlauncher.Launcher/MODLAUNCHER]: ModLauncher running: args [--launchTarget, forgeserver, --fml.forgeVersion, 47.4.20, --fml.mcVersion, 1.20.1, --fml.forgeGroup, net.minecraftforge, --fml.mcpVersion, 20230612.114412, nogui]
[06Jun2026 05:45:47.170] [main/INFO] [cpw.mods.modlauncher.Launcher/MODLAUNCHER]: ModLauncher 10.0.9+10.0.9+main.dcd20f30 starting: java version 17.0.19 by Ubuntu; OS Linux arch amd64 version 6.8.0-1052-azure
[06Jun2026 05:45:51.087] [main/INFO] [net.minecraftforge.fml.loading.ImmediateWindowHandler/]: ImmediateWindowProvider not loading because launch target is forgeserver
[06Jun2026 05:45:51.099] [main/INFO] [settingdust.lazyyyyy.forge.core.LazyyyyyHacksInjector/]: Constructing
[06Jun2026 05:45:51.100] [main/INFO] [settingdust.lazyyyyy.forge.core.LazyyyyyHacksInjector/]: Injecting bootstrap
[06Jun2026 05:45:51.191] [main/INFO] [settingdust.lazyyyyy.forge.core.LazyyyyyHacksInjector/]: Transforming Resolver#makeGraph
[06Jun2026 05:45:51.280] [main/INFO] [settingdust.lazyyyyy.forge.core.LazyyyyyHacksInjector/]: Injecting mc bootstrap
[06Jun2026 05:45:51.553] [main/INFO] [mixin-booster/]: Mixin Booster org.sinytra.mixinbooster.MixinTransformationService is definitely up to no good...
[06Jun2026 05:45:51.679] [main/INFO] [mixin-booster/]: Crimes against java were committed by org.sinytra.mixinbooster.MixinTransformationService
[06Jun2026 05:45:51.712] [main/INFO] [mixin-booster/]: Original mixin transformation service successfully crobbed by mixin-booster!
[06Jun2026 05:45:51.768] [main/INFO] [settingdust.lazyyyyy.forge.core.LazyyyyyHacksInjector/]: Initializing
[06Jun2026 05:45:51.838] [main/INFO] [mixin/]: SpongePowered MIXIN Subsystem Version=0.8.5 Source=union:/workspaces/ciencia/servidor_minecraft/mods/mixin-booster-0.1.3+1.20.1.jar%23259%23262!/ Service=ModLauncher Env=SERVER
[06Jun2026 05:45:52.945] [main/WARN] [net.minecraftforge.fml.loading.moddiscovery.ModFileParser/LOADING]: Mod file /workspaces/ciencia/servidor_minecraft/libraries/net/minecraftforge/fmlcore/1.20.1-47.4.20/fmlcore-1.20.1-47.4.20.jar is missing mods.toml file
[06Jun2026 05:45:52.946] [main/WARN] [net.minecraftforge.fml.loading.moddiscovery.ModFileParser/LOADING]: Mod file /workspaces/ciencia/servidor_minecraft/libraries/net/minecraftforge/javafmllanguage/1.20.1-47.4.20/javafmllanguage-1.20.1-47.4.20.jar is missing mods.toml file
[06Jun2026 05:45:52.948] [main/WARN] [net.minecraftforge.fml.loading.moddiscovery.ModFileParser/LOADING]: Mod file /workspaces/ciencia/servidor_minecraft/libraries/net/minecraftforge/lowcodelanguage/1.20.1-47.4.20/lowcodelanguage-1.20.1-47.4.20.jar is missing mods.toml file
[06Jun2026 05:45:52.949] [main/WARN] [net.minecraftforge.fml.loading.moddiscovery.ModFileParser/LOADING]: Mod file /workspaces/ciencia/servidor_minecraft/libraries/net/minecraftforge/mclanguage/1.20.1-47.4.20/mclanguage-1.20.1-47.4.20.jar is missing mods.toml file
[06Jun2026 05:45:54.418] [main/WARN] [net.minecraftforge.jarjar.selection.JarSelector/]: Attempted to select two dependency jars from JarJar which have the same identification: Mod File:  and Mod File: . Using Mod File: 
[06Jun2026 05:45:54.421] [main/WARN] [net.minecraftforge.jarjar.selection.JarSelector/]: Attempted to select a dependency jar for JarJar which was passed in as source: invincible. Using Mod File: /workspaces/ciencia/servidor_minecraft/mods/epic-fight-invincible-lib-20.14.8.2-mc1.20.1-forge.jar
[06Jun2026 05:45:54.421] [main/WARN] [net.minecraftforge.jarjar.selection.JarSelector/]: Attempted to select a dependency jar for JarJar which was passed in as source: geckolib. Using Mod File: /workspaces/ciencia/servidor_minecraft/mods/geckolib-forge-1.20.1-4.8.3.jar
[06Jun2026 05:45:54.421] [main/WARN] [net.minecraftforge.jarjar.selection.JarSelector/]: Attempted to select a dependency jar for JarJar which was passed in as source: curios. Using Mod File: /workspaces/ciencia/servidor_minecraft/mods/curios-forge-5.14.1+1.20.1.jar
[06Jun2026 05:45:54.421] [main/WARN] [net.minecraftforge.jarjar.selection.JarSelector/]: Attempted to select a dependency jar for JarJar which was passed in as source: vix. Using Mod File: /workspaces/ciencia/servidor_minecraft/mods/VIX-1.0.2-all.jar
[06Jun2026 05:45:54.422] [main/WARN] [net.minecraftforge.jarjar.selection.JarSelector/]: Attempted to select a dependency jar for JarJar which was passed in as source: expandability. Using Mod File: /workspaces/ciencia/servidor_minecraft/mods/expandability-9.0.4.jar
[06Jun2026 05:45:54.422] [main/INFO] [net.minecraftforge.fml.loading.moddiscovery.JarInJarDependencyLocator/]: Found 41 dependencies adding them to mods collection
[06Jun2026 05:45:54.486] [main/WARN] [net.minecraftforge.fml.loading.moddiscovery.ModFile/]: fdlib-1.0.9-1.20.1.jar contains an invalid 'accessTransformers' TOML entry. Should be e.g. accessTransformers = ["META-INF/accesstransformer.cfg", "META-INF/extra_at.cfg"] or accessTransformers = [] for no ATs. Falling back to default.
[06Jun2026 05:45:54.536] [main/WARN] [net.minecraftforge.fml.loading.moddiscovery.ModFile/]: cinematiccataclysm-1.0.1-1.20.1.jar contains an invalid 'accessTransformers' TOML entry. Should be e.g. accessTransformers = ["META-INF/accesstransformer.cfg", "META-INF/extra_at.cfg"] or accessTransformers = [] for no ATs. Falling back to default.
[06Jun2026 05:45:59.282] [main/INFO] [mixin/]: Compatibility level set to JAVA_17
[06Jun2026 05:45:59.757] [main/INFO] [mixin/]: Successfully loaded Mixin Connector [com.sonicether.soundphysics.MixinConnector]
[06Jun2026 05:45:59.780] [main/INFO] [cpw.mods.modlauncher.LaunchServiceHandler/MODLAUNCHER]: Launching target 'forgeserver' with arguments [nogui]
[06Jun2026 05:46:00.123] [main/INFO] [ModernFix/]: Loaded configuration file for ModernFix 5.26.2+mc1.20.1: 98 options available, 3 override(s) found
[06Jun2026 05:46:00.125] [main/WARN] [ModernFix/]: Option 'mixin.perf.faster_structure_location' overriden (by user configuration) to 'false'
[06Jun2026 05:46:00.125] [main/WARN] [ModernFix/]: Option 'mixin.perf.dynamic_entity_renderers' overriden (by user configuration) to 'true'
[06Jun2026 05:46:00.126] [main/WARN] [ModernFix/]: Option 'mixin.feature.warn_missing_perf_mods' overriden (by user configuration) to 'false'
[06Jun2026 05:46:00.127] [main/INFO] [ModernFix/]: Applying Nashorn fix
[06Jun2026 05:46:00.167] [main/INFO] [ModernFix/]: Applied Forge config corruption patch
[06Jun2026 05:46:00.455] [main/INFO] [one.pkg.config.SewliaConfig/]: All configurations saved
[06Jun2026 05:46:00.459] [main/INFO] [one.pkg.config.SewliaConfig/]: Reloaded configuration: ModConfig
[06Jun2026 05:46:00.461] [main/INFO] [one.pkg.config.SewliaConfig/]: Successfully initialized configuration manager, loaded 1 configuration classes
[06Jun2026 05:46:00.471] [main/WARN] [settingdust.lazyyyyy.forge.core.faster_mixin.injected.FasterMixinServiceWrapper/]: Failed to read refmap mixins.epicskills.refmap.json from file:///workspaces/ciencia/servidor_minecraft/mods/epicfight-skilltree-forge-20.2.7-1.20.1.jar for config mixins.epicskills.json. Find from all resources will spend extra time. Check the debug log for detail of reason. If the file is missing, let the author of the mod moving the refmap into the jar declare it
[06Jun2026 05:46:00.486] [main/WARN] [mixin/]: Reference map 'mixins.epicskills.refmap.json' for mixins.epicskills.json could not be read. If this is a development environment you can ignore this message
[06Jun2026 05:46:00.486] [main/WARN] [settingdust.lazyyyyy.forge.core.faster_mixin.injected.FasterMixinServiceWrapper/]: Failed to read refmap multiplayer_boss_fight.refmap.json from file:///workspaces/ciencia/servidor_minecraft/mods/multiplayer_boss_fight-forge1.20.1-1.0.2.jar for config multiplayer_boss_fight.mixins.json. Find from all resources will spend extra time. Check the debug log for detail of reason. If the file is missing, let the author of the mod moving the refmap into the jar declare it
[06Jun2026 05:46:00.492] [main/WARN] [mixin/]: Reference map 'multiplayer_boss_fight.refmap.json' for multiplayer_boss_fight.mixins.json could not be read. If this is a development environment you can ignore this message
[06Jun2026 05:46:00.589] [main/WARN] [settingdust.lazyyyyy.forge.core.faster_mixin.injected.FasterMixinServiceWrapper/]: Failed to read refmap nitrogen_internals.refmap.json from jij:/workspaces/ciencia/servidor_minecraft/mods/aether-1.20.1-1.5.2-neoforge.jar%23264!/META-INF/jarjar/nitrogen_internals-1.20.1-1.0.12-neoforge.jar for config nitrogen_internals.mixins.json. Find from all resources will spend extra time. Check the debug log for detail of reason. If the file is missing, let the author of the mod moving the refmap into the jar declare it
[06Jun2026 05:46:00.595] [main/WARN] [mixin/]: Reference map 'nitrogen_internals.refmap.json' for nitrogen_internals.mixins.json could not be read. If this is a development environment you can ignore this message
[06Jun2026 05:46:00.596] [main/WARN] [settingdust.lazyyyyy.forge.core.faster_mixin.injected.FasterMixinServiceWrapper/]: Failed to read refmap epicfight_arachne.refmap.json from file:///workspaces/ciencia/servidor_minecraft/mods/epicfight_arachne-1.0.0.jar for config epicfight_arachne.mixins.json. Find from all resources will spend extra time. Check the debug log for detail of reason. If the file is missing, let the author of the mod moving the refmap into the jar declare it
[06Jun2026 05:46:00.604] [main/WARN] [mixin/]: Reference map 'epicfight_arachne.refmap.json' for epicfight_arachne.mixins.json could not be read. If this is a development environment you can ignore this message
[06Jun2026 05:46:00.611] [main/WARN] [settingdust.lazyyyyy.forge.core.faster_mixin.injected.FasterMixinServiceWrapper/]: Failed to read refmap puzzlesaccessapi.common.refmap.json from jij:/workspaces/ciencia/servidor_minecraft/mods/PuzzlesLib-v8.1.33-1.20.1-Forge.jar%23375!/META-INF/jarjar/puzzlesaccessapi-forge-20.1.1.jar for config puzzlesaccessapi.common.mixins.json. Find from all resources will spend extra time. Check the debug log for detail of reason. If the file is missing, let the author of the mod moving the refmap into the jar declare it
[06Jun2026 05:46:00.618] [main/WARN] [mixin/]: Reference map 'puzzlesaccessapi.common.refmap.json' for puzzlesaccessapi.common.mixins.json could not be read. If this is a development environment you can ignore this message
[06Jun2026 05:46:00.627] [main/WARN] [settingdust.lazyyyyy.forge.core.faster_mixin.injected.FasterMixinServiceWrapper/]: Failed to read refmap fast_tpa.mixins.refmap.json from file:///workspaces/ciencia/servidor_minecraft/mods/fast_tpa-forge1.20.1-1.3.0.jar for config fast_tpa.mixins.json. Find from all resources will spend extra time. Check the debug log for detail of reason. If the file is missing, let the author of the mod moving the refmap into the jar declare it
[06Jun2026 05:46:00.635] [main/WARN] [mixin/]: Reference map 'fast_tpa.mixins.refmap.json' for fast_tpa.mixins.json could not be read. If this is a development environment you can ignore this message
[06Jun2026 05:46:00.722] [main/INFO] [Puzzles Lib/]: Loading 169 mods:
	- aether 1.20.1-1.5.2-neoforge
		|-- cumulus_menus 1.20.1-1.0.1-neoforge
		\-- nitrogen_internals 1.20.1-1.0.12-neoforge
	- aggrofix 2.0.0
	- alexsmobs 1.22.9
	- architectury 9.2.14
	- armourers_workshop 3.2.7-beta
	- artifacts 9.5.19
	- ash_of_sin_custom_anti_seat_entity 1.0.1
	- ash_of_sin_no_more_invalid_statistic 1.0.0
	- ash_of_sin_no_more_too_many_structures 1.0.11
	- atistructures 1.4.0
	- attributefix 21.0.5
	- attributeslib 1.3.7
	- azurelib 3.1.9
	- ba_bt 1.20.1-3.0.0-beta3.2.1
	- balm 7.3.38
		\-- kuma_api 20.1.12
	- beb 6.0.0
	- better_structure_block 2.1.0
	- better_trident_model 1.1.0
		\-- simplebedrockmodel 2.1.4-forge+mc1.20.1
	- betterendcities 1.0.0-1.20.1
	- betterendisland 1.20-Forge-2.0.6
	- betterfortresses 1.20-Forge-2.0.6
	- betteroceanmonuments 1.20-Forge-3.0.4
	- beyonddimensions 0.7.14
	- biomespy 1.3.3
	- biomeswevegone 1.7.5
	- bookofdragons 1.31-1.20.1
	- bookshelf 20.2.15
	- bosses_of_mass_destruction 1.1.2
	- bountiful 6.0.4+1.20.1
	- bountiful_npc 1.0.5
	- cataclysm 3.27
	- cataclysm_dimension 1.6.2
	- cerbons_api 1.1.0
	- cinematiccataclysm 1.0.1
	- citadel 2.6.3
	- cloth_config 11.1.136
	- combat_evolution 2.1.7
	- configured 2.2.3
	- corgilib 4.0.3.4
	- coroutil 1.20.1-1.3.7
	- cosmeticarmorreworked 1.20.1-v1a
	- cristellib 1.1.6
	- cupboard 1.20.1-3.7
	- curios 5.14.1+1.20.1
	- dodge_parry_reward 20.14.3
	- dodosmobs 2.64
	- domesticationinnovation 1.7.1
	- dummmmmmy 1.20-2.0.11
	- dungeons_arise 2.1.58-1.20.x
	- efn 3.3.3
		\-- mixinsquared 0.2.0-beta.6
	- efn_enhance 1.1.1
	- efs_iss 1.0.3
	- enchantinginfuser 8.0.3
	- entityrespawner 1.1.0
	- epic_fight_avalon 20.12.6.4
	- epicfight 20.14.17
	- epicfight_arachne 1.0.0
	- epicfight_leonidas 1.0.1
	- epicfightx 1.2
	- epicskills 20.2.7
	- expandability 9.0.4
	- explorerscompass 1.20.1-1.3.3-forge
	- falchionmoveset 20.14.0
	- fancy_trail 1.2.2
	- fantasy_armor 1.2.4-1.20.1
	- fast_event 1.1.1
	- fast_tpa 1.3.0
	- fdlib 1.0.9
	- ferritecore 6.0.1
	- forge 47.4.20
	- ftbessentials 2001.2.4
	- ftblibrary 2001.2.12
	- ftbquests 2001.4.21
	- ftbteams 2001.3.2
	- ftbxmodcompat 2.1.3
	- fullstackwatchdog 1.0.1+1.19.2-forge
	- geckolib 4.8.3
	- hungerstrike 8.0.0
	- iceberg 1.1.25
	- incontrol 1.20-9.4.6
	- indestructible 20.13.0
	- invincible 20.14.8.2
	- irons_spellbooks 1.20.1-3.15.4
	- jade 11.13.2+forge
	- jadeaddons 5.5.0+forge
	- jei 15.20.0.130
	- jeresources 1.4.0.247
	- kambrik 6.1.1+1.20.1
	- killcam 1.0.3
	- kotlinforforge 4.12.0
	- krypton_fnp 0.2.28.2-1.20.1
	- lazyyyyy 0.14.19
	- limitedchunks 1.8
	- lionfishapi 2.7
	- lithostitched 1.4.11
	- logbegone 1.0.8
	- lootr 0.7.35.94
	- lost_aether_content 1.2.3
	- magistuarmory 10.11
	- mimic 1.0.5
	- minecraft 1.20.1
	- mixinbooster 0.1.3+1.20.1
	- modernfix 5.26.2+mc1.20.1
	- moonlight 1.20-2.16.30
	- mowziesmobs 1.8.2
	- mr_trek 1-B0.6
	- multiplayer_boss_fight 1.0.2
	- naturescompass 1.20.1-1.12.0-forge
	- noworldgenwarning 1.0.1
	- ohthetreesyoullgrow 1.6.0
	- p1nero_bow 20.14.1.6
	- p1nero_dl 2.3.0
	- p1nero_ec 20.14.0.8
	- packetfixer 3.3.2
	- patchouli 1.20.1-85-FORGE
	- pbf1 1.1.2
	- placebo 8.6.3
	- playeranimator 1.0.2-rc1+1.20
	- prism 1.0.5
	- puzzleslib 8.1.33
		\-- puzzlesaccessapi 20.1.1
	- quark 4.0-462
	- quick_pack 1.3.1
	- radiantgear 2.2.0+1.20.1
	- resourcefulconfig 2.1.3
	- ribbits 1.20.1-Forge-3.0.5
	- servercore 1.5.2+1.20.1
	- smsn 1.4.1-1.20.1
	- sound_physics_remastered 1.20.1-1.5.1
	- spark 1.10.53
	- spiral_tower_village 0.0.3
	- structure_gel 2.16.2
	- structure_layout_optimizer 1.0.11
	- summoningrituals 1.20.1-2.0.8
	- super_golem 20.12.2
	- super_warden 20.13.0
	- supplementaries 1.20-3.1.43
	- sword_soaring 20.14.2.8
	- t_and_t 0.0NONE
	- tabstats 1.0.5
	- taxfreelevels 1.4.17
	- tcr_bosses 1.1.10
	- tcrcore 2.7.15
		|-- epic_fight_ponder 1.0.0
		|-- flywheel 1.0.2
		\-- ponder 1.0.91
	- tcresptranslation 1.0.7
	- tcrmeshes 1.0.0
	- tectonic 2.4.1
	- terrablender 3.0.1.10
	- tlc 1.0.2
	- travelerstitles 1.20-Forge-4.0.2
	- tudigong 1.3.5
	- uniqueaccessories 1.3.3
	- vix 1.0.2
	- waystones 14.1.20
	- wom 2.0.15
	- wraithon 1.1.11
	- xaerominimap 25.3.13
	- xaeroworldmap 1.40.16
		\-- xaerolib 1.1.15
	- yet_another_config_lib_v3 3.6.6+1.20.1-forge
	- yungsapi 1.20-Forge-4.0.6
	- zeta 1.0-31
[06Jun2026 05:46:01.144] [main/WARN] [settingdust.lazyyyyy.forge.core.faster_mixin.injected.FasterMixinServiceWrapper/]: Failed to read refmap epicfight_animation.refmap.json from file:///workspaces/ciencia/servidor_minecraft/mods/epicfight-extra-1.2-mc1.20.1-forge-all.jar for config epicfightx.mixins.json. Find from all resources will spend extra time. Check the debug log for detail of reason. If the file is missing, let the author of the mod moving the refmap into the jar declare it
[06Jun2026 05:46:01.151] [main/WARN] [mixin/]: Reference map 'epicfight_animation.refmap.json' for epicfightx.mixins.json could not be read. If this is a development environment you can ignore this message
[06Jun2026 05:46:01.157] [main/WARN] [settingdust.lazyyyyy.forge.core.faster_mixin.injected.FasterMixinServiceWrapper/]: Failed to read refmap cristellib-forge-refmap.json from file:///workspaces/ciencia/servidor_minecraft/mods/cristellib-1.1.6-forge.jar for config cristellib.mixins.json. Find from all resources will spend extra time. Check the debug log for detail of reason. If the file is missing, let the author of the mod moving the refmap into the jar declare it
[06Jun2026 05:46:01.164] [main/WARN] [mixin/]: Reference map 'cristellib-forge-refmap.json' for cristellib.mixins.json could not be read. If this is a development environment you can ignore this message
[06Jun2026 05:46:01.170] [main/WARN] [settingdust.lazyyyyy.forge.core.faster_mixin.injected.FasterMixinServiceWrapper/]: Failed to read refmap epigfight_leonidas.refmap.json from file:///workspaces/ciencia/servidor_minecraft/mods/epicfight_leonidas-1.0.1.jar for config epicfight_leonidas.mixins.json. Find from all resources will spend extra time. Check the debug log for detail of reason. If the file is missing, let the author of the mod moving the refmap into the jar declare it
[06Jun2026 05:46:01.177] [main/WARN] [mixin/]: Reference map 'epigfight_leonidas.refmap.json' for epicfight_leonidas.mixins.json could not be read. If this is a development environment you can ignore this message
[06Jun2026 05:46:01.192] [main/WARN] [settingdust.lazyyyyy.forge.core.faster_mixin.injected.FasterMixinServiceWrapper/]: Failed to read refmap mimic.refmap.json from file:///workspaces/ciencia/servidor_minecraft/mods/mimic-1.0.5.jar for config mimic.mixins.json. Find from all resources will spend extra time. Check the debug log for detail of reason. If the file is missing, let the author of the mod moving the refmap into the jar declare it
[06Jun2026 05:46:01.199] [main/WARN] [mixin/]: Reference map 'mimic.refmap.json' for mimic.mixins.json could not be read. If this is a development environment you can ignore this message
[06Jun2026 05:46:01.250] [main/WARN] [settingdust.lazyyyyy.forge.core.faster_mixin.injected.FasterMixinServiceWrapper/]: Failed to read refmap CerbonsAPI-Forge-1.20.1-forge-refmap.json from file:///workspaces/ciencia/servidor_minecraft/mods/CerbonsAPI-Forge-1.20.1-1.1.0.jar for config cerbons_api.mixins.json. Find from all resources will spend extra time. Check the debug log for detail of reason. If the file is missing, let the author of the mod moving the refmap into the jar declare it
[06Jun2026 05:46:01.257] [main/WARN] [mixin/]: Reference map 'CerbonsAPI-Forge-1.20.1-forge-refmap.json' for cerbons_api.mixins.json could not be read. If this is a development environment you can ignore this message
[06Jun2026 05:46:01.277] [main/WARN] [settingdust.lazyyyyy.forge.core.faster_mixin.injected.FasterMixinServiceWrapper/]: Failed to read refmap entityrespawner.refmap.json from file:///workspaces/ciencia/servidor_minecraft/mods/entityrespawner-1.1.0.jar for config entityrespawner.mixins.json. Find from all resources will spend extra time. Check the debug log for detail of reason. If the file is missing, let the author of the mod moving the refmap into the jar declare it
[06Jun2026 05:46:01.281] [main/WARN] [mixin/]: Reference map 'entityrespawner.refmap.json' for entityrespawner.mixins.json could not be read. If this is a development environment you can ignore this message
[06Jun2026 05:46:01.284] [main/WARN] [settingdust.lazyyyyy.forge.core.faster_mixin.injected.FasterMixinServiceWrapper/]: Failed to read refmap limitedchunks.refmap.json from file:///workspaces/ciencia/servidor_minecraft/mods/limitedchunks-1.20.1-4.1.jar for config limitedchunks.mixins.json. Find from all resources will spend extra time. Check the debug log for detail of reason. If the file is missing, let the author of the mod moving the refmap into the jar declare it
[06Jun2026 05:46:01.295] [main/WARN] [mixin/]: Reference map 'limitedchunks.refmap.json' for limitedchunks.mixins.json could not be read. If this is a development environment you can ignore this message
[06Jun2026 05:46:01.327] [main/WARN] [settingdust.lazyyyyy.forge.core.faster_mixin.injected.FasterMixinServiceWrapper/]: Failed to read refmap TaxFreeLevels-common-refmap.json from file:///workspaces/ciencia/servidor_minecraft/mods/TaxFreeLevels-1.4.17-forge-1.20.1.jar for config taxfreelevels-common-forge.mixins.json. Find from all resources will spend extra time. Check the debug log for detail of reason. If the file is missing, let the author of the mod moving the refmap into the jar declare it
[06Jun2026 05:46:01.330] [main/WARN] [mixin/]: Reference map 'TaxFreeLevels-common-refmap.json' for taxfreelevels-common-forge.mixins.json could not be read. If this is a development environment you can ignore this message
[06Jun2026 05:46:01.333] [main/WARN] [settingdust.lazyyyyy.forge.core.faster_mixin.injected.FasterMixinServiceWrapper/]: Failed to read refmap tcrmeshes.refmap.json from file:///workspaces/ciencia/servidor_minecraft/mods/tcrmeshes-1.0.0.jar for config tcrmeshes.mixins.json. Find from all resources will spend extra time. Check the debug log for detail of reason. If the file is missing, let the author of the mod moving the refmap into the jar declare it
[06Jun2026 05:46:01.336] [main/WARN] [mixin/]: Reference map 'tcrmeshes.refmap.json' for tcrmeshes.mixins.json could not be read. If this is a development environment you can ignore this message
[06Jun2026 05:46:01.341] [main/WARN] [settingdust.lazyyyyy.forge.core.faster_mixin.injected.FasterMixinServiceWrapper/]: Failed to read refmap ef_bow.refmap.json from file:///workspaces/ciencia/servidor_minecraft/mods/p1nero_bow-forge1.20.1-20.14.1.6.jar for config p1nero_bow.mixins.json. Find from all resources will spend extra time. Check the debug log for detail of reason. If the file is missing, let the author of the mod moving the refmap into the jar declare it
[06Jun2026 05:46:01.348] [main/WARN] [mixin/]: Reference map 'ef_bow.refmap.json' for p1nero_bow.mixins.json could not be read. If this is a development environment you can ignore this message
[06Jun2026 05:46:01.354] [main/WARN] [settingdust.lazyyyyy.forge.core.faster_mixin.injected.FasterMixinServiceWrapper/]: Failed to read refmap tudigong.refmap.json from file:///workspaces/ciencia/servidor_minecraft/mods/tudigong-forge-1.20.1-1.3.5.jar for config tudigong.mixins.json. Find from all resources will spend extra time. Check the debug log for detail of reason. If the file is missing, let the author of the mod moving the refmap into the jar declare it
[06Jun2026 05:46:01.360] [main/WARN] [mixin/]: Reference map 'tudigong.refmap.json' for tudigong.mixins.json could not be read. If this is a development environment you can ignore this message
[06Jun2026 05:46:01.406] [main/WARN] [settingdust.lazyyyyy.forge.core.faster_mixin.injected.FasterMixinServiceWrapper/]: Failed to read refmap p1nero_battle_field1.refmap.json from file:///workspaces/ciencia/servidor_minecraft/mods/pbf1-1.1.2.jar for config pbf1.mixins.json. Find from all resources will spend extra time. Check the debug log for detail of reason. If the file is missing, let the author of the mod moving the refmap into the jar declare it
[06Jun2026 05:46:01.415] [main/WARN] [mixin/]: Reference map 'p1nero_battle_field1.refmap.json' for pbf1.mixins.json could not be read. If this is a development environment you can ignore this message
[06Jun2026 05:46:01.445] [main/WARN] [settingdust.lazyyyyy.forge.core.faster_mixin.injected.FasterMixinServiceWrapper/]: Failed to read refmap super_golem.mixin-refmap.json from file:///workspaces/ciencia/servidor_minecraft/mods/super_golem-20.12.2.jar for config super_golem.mixins.json. Find from all resources will spend extra time. Check the debug log for detail of reason. If the file is missing, let the author of the mod moving the refmap into the jar declare it
[06Jun2026 05:46:01.454] [main/WARN] [mixin/]: Reference map 'super_golem.mixin-refmap.json' for super_golem.mixins.json could not be read. If this is a development environment you can ignore this message
[06Jun2026 05:46:01.455] [main/WARN] [settingdust.lazyyyyy.forge.core.faster_mixin.injected.FasterMixinServiceWrapper/]: Failed to read refmap super_warden.mixin-refmap.json from file:///workspaces/ciencia/servidor_minecraft/mods/super_warden-20.13.0.jar for config super_warden.mixins.json. Find from all resources will spend extra time. Check the debug log for detail of reason. If the file is missing, let the author of the mod moving the refmap into the jar declare it
[06Jun2026 05:46:01.461] [main/WARN] [mixin/]: Reference map 'super_warden.mixin-refmap.json' for super_warden.mixins.json could not be read. If this is a development environment you can ignore this message
[06Jun2026 05:46:01.469] [main/WARN] [settingdust.lazyyyyy.forge.core.faster_mixin.injected.FasterMixinServiceWrapper/]: Failed to read refmap coroutil.refmap.json from file:///workspaces/ciencia/servidor_minecraft/mods/coroutil-forge-1.20.1-1.3.7.jar for config coroutil.mixins.json. Find from all resources will spend extra time. Check the debug log for detail of reason. If the file is missing, let the author of the mod moving the refmap into the jar declare it
[06Jun2026 05:46:01.476] [main/WARN] [mixin/]: Reference map 'coroutil.refmap.json' for coroutil.mixins.json could not be read. If this is a development environment you can ignore this message
[06Jun2026 05:46:01.581] [main/INFO] [dev.tonimatas.packetfixer.mixins.v1_19_4_forge.MixinPlugin/]: Packet Fixer forge 1.19.4-1.20.1 has been applied successfully.
[06Jun2026 05:46:01.686] [main/WARN] [mixin/]: Error loading class: xaero/common/patreon/Patreon (java.lang.ClassNotFoundException: xaero.common.patreon.Patreon)
[06Jun2026 05:46:01.689] [main/WARN] [mixin/]: @Mixin target xaero.common.patreon.Patreon was not found smsn.mixins.json:xaero.minimap.PatreonMixin from mod (unknown)
[06Jun2026 05:46:01.693] [main/WARN] [mixin/]: Error loading class: xaero/map/patreon/Patreon (java.lang.ClassNotFoundException: xaero.map.patreon.Patreon)
[06Jun2026 05:46:01.694] [main/WARN] [mixin/]: @Mixin target xaero.map.patreon.Patreon was not found smsn.mixins.json:xaero.world_map.PatreonMixin from mod (unknown)
[06Jun2026 05:46:02.204] [main/INFO] [KryptonFNP ModMixinBootstrap/]: Mixin one.pkg.kfnp.mixin.network.experimental.RconClientMixin disabled
[06Jun2026 05:46:02.205] [main/INFO] [KryptonFNP ModMixinBootstrap/]: Mixin one.pkg.kfnp.mixin.network.microopt.FriendlyByteBufUtfMixin enabled
[06Jun2026 05:46:02.205] [main/INFO] [KryptonFNP ModMixinBootstrap/]: Mixin one.pkg.kfnp.mixin.network.microopt.FriendlyByteBufVarIntMixin enabled
[06Jun2026 05:46:02.205] [main/INFO] [KryptonFNP ModMixinBootstrap/]: Mixin one.pkg.kfnp.mixin.network.microopt.FriendlyByteBufVarLongMixin enabled
[06Jun2026 05:46:02.206] [main/INFO] [KryptonFNP ModMixinBootstrap/]: Mixin one.pkg.kfnp.mixin.network.microopt.ServerEntityMixin enabled
[06Jun2026 05:46:02.206] [main/INFO] [KryptonFNP ModMixinBootstrap/]: Mixin one.pkg.kfnp.mixin.network.pipeline.LegacyQueryHandlerMixin enabled
[06Jun2026 05:46:02.207] [main/INFO] [KryptonFNP ModMixinBootstrap/]: Mixin one.pkg.kfnp.mixin.network.pipeline.Varint21FrameDecoderMixin enabled
[06Jun2026 05:46:02.207] [main/INFO] [KryptonFNP ModMixinBootstrap/]: Mixin one.pkg.kfnp.mixin.network.pipeline.compression.ConnectionMixin enabled
[06Jun2026 05:46:02.208] [main/INFO] [KryptonFNP ModMixinBootstrap/]: Mixin one.pkg.kfnp.mixin.network.pipeline.encryption.ConnectionMixin enabled
[06Jun2026 05:46:02.208] [main/INFO] [KryptonFNP ModMixinBootstrap/]: Mixin one.pkg.kfnp.mixin.network.pipeline.encryption.ServerLoginPacketListenerImplMixin enabled
[06Jun2026 05:46:03.163] [main/INFO] [net.minecraftforge.coremod.CoreMod.placebo/COREMODLOG]: Patching IForgeItemStack#getEnchantmentLevel
[06Jun2026 05:46:03.182] [main/INFO] [net.minecraftforge.coremod.CoreMod.placebo/COREMODLOG]: Patching IForgeItemStack#getEnchantmentLevel
[06Jun2026 05:46:03.225] [main/WARN] [mixin/]: Error loading class: com/simibubi/create/content/equipment/armor/BacktankBlockEntity (java.lang.ClassNotFoundException: com.simibubi.create.content.equipment.armor.BacktankBlockEntity)
[06Jun2026 05:46:03.225] [main/WARN] [mixin/]: @Mixin target com.simibubi.create.content.equipment.armor.BacktankBlockEntity was not found jadeaddons.mixins.json:create.BacktankBlockEntityAccess from mod (unknown)
[06Jun2026 05:46:03.306] [main/WARN] [mixin/]: Error loading class: net/minecraft/client/player/KeyboardInput (java.lang.ClassNotFoundException: net.minecraft.client.player.KeyboardInput)
[06Jun2026 05:46:03.306] [main/WARN] [mixin/]: @Mixin target net.minecraft.client.player.KeyboardInput was not found fdlib.mixins.json:KeyboardInputMixin from mod (unknown)
[06Jun2026 05:46:03.442] [main/INFO] [settingdust.lazyyyyy.LazyyyyyMixinPlugin/]: Disabled 'lazy_entity_renderers.EntityRenderDispatcherMixin' due to config
[06Jun2026 05:46:03.442] [main/INFO] [settingdust.lazyyyyy.LazyyyyyMixinPlugin/]: Disabled 'lazy_entity_renderers.curios.Curios_ClientProxyMixin' due to config
[06Jun2026 05:46:03.442] [main/INFO] [settingdust.lazyyyyy.LazyyyyyMixinPlugin/]: Disabled 'lazy_entity_renderers.habitat.HabitatChestItemMixin' due to config
[06Jun2026 05:46:03.443] [main/INFO] [settingdust.lazyyyyy.LazyyyyyMixinPlugin/]: Disabled 'lazy_entity_renderers.supplementaries.SignPostBlockTileRendererMixin' due to config
[06Jun2026 05:46:03.443] [main/INFO] [settingdust.lazyyyyy.LazyyyyyMixinPlugin/]: Disabled 'lazy_entity_renderers.what_are_you_voting_for_2023.ClientEventBusSubscriberMixin' due to config
[06Jun2026 05:46:03.445] [main/INFO] [settingdust.lazyyyyy.LazyyyyyMixinPlugin/]: Disabled 'pack_resources_cache.ForgePathPackResourcesMixin' due to config
[06Jun2026 05:46:03.446] [main/INFO] [settingdust.lazyyyyy.LazyyyyyMixinPlugin/]: Disabled 'pack_resources_cache.PathPackResourcesMixin' due to config
[06Jun2026 05:46:03.447] [main/INFO] [settingdust.lazyyyyy.LazyyyyyMixinPlugin/]: Disabled 'pack_resources_cache.dynamic_trees.FlatTreeResourcePackMixin' due to config
[06Jun2026 05:46:03.447] [main/INFO] [settingdust.lazyyyyy.LazyyyyyMixinPlugin/]: Disabled 'pack_resources_cache.sinytra_connector.ModNioResourcePackMixin' due to config
[06Jun2026 05:46:03.451] [main/WARN] [mixin/]: Error loading class: net/jitl/client/ClientLoginChecker (java.lang.ClassNotFoundException: net.jitl.client.ClientLoginChecker)
[06Jun2026 05:46:03.452] [main/WARN] [mixin/]: @Mixin target net.jitl.client.ClientLoginChecker was not found lazyyyyy.forge.mixins.json:jitl.fix_login_crash.ClientLoginCheckerMixin from mod (unknown)
[06Jun2026 05:46:03.454] [main/WARN] [mixin/]: Error loading class: com/ultramega/cabletiers/registry/ClientEventHandler (java.lang.ClassNotFoundException: com.ultramega.cabletiers.registry.ClientEventHandler)
[06Jun2026 05:46:03.454] [main/WARN] [mixin/]: @Mixin target com.ultramega.cabletiers.registry.ClientEventHandler was not found lazyyyyy.forge.mixins.json:lazy_model_bake.cable_tiers.ClientEventHandlerMixin from mod (unknown)
[06Jun2026 05:46:03.457] [main/WARN] [mixin/]: Error loading class: com/refinedmods/refinedstorage/setup/ClientSetup (java.lang.ClassNotFoundException: com.refinedmods.refinedstorage.setup.ClientSetup)
[06Jun2026 05:46:03.457] [main/WARN] [mixin/]: @Mixin target com.refinedmods.refinedstorage.setup.ClientSetup was not found lazyyyyy.forge.mixins.json:lazy_model_bake.refined_storage.ClientSetupMixin from mod (unknown)
[06Jun2026 05:46:03.636] [main/INFO] [STDOUT/]: [org.arc.epic_ponder.mixinloader.CompatInfos:shouldMixin:48]: [Ares Hud Mixin Loader]Apply Default Mixin: org.arc.epic_ponder.mixin.epicfight.AnimationPlayerMixin.class -> yesman.epicfight.api.animation.AnimationPlayer.class
[06Jun2026 05:46:03.637] [main/INFO] [STDOUT/]: [org.arc.epic_ponder.mixinloader.CompatInfos:shouldMixin:48]: [Ares Hud Mixin Loader]Apply Default Mixin: org.arc.epic_ponder.mixin.epicfight.MixinCapabilityItem.class -> yesman.epicfight.world.capabilities.item.CapabilityItem.class
[06Jun2026 05:46:03.637] [main/INFO] [STDOUT/]: [org.arc.epic_ponder.mixinloader.CompatInfos:shouldMixin:48]: [Ares Hud Mixin Loader]Apply Default Mixin: org.arc.epic_ponder.mixin.epicfight.MixinCapabilityItem.class -> yesman.epicfight.world.capabilities.item.WeaponCapability.class
[06Jun2026 05:46:03.638] [main/INFO] [STDOUT/]: [org.arc.epic_ponder.mixinloader.CompatInfos:shouldMixin:48]: [Ares Hud Mixin Loader]Apply Default Mixin: org.arc.epic_ponder.mixin.epicfight.MixinLevelUtil.class -> yesman.epicfight.api.utils.LevelUtil.class
[06Jun2026 05:46:03.639] [main/INFO] [STDOUT/]: [org.arc.epic_ponder.mixinloader.CompatInfos:shouldMixin:48]: [Ares Hud Mixin Loader]Apply Default Mixin: org.arc.epic_ponder.mixin.epicfight.WeaponCapabilityAccessor.class -> yesman.epicfight.world.capabilities.item.WeaponCapability.class
[06Jun2026 05:46:03.639] [main/INFO] [STDOUT/]: [org.arc.epic_ponder.mixinloader.CompatInfos:shouldMixin:48]: [Ares Hud Mixin Loader]Apply Default Mixin: org.arc.epic_ponder.mixin.epicfight.client.RenderEngineEventsMixin.class -> yesman.epicfight.client.events.engine.RenderEngine$Events.class
[06Jun2026 05:46:03.640] [main/INFO] [STDOUT/]: [org.arc.epic_ponder.mixinloader.CompatInfos:shouldMixin:48]: [Ares Hud Mixin Loader]Apply Default Mixin: org.arc.epic_ponder.mixin.ponder.MixinPonderTooltipHandler.class -> net.createmod.ponder.foundation.PonderTooltipHandler.class
[06Jun2026 05:46:03.640] [main/INFO] [STDOUT/]: [org.arc.epic_ponder.mixinloader.CompatInfos:shouldMixin:48]: [Ares Hud Mixin Loader]Apply Default Mixin: org.arc.epic_ponder.mixin.ponder.MixinSchematicLevelHitbox.class -> net.createmod.catnip.levelWrappers.SchematicLevel.class
[06Jun2026 05:46:03.836] [main/WARN] [mixin/]: Error loading class: com/github/alexmodguy/alexscaves/server/event/CommonEvents (java.lang.ClassNotFoundException: com.github.alexmodguy.alexscaves.server.event.CommonEvents)
[06Jun2026 05:46:03.836] [main/WARN] [mixin/]: @Mixin target com.github.alexmodguy.alexscaves.server.event.CommonEvents was not found wolfcompass.mixins.json:AlexCaveFix from mod (unknown)
[06Jun2026 05:46:04.093] [main/WARN] [mixin/]: Error loading class: vectorwing/farmersdelight/common/block/TomatoVineBlock (java.lang.ClassNotFoundException: vectorwing.farmersdelight.common.block.TomatoVineBlock)
[06Jun2026 05:46:04.219] [main/INFO] [net.minecraftforge.coremod.CoreMod.placebo/COREMODLOG]: Patching IForgeItemStack#getEnchantmentLevel
[06Jun2026 05:46:04.223] [main/INFO] [net.minecraftforge.coremod.CoreMod.placebo/COREMODLOG]: Patching IForgeItemStack#getEnchantmentLevel
[06Jun2026 05:46:04.307] [main/INFO] [STDOUT/]: [com.hm.efn.mixinloader.CompatInfos:shouldMixin:86]: [EFN Mixin Loader]Apply Default Mixin: com.hm.efn.mixin.ActionAnimationMixin.class -> yesman.epicfight.api.animation.types.ActionAnimation.class
[06Jun2026 05:46:04.313] [main/INFO] [STDOUT/]: [com.hm.efn.mixinloader.CompatInfos:shouldMixin:86]: [EFN Mixin Loader]Apply Default Mixin: com.hm.efn.mixin.AnimationPlayerMixin.class -> yesman.epicfight.api.animation.AnimationPlayer.class
[06Jun2026 05:46:04.314] [main/INFO] [STDOUT/]: [com.hm.efn.mixinloader.CompatInfos:shouldMixin:86]: [EFN Mixin Loader]Apply Default Mixin: com.hm.efn.mixin.ArmaturesAccessor.class -> yesman.epicfight.gameasset.Armatures.class
[06Jun2026 05:46:04.316] [main/INFO] [STDOUT/]: [com.hm.efn.mixinloader.CompatInfos:shouldMixin:86]: [EFN Mixin Loader]Apply Default Mixin: com.hm.efn.mixin.GuardSkillMixin.class -> yesman.epicfight.skill.guard.GuardSkill.class
[06Jun2026 05:46:04.317] [main/INFO] [STDOUT/]: [com.hm.efn.mixinloader.CompatInfos:shouldMixin:86]: [EFN Mixin Loader]Apply Default Mixin: com.hm.efn.mixin.MixinEpicFightCameraAPI.class -> yesman.epicfight.api.client.camera.EpicFightCameraAPI.class
[06Jun2026 05:46:04.319] [main/INFO] [STDOUT/]: [com.hm.efn.mixinloader.CompatInfos:shouldMixin:86]: [EFN Mixin Loader]Apply Default Mixin: com.hm.efn.mixin.MixinInputManager.class -> com.p1nero.invincible.client.InputManager.class
[06Jun2026 05:46:04.323] [main/INFO] [STDOUT/]: [com.hm.efn.mixinloader.CompatInfos:shouldMixin:86]: [EFN Mixin Loader]Apply Default Mixin: com.hm.efn.mixin.MixinMob.class -> net.minecraft.world.entity.Mob.class
[06Jun2026 05:46:04.325] [main/INFO] [STDOUT/]: [com.hm.efn.mixinloader.CompatInfos:shouldMixin:86]: [EFN Mixin Loader]Apply Default Mixin: com.hm.efn.mixin.MixinPatchedItemInHandLayer.class -> yesman.epicfight.client.renderer.patched.layer.PatchedItemInHandLayer.class
[06Jun2026 05:46:04.325] [main/INFO] [STDOUT/]: [com.hm.efn.mixinloader.CompatInfos:shouldMixin:86]: [EFN Mixin Loader]Apply Default Mixin: com.hm.efn.mixin.NearestAttackableTargetGoalMixin.class -> net.minecraft.world.entity.ai.goal.target.NearestAttackableTargetGoal.class
[06Jun2026 05:46:04.326] [main/INFO] [STDOUT/]: [com.hm.efn.mixinloader.CompatInfos:shouldMixin:86]: [EFN Mixin Loader]Apply Default Mixin: com.hm.efn.mixin.ServerPlayerPatchMixin.class -> yesman.epicfight.world.capabilities.entitypatch.player.ServerPlayerPatch.class
[06Jun2026 05:46:04.327] [main/INFO] [STDOUT/]: [com.hm.efn.mixinloader.CompatInfos:shouldMixin:86]: [EFN Mixin Loader]Apply Default Mixin: com.hm.efn.mixin.SkillMixin.class -> yesman.epicfight.skill.Skill.class
[06Jun2026 05:46:04.327] [main/INFO] [STDOUT/]: [com.hm.efn.mixinloader.CompatInfos:shouldMixin:86]: [EFN Mixin Loader]Apply Default Mixin: com.hm.efn.mixin.UtilMixin.class -> net.minecraft.Util.class
[06Jun2026 05:46:04.329] [main/INFO] [STDOUT/]: [com.hm.efn.mixinloader.CompatInfos:shouldMixin:83]: [EFN Mixin Loader]Skip Mixin: com.hm.efn.mixin.compat.aaa.EffekRendererMixin.class -> mod.chloeprime.aaaparticles.client.render.EffekRenderer.class
[06Jun2026 05:46:04.330] [main/INFO] [STDOUT/]: [com.hm.efn.mixinloader.CompatInfos:shouldMixin:81]: [EFN Mixin Loader]Apply Compat Mixin: com.hm.efn.mixin.compat.cataclysm.MixinIABossMonster.class -> com.github.L_Ender.cataclysm.entity.InternalAnimationMonster.IABossMonsters.IABoss_monster.class
[06Jun2026 05:46:04.331] [main/INFO] [STDOUT/]: [com.hm.efn.mixinloader.CompatInfos:shouldMixin:81]: [EFN Mixin Loader]Apply Compat Mixin: com.hm.efn.mixin.compat.cataclysm.MixinLLibraryBossMonster.class -> com.github.L_Ender.cataclysm.entity.AnimationMonster.BossMonsters.LLibrary_Boss_Monster.class
[06Jun2026 05:46:04.332] [main/INFO] [STDOUT/]: [com.hm.efn.mixinloader.CompatInfos:shouldMixin:81]: [EFN Mixin Loader]Apply Compat Mixin: com.hm.efn.mixin.compat.citadel.AnimationHandlerMixin.class -> com.github.alexthe666.citadel.animation.AnimationHandler.class
[06Jun2026 05:46:04.333] [main/INFO] [STDOUT/]: [com.hm.efn.mixinloader.CompatInfos:shouldMixin:81]: [EFN Mixin Loader]Apply Compat Mixin: com.hm.efn.mixin.compat.geckolib.AnimationProcessorMixin.class -> software.bernie.geckolib.core.animation.AnimationProcessor.class
[06Jun2026 05:46:04.334] [main/INFO] [STDOUT/]: [com.hm.efn.mixinloader.CompatInfos:shouldMixin:81]: [EFN Mixin Loader]Apply Compat Mixin: com.hm.efn.mixin.compat.lionfishapi.AnimationHandlerMixin.class -> com.github.L_Ender.lionfishapi.server.animation.AnimationHandler.class
[06Jun2026 05:46:04.465] [main/WARN] [mixin/]: Error loading class: net/p3pp3rf1y/sophisticatedcore/util/InventoryHelper (java.lang.ClassNotFoundException: net.p3pp3rf1y.sophisticatedcore.util.InventoryHelper)
[06Jun2026 05:46:04.465] [main/WARN] [mixin/]: @Mixin target net.p3pp3rf1y.sophisticatedcore.util.InventoryHelper was not found tcrcore.mixins.json:BackpackInventoryHelperMixin from mod (unknown)
[06Jun2026 05:46:04.491] [main/WARN] [mixin/]: Error loading class: net/p3pp3rf1y/sophisticatedcore/upgrades/magnet/MagnetUpgradeWrapper (java.lang.ClassNotFoundException: net.p3pp3rf1y.sophisticatedcore.upgrades.magnet.MagnetUpgradeWrapper)
[06Jun2026 05:46:04.491] [main/WARN] [mixin/]: @Mixin target net.p3pp3rf1y.sophisticatedcore.upgrades.magnet.MagnetUpgradeWrapper was not found tcrcore.mixins.json:MagnetUpgradeWrapperMixin from mod (unknown)
[06Jun2026 05:46:04.569] [main/INFO] [settingdust.lazyyyyy.LazyyyyyMixinPlugin/]: Disabled 'lazy_entity_renderers.entity_model_features.EMFManagerMixin' due to config
[06Jun2026 05:46:04.569] [main/INFO] [settingdust.lazyyyyy.LazyyyyyMixinPlugin/]: Disabled 'pack_resources_cache.FilePackResourcesMixin' due to config
[06Jun2026 05:46:04.570] [main/INFO] [settingdust.lazyyyyy.LazyyyyyMixinPlugin/]: Disabled 'pack_resources_cache.PathPackResourcesMixin' due to config
[06Jun2026 05:46:04.570] [main/INFO] [settingdust.lazyyyyy.LazyyyyyMixinPlugin/]: Disabled 'pack_resources_cache.VanillaPackResourcesMixin' due to config
[06Jun2026 05:46:04.574] [main/WARN] [mixin/]: Error loading class: net/sweenus/simplyswords/config/Config (java.lang.ClassNotFoundException: net.sweenus.simplyswords.config.Config)
[06Jun2026 05:46:04.574] [main/WARN] [mixin/]: @Mixin target net.sweenus.simplyswords.config.Config was not found lazyyyyy.mixins.json:simply_swords.faster_config.ConfigMixin from mod (unknown)
[06Jun2026 05:46:04.770] [main/ERROR] [net.minecraftforge.fml.loading.RuntimeDistCleaner/DISTXFORM]: Attempted to load class com/mojang/blaze3d/vertex/PoseStack$Pose for invalid dist DEDICATED_SERVER
[06Jun2026 05:46:04.771] [main/WARN] [mixin/]: Error loading class: com/mojang/blaze3d/vertex/PoseStack$Pose (java.lang.RuntimeException: Attempted to load class com/mojang/blaze3d/vertex/PoseStack$Pose for invalid dist DEDICATED_SERVER)
[06Jun2026 05:46:04.917] [main/WARN] [mixin/]: Error loading class: com/mojang/blaze3d/platform/InputConstants$Key (java.lang.ClassNotFoundException: com.mojang.blaze3d.platform.InputConstants$Key)
[06Jun2026 05:46:04.930] [main/WARN] [mixin/]: Error loading class: net/minecraft/client/renderer/entity/EntityRendererProvider$Context (java.lang.ClassNotFoundException: net.minecraft.client.renderer.entity.EntityRendererProvider$Context)
[06Jun2026 05:46:04.947] [main/WARN] [mixin/]: Error loading class: net/minecraft/client/gui/layouts/GridLayout$RowHelper (java.lang.ClassNotFoundException: net.minecraft.client.gui.layouts.GridLayout$RowHelper)
[06Jun2026 05:46:04.995] [main/INFO] [MixinExtras|Service/]: Initializing MixinExtras via com.llamalad7.mixinextras.service.MixinExtrasServiceImpl(version=0.5.3).
[06Jun2026 05:46:06.047] [main/INFO] [net.minecraft.server.Bootstrap/]: ModernFix reached bootstrap stage (21.75 s after launch)
[06Jun2026 05:46:06.301] [main/WARN] [mixin/]: @Final field delegatesByName:Ljava/util/Map; in modernfix-modernfix.mixins.json:perf.forge_registry_alloc.ForgeRegistryMixin from mod (unknown) should be final
[06Jun2026 05:46:06.302] [main/WARN] [mixin/]: @Final field delegatesByValue:Ljava/util/Map; in modernfix-modernfix.mixins.json:perf.forge_registry_alloc.ForgeRegistryMixin from mod (unknown) should be final
[06Jun2026 05:46:08.191] [main/INFO] [net.minecraft.server.Bootstrap/]: Vanilla bootstrap took 2135 milliseconds
[06Jun2026 05:46:09.681] [main/INFO] [net.minecraftforge.coremod.CoreMod.placebo/COREMODLOG]: Patching IForgeItemStack#getEnchantmentLevel
[06Jun2026 05:46:09.682] [main/INFO] [net.minecraftforge.coremod.CoreMod.placebo/COREMODLOG]: Patching IForgeItemStack#getEnchantmentLevel
[06Jun2026 05:46:09.917] [main/WARN] [mixin/]: @Final field f_31427_:[I in mixins.epicfight.json:common.MixinWitherBoss from mod (unknown) should be final
[06Jun2026 05:46:09.917] [main/WARN] [mixin/]: @Final field f_31428_:[I in mixins.epicfight.json:common.MixinWitherBoss from mod (unknown) should be final
[06Jun2026 05:46:11.113] [main/WARN] [net.minecraft.network.syncher.SynchedEntityData/]: defineId called for: class net.minecraft.world.entity.LivingEntity from class yesman.epicfight.world.capabilities.entitypatch.LivingEntityPatch
[06Jun2026 05:46:11.114] [main/WARN] [net.minecraft.network.syncher.SynchedEntityData/]: defineId called for: class net.minecraft.world.entity.LivingEntity from class yesman.epicfight.world.capabilities.entitypatch.LivingEntityPatch
[06Jun2026 05:46:11.114] [main/WARN] [net.minecraft.network.syncher.SynchedEntityData/]: defineId called for: class net.minecraft.world.entity.LivingEntity from class yesman.epicfight.world.capabilities.entitypatch.LivingEntityPatch
[06Jun2026 05:46:11.114] [main/WARN] [net.minecraft.network.syncher.SynchedEntityData/]: defineId called for: class net.minecraft.world.entity.LivingEntity from class yesman.epicfight.world.capabilities.entitypatch.LivingEntityPatch
[06Jun2026 05:46:11.114] [main/WARN] [net.minecraft.network.syncher.SynchedEntityData/]: defineId called for: class net.minecraft.world.entity.LivingEntity from class yesman.epicfight.world.capabilities.entitypatch.LivingEntityPatch
[06Jun2026 05:46:11.114] [main/WARN] [net.minecraft.network.syncher.SynchedEntityData/]: defineId called for: class net.minecraft.world.entity.LivingEntity from class yesman.epicfight.world.capabilities.entitypatch.LivingEntityPatch
[06Jun2026 05:46:11.115] [main/WARN] [net.minecraft.network.syncher.SynchedEntityData/]: defineId called for: class net.minecraft.world.entity.LivingEntity from class yesman.epicfight.world.capabilities.entitypatch.LivingEntityPatch
[06Jun2026 05:46:11.115] [main/WARN] [net.minecraft.network.syncher.SynchedEntityData/]: defineId called for: class net.minecraft.world.entity.LivingEntity from class yesman.epicfight.world.capabilities.entitypatch.LivingEntityPatch
[06Jun2026 05:46:11.115] [main/WARN] [net.minecraft.network.syncher.SynchedEntityData/]: defineId called for: class net.minecraft.world.entity.LivingEntity from class yesman.epicfight.world.capabilities.entitypatch.LivingEntityPatch
[06Jun2026 05:46:11.115] [main/WARN] [net.minecraft.network.syncher.SynchedEntityData/]: defineId called for: class net.minecraft.world.entity.LivingEntity from class yesman.epicfight.world.capabilities.entitypatch.LivingEntityPatch
[06Jun2026 05:46:11.115] [main/WARN] [net.minecraft.network.syncher.SynchedEntityData/]: defineId called for: class net.minecraft.world.entity.LivingEntity from class yesman.epicfight.world.capabilities.entitypatch.LivingEntityPatch
[06Jun2026 05:46:11.115] [main/WARN] [net.minecraft.network.syncher.SynchedEntityData/]: defineId called for: class net.minecraft.world.entity.LivingEntity from class yesman.epicfight.world.capabilities.entitypatch.LivingEntityPatch
[06Jun2026 05:46:11.153] [main/WARN] [mixin/]: Method overwrite conflict for scheduleRandomTick in corgilib-common.mixins.json:chunk.MixinChunkAccess from mod (unknown), previously written by dev.corgitaco.ohthetreesyoullgrow.mixin.chunk.MixinChunkAccess. Skipping method.
[06Jun2026 05:46:11.153] [main/WARN] [mixin/]: Method overwrite conflict for getScheduledRandomTicks in corgilib-common.mixins.json:chunk.MixinChunkAccess from mod (unknown), previously written by dev.corgitaco.ohthetreesyoullgrow.mixin.chunk.MixinChunkAccess. Skipping method.
[06Jun2026 05:46:12.524] [main/WARN] [mixin/]: Static binding violation: PRIVATE @Overwrite method m_47505_ in modernfix-modernfix.mixins.json:perf.remove_biome_temperature_cache.BiomeMixin from mod (unknown) cannot reduce visibiliy of PUBLIC target method, visibility will be upgraded.
[06Jun2026 05:46:13.110] [modloading-worker-0/WARN] [one.pkg.kfnp.shared.ModSharedBootstrap/]: ================= KRYPTON FNP =================
[06Jun2026 05:46:13.112] [modloading-worker-0/WARN] [one.pkg.kfnp.shared.ModSharedBootstrap/]: Do not send messages about your game malfunctioning due to KryptonFNP in places the author cannot see.
[06Jun2026 05:46:13.112] [modloading-worker-0/WARN] [one.pkg.kfnp.shared.ModSharedBootstrap/]: The author is unaware of this bug and therefore cannot fix it!
[06Jun2026 05:46:13.112] [modloading-worker-0/WARN] [one.pkg.kfnp.shared.ModSharedBootstrap/]: Please send feedback via CurseForge, Github, or Discord so the author can quickly locate the issue!
[06Jun2026 05:46:13.112] [modloading-worker-0/WARN] [one.pkg.kfnp.shared.ModSharedBootstrap/]: ===============================================
[06Jun2026 05:46:13.112] [modloading-worker-0/INFO] [one.pkg.kfnp.shared.ModSharedBootstrap/]: Krypton is now accelerating your Minecraft server's networking stack 🚀
[06Jun2026 05:46:13.243] [modloading-worker-0/INFO] [one.pkg.kfnp.shared.ModSharedBootstrap/]: Compression will use libdeflate (Linux x86_64), encryption will use OpenSSL 3.x.x (Linux x86_64)
[06Jun2026 05:46:13.709] [modloading-worker-0/INFO] [STDOUT/]: [org.arc.killcam.event.TickChange:init:40]: KillCam Tick system has been initialized.
[06Jun2026 05:46:13.918] [modloading-worker-0/INFO] [STDOUT/]: [io.ejekta.kambrik.KambrikModForge:<clinit>:22]: Service loaders found: [io.ejekta.kambrik.bridge.KambrikSharedApiForge@7b530867]
[06Jun2026 05:46:13.960] [modloading-worker-0/INFO] [com.aetherteam.cumulus.Cumulus/]: Disabling Cumulus as it is on server.
[06Jun2026 05:46:14.003] [modloading-worker-0/INFO] [me.wesley1808.servercore.common.ServerCore/]: [ServerCore] Loaded V1.5.2+1.20.1!
[06Jun2026 05:46:14.056] [modloading-worker-0/INFO] [Puzzles Lib/]: Constructing common components for enchantinginfuser:main
[06Jun2026 05:46:14.203] [modloading-worker-0/INFO] [epicfight/]: Loaded mod compat: GeckolibCompat
[06Jun2026 05:46:14.205] [modloading-worker-0/WARN] [yesman.epicfight.main.EpicFightMod/]: Azure Lib version 3 is not supported yet.
[06Jun2026 05:46:14.205] [modloading-worker-0/INFO] [epicfight/]: Loaded mod compat: CuriosCompat
[06Jun2026 05:46:14.211] [modloading-worker-0/INFO] [epicfight/]: Loaded mod compat: PlayerAnimatorCompat
[06Jun2026 05:46:14.269] [modloading-worker-0/INFO] [net.minecraftforge.common.ForgeMod/FORGEMOD]: Forge mod loading, version 47.4.20, for MC 1.20.1 with MCP 20230612.114412
[06Jun2026 05:46:14.271] [modloading-worker-0/INFO] [net.minecraftforge.common.MinecraftForge/FORGE]: MinecraftForge v47.4.20 Initialized
[06Jun2026 05:46:14.406] [modloading-worker-0/INFO] [thedarkcolour.kotlinforforge.test.KotlinForForge/]: Kotlin For Forge Enabled!
[06Jun2026 05:46:14.569] [modloading-worker-0/INFO] [Puzzles Lib/]: Constructing common components for puzzleslib:main
[06Jun2026 05:46:14.583] [modloading-worker-0/INFO] [xaero.common.HudMod/]: Registering common data for channel xaerominimap:main!
[06Jun2026 05:46:14.681] [modloading-worker-0/INFO] [xaero.common.HudMod/]: Loading primary common config for channel xaerominimap:main!
[06Jun2026 05:46:14.691] [modloading-worker-0/INFO] [xaero.common.HudMod/]: Loading server config profiles for channel xaerominimap:main!
[06Jun2026 05:46:14.714] [modloading-worker-0/INFO] [zeta/]: Doing super early config setup for zeta
[06Jun2026 05:46:14.865] [modloading-worker-0/INFO] [xaero.map.WorldMap/]: Registering common data for channel xaeroworldmap:main!
[06Jun2026 05:46:14.881] [modloading-worker-0/INFO] [xaero.map.WorldMap/]: Loading primary common config for channel xaeroworldmap:main!
[06Jun2026 05:46:14.885] [modloading-worker-0/INFO] [xaero.map.WorldMap/]: Loading server config profiles for channel xaeroworldmap:main!
[06Jun2026 05:46:14.969] [modloading-worker-0/INFO] [Bookshelf/]: Fixing MC-151457. Crafting remainder for minecraft:pufferfish_bucket is now minecraft:bucket.
[06Jun2026 05:46:14.969] [modloading-worker-0/INFO] [Bookshelf/]: Fixing MC-151457. Crafting remainder for minecraft:salmon_bucket is now minecraft:bucket.
[06Jun2026 05:46:14.969] [modloading-worker-0/INFO] [Bookshelf/]: Fixing MC-151457. Crafting remainder for minecraft:cod_bucket is now minecraft:bucket.
[06Jun2026 05:46:14.970] [modloading-worker-0/INFO] [Bookshelf/]: Fixing MC-151457. Crafting remainder for minecraft:tropical_fish_bucket is now minecraft:bucket.
[06Jun2026 05:46:14.970] [modloading-worker-0/INFO] [Bookshelf/]: Fixing MC-151457. Crafting remainder for minecraft:axolotl_bucket is now minecraft:bucket.
[06Jun2026 05:46:14.970] [modloading-worker-0/INFO] [Bookshelf/]: Fixing MC-151457. Crafting remainder for minecraft:powder_snow_bucket is now minecraft:bucket.
[06Jun2026 05:46:14.970] [modloading-worker-0/INFO] [Bookshelf/]: Fixing MC-151457. Crafting remainder for minecraft:tadpole_bucket is now minecraft:bucket.
[06Jun2026 05:46:14.973] [modloading-worker-0/INFO] [net.magister.bookofdragons.BookOfDragons/]: Registering Book of Dragons configuration...
[06Jun2026 05:46:14.981] [modloading-worker-0/INFO] [net.magister.bookofdragons.config.RoostConfig/]: [RoostConfig] Loaded archetype 'cliff' with 2 dragons
[06Jun2026 05:46:14.982] [modloading-worker-0/INFO] [net.magister.bookofdragons.config.RoostConfig/]: [RoostConfig] Loaded archetype 'cave' with 2 dragons
[06Jun2026 05:46:14.982] [modloading-worker-0/INFO] [net.magister.bookofdragons.config.RoostConfig/]: [RoostConfig] Loaded archetype 'glade' with 2 dragons
[06Jun2026 05:46:14.982] [modloading-worker-0/INFO] [net.magister.bookofdragons.config.RoostConfig/]: [RoostConfig] Loaded archetype 'wetland' with 1 dragons
[06Jun2026 05:46:14.982] [modloading-worker-0/INFO] [net.magister.bookofdragons.config.RoostConfig/]: [RoostConfig] Loaded archetype 'barrens' with 2 dragons
[06Jun2026 05:46:14.982] [modloading-worker-0/INFO] [net.magister.bookofdragons.config.RoostConfig/]: [RoostConfig] Loaded 5 roost archetypes: [cave, glade, cliff, wetland, barrens]
[06Jun2026 05:46:14.984] [modloading-worker-0/INFO] [net.magister.bookofdragons.entity.data.DragonVariantConfig/]: Loaded dragon variants from config: /workspaces/ciencia/servidor_minecraft/config/bookofdragons/dragon_variants.json
[06Jun2026 05:46:14.984] [modloading-worker-0/INFO] [net.magister.bookofdragons.BookOfDragons/]: Configuration system initialized successfully!
[06Jun2026 05:46:15.407] [modloading-worker-0/INFO] [dev.architectury.networking.forge.NetworkManagerImpl/]: Registering C2S receiver with id architectury:sync_ids
[06Jun2026 05:46:15.414] [modloading-worker-0/INFO] [dev.architectury.networking.forge.NetworkManagerImpl/]: Registering C2S receiver with id ftblibrary:edit_nbt_response
[06Jun2026 05:46:15.449] [modloading-worker-0/INFO] [dev.architectury.networking.forge.NetworkManagerImpl/]: Registering C2S receiver with id ftbteams:open_gui
[06Jun2026 05:46:15.452] [modloading-worker-0/INFO] [dev.architectury.networking.forge.NetworkManagerImpl/]: Registering C2S receiver with id ftbteams:update_settings
[06Jun2026 05:46:15.455] [modloading-worker-0/INFO] [dev.architectury.networking.forge.NetworkManagerImpl/]: Registering C2S receiver with id ftbteams:send_message
[06Jun2026 05:46:15.459] [modloading-worker-0/INFO] [dev.architectury.networking.forge.NetworkManagerImpl/]: Registering C2S receiver with id ftbteams:create_party
[06Jun2026 05:46:15.470] [modloading-worker-0/INFO] [dev.architectury.networking.forge.NetworkManagerImpl/]: Registering C2S receiver with id ftbteams:player_gui_operation
[06Jun2026 05:46:15.490] [modloading-worker-0/INFO] [com.cupboard.Cupboard/]: Loaded config for: cupboard.json
[06Jun2026 05:46:15.613] [modloading-worker-0/INFO] [com.wintercogs.beyonddimensions.BeyondDimensions/]: Discovered 11 common integration modules and 2 client integration modules
[06Jun2026 05:46:15.621] [modloading-worker-0/INFO] [dev.architectury.networking.forge.NetworkManagerImpl/]: Registering C2S receiver with id ftbquests:submit_task
[06Jun2026 05:46:15.622] [modloading-worker-0/INFO] [dev.architectury.networking.forge.NetworkManagerImpl/]: Registering C2S receiver with id ftbquests:claim_reward
[06Jun2026 05:46:15.626] [modloading-worker-0/INFO] [dev.architectury.networking.forge.NetworkManagerImpl/]: Registering C2S receiver with id ftbquests:get_emergency_items
[06Jun2026 05:46:15.629] [modloading-worker-0/INFO] [dev.architectury.networking.forge.NetworkManagerImpl/]: Registering C2S receiver with id ftbquests:claim_all_rewards
[06Jun2026 05:46:15.629] [modloading-worker-0/INFO] [dev.architectury.networking.forge.NetworkManagerImpl/]: Registering C2S receiver with id ftbquests:claim_choice_reward
[06Jun2026 05:46:15.638] [modloading-worker-0/INFO] [net.potionstudios.biomeswevegone.BiomesWeveGone/]: Registering Oh The Biomes We've Gone items
[06Jun2026 05:46:15.639] [modloading-worker-0/INFO] [dev.architectury.networking.forge.NetworkManagerImpl/]: Registering C2S receiver with id ftbquests:toggle_pinned
[06Jun2026 05:46:15.640] [modloading-worker-0/INFO] [dev.architectury.networking.forge.NetworkManagerImpl/]: Registering C2S receiver with id ftbquests:toggle_chapter_pinned
[06Jun2026 05:46:15.641] [modloading-worker-0/INFO] [dev.architectury.networking.forge.NetworkManagerImpl/]: Registering C2S receiver with id ftbquests:toggle_editing_mode
[06Jun2026 05:46:15.644] [modloading-worker-0/INFO] [dev.architectury.networking.forge.NetworkManagerImpl/]: Registering C2S receiver with id ftbquests:force_save
[06Jun2026 05:46:15.648] [modloading-worker-0/INFO] [dev.architectury.networking.forge.NetworkManagerImpl/]: Registering C2S receiver with id ftbquests:set_custom_image
[06Jun2026 05:46:15.659] [modloading-worker-0/INFO] [dev.architectury.networking.forge.NetworkManagerImpl/]: Registering C2S receiver with id ftbquests:task_screen_config_resp
[06Jun2026 05:46:15.659] [modloading-worker-0/INFO] [dev.architectury.networking.forge.NetworkManagerImpl/]: Registering C2S receiver with id ftbquests:give_item_to_player
[06Jun2026 05:46:15.663] [modloading-worker-0/INFO] [dev.architectury.networking.forge.NetworkManagerImpl/]: Registering C2S receiver with id ftbquests:reorder_item
[06Jun2026 05:46:15.664] [modloading-worker-0/INFO] [dev.architectury.networking.forge.NetworkManagerImpl/]: Registering C2S receiver with id ftbquests:change_progress
[06Jun2026 05:46:15.666] [modloading-worker-0/INFO] [dev.architectury.networking.forge.NetworkManagerImpl/]: Registering C2S receiver with id ftbquests:create_object
[06Jun2026 05:46:15.668] [modloading-worker-0/INFO] [dev.architectury.networking.forge.NetworkManagerImpl/]: Registering C2S receiver with id ftbquests:create_task_at
[06Jun2026 05:46:15.672] [modloading-worker-0/INFO] [dev.architectury.networking.forge.NetworkManagerImpl/]: Registering C2S receiver with id ftbquests:delete_object
[06Jun2026 05:46:15.674] [modloading-worker-0/INFO] [dev.architectury.networking.forge.NetworkManagerImpl/]: Registering C2S receiver with id ftbquests:edit_object
[06Jun2026 05:46:15.678] [modloading-worker-0/INFO] [dev.architectury.networking.forge.NetworkManagerImpl/]: Registering C2S receiver with id ftbquests:move_chapter
[06Jun2026 05:46:15.680] [modloading-worker-0/INFO] [dev.architectury.networking.forge.NetworkManagerImpl/]: Registering C2S receiver with id ftbquests:move_quest
[06Jun2026 05:46:15.683] [modloading-worker-0/INFO] [dev.architectury.networking.forge.NetworkManagerImpl/]: Registering C2S receiver with id ftbquests:change_chapter_group
[06Jun2026 05:46:15.684] [modloading-worker-0/INFO] [dev.architectury.networking.forge.NetworkManagerImpl/]: Registering C2S receiver with id ftbquests:move_chapter_group
[06Jun2026 05:46:15.692] [modloading-worker-0/INFO] [dev.architectury.networking.forge.NetworkManagerImpl/]: Registering C2S receiver with id ftbquests:copy_quest
[06Jun2026 05:46:15.695] [modloading-worker-0/INFO] [dev.architectury.networking.forge.NetworkManagerImpl/]: Registering C2S receiver with id ftbquests:copy_chapter_image
[06Jun2026 05:46:15.695] [modloading-worker-0/INFO] [dev.architectury.networking.forge.NetworkManagerImpl/]: Registering C2S receiver with id ftbquests:sync_structures_request
[06Jun2026 05:46:15.697] [modloading-worker-0/INFO] [dev.architectury.networking.forge.NetworkManagerImpl/]: Registering C2S receiver with id ftbquests:request_team_data
[06Jun2026 05:46:15.699] [modloading-worker-0/INFO] [xaero.lib.XaeroLib/]: Registering common data for channel xaerolib:main!
[06Jun2026 05:46:15.704] [modloading-worker-0/INFO] [xaero.lib.XaeroLib/]: Loading primary common config for channel xaerolib:main!
[06Jun2026 05:46:15.706] [modloading-worker-0/INFO] [xaero.lib.XaeroLib/]: Loading server config profiles for channel xaerolib:main!
[06Jun2026 05:46:15.758] [modloading-worker-0/INFO] [net.potionstudios.biomeswevegone.BiomesWeveGone/]: Registering Oh The Biomes We've Gone Blocks
[06Jun2026 05:46:15.827] [modloading-worker-0/INFO] [net.blay09.mods.balm.forge.config.ForgeBalmConfig/]: Registering config for waystones:common (COMMON) with 46 properties.
[06Jun2026 05:46:15.861] [modloading-worker-0/INFO] [net.potionstudios.biomeswevegone.BiomesWeveGone/]: Registering Oh The Biomes We've Gone Wood
[06Jun2026 05:46:15.864] [modloading-worker-0/INFO] [net.potionstudios.biomeswevegone.BiomesWeveGone/]: Registering Oh The Biomes We've Gone Block Entities
[06Jun2026 05:46:15.864] [modloading-worker-0/INFO] [net.potionstudios.biomeswevegone.BiomesWeveGone/]: Registering Oh The Biomes We've Gone Entities
[06Jun2026 05:46:15.871] [modloading-worker-0/INFO] [net.potionstudios.biomeswevegone.BiomesWeveGone/]: Registering Oh The Biomes We've Gone Creative Tabs
[06Jun2026 05:46:15.871] [modloading-worker-0/INFO] [net.potionstudios.biomeswevegone.BiomesWeveGone/]: Registering Oh The Biomes We've Gone Sounds
[06Jun2026 05:46:15.884] [modloading-worker-0/INFO] [net.potionstudios.biomeswevegone.BiomesWeveGone/]: Registering Oh The Biomes We've Gone Block Predicate
[06Jun2026 05:46:15.888] [modloading-worker-0/INFO] [net.potionstudios.biomeswevegone.BiomesWeveGone/]: Registering Oh The Biomes We've Gone State Providers
[06Jun2026 05:46:15.905] [modloading-worker-0/INFO] [net.potionstudios.biomeswevegone.BiomesWeveGone/]: Registering Oh The Biomes We've Gone Tree Decorators
[06Jun2026 05:46:15.938] [modloading-worker-0/INFO] [net.potionstudios.biomeswevegone.BiomesWeveGone/]: Registering Oh The Biomes We've Gone Custom Features
[06Jun2026 05:46:15.944] [modloading-worker-0/INFO] [net.potionstudios.biomeswevegone.BiomesWeveGone/]: Registering Oh The Biomes We've Gone Structure Pieces
[06Jun2026 05:46:15.945] [modloading-worker-0/INFO] [net.potionstudios.biomeswevegone.BiomesWeveGone/]: Registering Oh The Biomes We've Gone Custom Structure Types
[06Jun2026 05:46:15.953] [modloading-worker-0/INFO] [net.potionstudios.biomeswevegone.BiomesWeveGone/]: Registering Oh The Biomes We've Gone Configured Features
[06Jun2026 05:46:15.966] [modloading-worker-0/INFO] [dev.architectury.networking.forge.NetworkManagerImpl/]: Registering C2S receiver with id artifacts:networking_channel/42a7ad70b1cc371599a0eff744096b8a
[06Jun2026 05:46:15.967] [modloading-worker-0/INFO] [dev.architectury.networking.forge.NetworkManagerImpl/]: Registering C2S receiver with id artifacts:networking_channel/74a5e841822a3a87854ae896a33430d6
[06Jun2026 05:46:15.968] [modloading-worker-0/INFO] [dev.architectury.networking.forge.NetworkManagerImpl/]: Registering C2S receiver with id artifacts:networking_channel/eb3d1e2748533430848cadf0f37c7e9c
[06Jun2026 05:46:15.969] [modloading-worker-0/INFO] [dev.architectury.networking.forge.NetworkManagerImpl/]: Registering C2S receiver with id artifacts:networking_channel/91c8520f19f93b3e8b6a727568e194ab
[06Jun2026 05:46:15.970] [modloading-worker-0/INFO] [dev.architectury.networking.forge.NetworkManagerImpl/]: Registering C2S receiver with id artifacts:networking_channel/8c2784d778293fd482ed84b8aa5fedb9
[06Jun2026 05:46:15.977] [modloading-worker-0/INFO] [dev.architectury.networking.forge.NetworkManagerImpl/]: Registering C2S receiver with id artifacts:networking_channel/ea038224ea783d40b2863f52239e2604
[06Jun2026 05:46:15.980] [modloading-worker-0/INFO] [net.potionstudios.biomeswevegone.BiomesWeveGone/]: Creating and Registering Overworld Vegetation Configured Features
[06Jun2026 05:46:15.981] [modloading-worker-0/INFO] [dev.architectury.networking.forge.NetworkManagerImpl/]: Registering C2S receiver with id artifacts:networking_channel/97ad64b7ecaf33209991c4f031501a58
[06Jun2026 05:46:16.096] [modloading-worker-0/INFO] [net.potionstudios.biomeswevegone.BiomesWeveGone/]: Registering Oh The Biomes We've Gone Tree Configured Features
[06Jun2026 05:46:16.098] [modloading-worker-0/INFO] [net.potionstudios.biomeswevegone.BiomesWeveGone/]: Creating and Registering Vanilla Configured Features
[06Jun2026 05:46:16.103] [modloading-worker-0/INFO] [net.potionstudios.biomeswevegone.BiomesWeveGone/]: Registering Oh The Biomes You'll Go Overworld Configured Features
[06Jun2026 05:46:16.107] [modloading-worker-0/INFO] [net.potionstudios.biomeswevegone.BiomesWeveGone/]: Registering Oh The Biomes We've Gone Placed Features
[06Jun2026 05:46:16.114] [modloading-worker-0/INFO] [net.potionstudios.biomeswevegone.BiomesWeveGone/]: Creating and Registering Overworld Tree Placed Features
[06Jun2026 05:46:16.122] [modloading-worker-0/INFO] [net.potionstudios.biomeswevegone.BiomesWeveGone/]: Creating and Registering Overworld Vegetation Placed Features
[06Jun2026 05:46:16.124] [modloading-worker-0/INFO] [net.potionstudios.biomeswevegone.BiomesWeveGone/]: Creating and Registering Vanilla Placed Features
[06Jun2026 05:46:16.125] [modloading-worker-0/INFO] [net.potionstudios.biomeswevegone.BiomesWeveGone/]: Registering Oh The Biomes We've Gone Custom Surface Rules
[06Jun2026 05:46:16.134] [modloading-worker-0/INFO] [net.potionstudios.biomeswevegone.BiomesWeveGone/]: Registering Oh The Biomes We've Gone Template Pools
[06Jun2026 05:46:16.146] [modloading-worker-0/INFO] [net.potionstudios.biomeswevegone.BiomesWeveGone/]: Registering Oh The Biome's We've Gone Village Template Pools
[06Jun2026 05:46:16.151] [modloading-worker-0/INFO] [net.potionstudios.biomeswevegone.BiomesWeveGone/]: Registering Oh The Biomes We've Gone Poi Types
[06Jun2026 05:46:16.153] [modloading-worker-0/INFO] [net.potionstudios.biomeswevegone.BiomesWeveGone/]: Registering Oh The Biomes We've Gone Villager Professions
[06Jun2026 05:46:16.155] [modloading-worker-0/INFO] [net.potionstudios.biomeswevegone.BiomesWeveGone/]: Registering Oh The Biomes We've Gone Custom Structure Processors
[06Jun2026 05:46:16.159] [modloading-worker-0/INFO] [net.potionstudios.biomeswevegone.BiomesWeveGone/]: Registering Oh The Biomes We've Gone villager types
[06Jun2026 05:46:16.159] [modloading-worker-0/INFO] [net.potionstudios.biomeswevegone.BiomesWeveGone/]: Registering Oh The Biomes We've Gone Schedules
[06Jun2026 05:46:16.160] [modloading-worker-0/INFO] [net.potionstudios.biomeswevegone.BiomesWeveGone/]: Registering Oh The Biomes We've Gone Memory Module Types
[06Jun2026 05:46:16.162] [modloading-worker-0/INFO] [net.potionstudios.biomeswevegone.BiomesWeveGone/]: Registering Oh The Biomes We've Gone Sensor Types
[06Jun2026 05:46:16.281] [modloading-worker-0/INFO] [dev.architectury.networking.forge.NetworkManagerImpl/]: Registering C2S receiver with id magistuarmory:packet_long_reach_attack
[06Jun2026 05:46:16.285] [modloading-worker-0/INFO] [dev.architectury.networking.forge.NetworkManagerImpl/]: Registering C2S receiver with id magistuarmory:packet_lance_collision
[06Jun2026 05:46:16.299] [modloading-worker-0/INFO] [azurelib/FileWatching]: Registered azurelib config for auto-sync function
[06Jun2026 05:46:16.349] [modloading-worker-0/INFO] [quark/]: Initializing TerraBlender underground biome compat
[06Jun2026 05:46:16.466] [modloading-worker-0/INFO] [com.merlin204.avalon.main.AvalonMOD/]: 自动注册实体: SHAKE_WAVE -> shake_wave
[06Jun2026 05:46:16.469] [modloading-worker-0/INFO] [com.merlin204.avalon.main.AvalonMOD/]: 自动注册实体: VFX -> vfx
[06Jun2026 05:46:16.469] [modloading-worker-0/INFO] [com.merlin204.avalon.main.AvalonMOD/]: 自动注册实体: ANIMATION_TEXTURE_VFX -> animation_texture_vfx
[06Jun2026 05:46:16.837] [modloading-worker-0/INFO] [quark-zeta/]: Discovered 164 modules to load.
[06Jun2026 05:46:17.115] [modloading-worker-0/INFO] [quark-zeta/]: Constructed 164 modules.
[06Jun2026 05:46:17.194] [modloading-worker-0/INFO] [quark-zeta/]: Doing super early config setup for quark
[06Jun2026 05:46:17.222] [modloading-worker-0/INFO] [coroutil/]: forge loader environment detected
[06Jun2026 05:46:17.477] [modloading-worker-0/INFO] [YetAnotherConfigLib/]: Deserializing YACLConfig from '/workspaces/ciencia/servidor_minecraft/config/yacl.json5'
[06Jun2026 05:46:17.505] [modloading-worker-0/INFO] [be.florens.expandability.ExpandAbility/]: ExpandAbility here, who dis?
[06Jun2026 05:46:17.575] [modloading-worker-0/INFO] [mixin/]: tcr_bosses.mixins.json:AbstractGolemInvoker from mod (unknown)->@Accessor[FIELD_GETTER]::getSpawnPosKey()Lnet/minecraft/network/syncher/EntityDataAccessor; should be static as its target is
[06Jun2026 05:46:17.581] [modloading-worker-0/INFO] [mixin/]: tcrcore.mixins.json:ba_bt.AbstractGolemInvoker from mod (unknown)->@Accessor[FIELD_GETTER]::getSpawnPosKey()Lnet/minecraft/network/syncher/EntityDataAccessor; should be static as its target is
[06Jun2026 05:46:21.817] [main/WARN] [dev.architectury.registry.registries.forge.RegistrarManagerImpl/]: Registry entry listened Registry Entry [minecraft:entity_type / artifacts:mimic] was not realized!
[06Jun2026 05:46:21.854] [main/INFO] [Moonlight/]: Initialized block sets in 25ms
[06Jun2026 05:46:22.082] [main/INFO] [ModernFix/]: Bypassed Mojang DFU
[06Jun2026 05:46:22.083] [main/INFO] [ModernFix/]: Instantiating Mojang DFU
[06Jun2026 05:46:23.958] [main/INFO] [ModdingLegacy/StructureGel/]: [structure_gel] Registering data for structure_gel:loot_table_alias
[06Jun2026 05:46:23.969] [main/INFO] [ModdingLegacy/StructureGel/]: [structure_gel] Registering data for structure_gel:data_handler_type
[06Jun2026 05:46:23.972] [main/INFO] [ModdingLegacy/StructureGel/]: [structure_gel] Registering data for structure_gel:dynamic_spawner
[06Jun2026 05:46:23.975] [main/INFO] [ModdingLegacy/StructureGel/]: [structure_gel] Registering data for structure_gel:jigsaw_type
[06Jun2026 05:46:24.080] [main/WARN] [net.minecraft.network.syncher.SynchedEntityData/]: defineId called for: class net.minecraft.world.entity.player.Player from class yesman.epicfight.world.capabilities.entitypatch.player.PlayerPatch
[06Jun2026 05:46:24.113] [main/WARN] [net.minecraft.network.syncher.SynchedEntityData/]: defineId called for: class net.minecraft.world.entity.TamableAnimal from class reascer.wom.world.entity.mob.EnderHand
[06Jun2026 05:46:24.113] [main/WARN] [net.minecraft.network.syncher.SynchedEntityData/]: defineId called for: class net.minecraft.world.entity.TamableAnimal from class reascer.wom.world.entity.mob.TargetingHelper
[06Jun2026 05:46:24.197] [main/WARN] [net.minecraft.network.syncher.SynchedEntityData/]: defineId called for: class net.minecraft.world.entity.boss.wither.WitherBoss from class yesman.epicfight.world.capabilities.entitypatch.boss.WitherPatch
[06Jun2026 05:46:24.197] [main/WARN] [net.minecraft.network.syncher.SynchedEntityData/]: defineId called for: class net.minecraft.world.entity.boss.wither.WitherBoss from class yesman.epicfight.world.capabilities.entitypatch.boss.WitherPatch
[06Jun2026 05:46:24.197] [main/WARN] [net.minecraft.network.syncher.SynchedEntityData/]: defineId called for: class net.minecraft.world.entity.boss.wither.WitherBoss from class yesman.epicfight.world.capabilities.entitypatch.boss.WitherPatch
[06Jun2026 05:46:24.198] [main/WARN] [net.minecraft.network.syncher.SynchedEntityData/]: defineId called for: class net.minecraft.world.entity.boss.wither.WitherBoss from class yesman.epicfight.world.capabilities.entitypatch.boss.WitherPatch
[06Jun2026 05:46:24.198] [main/WARN] [net.minecraft.network.syncher.SynchedEntityData/]: defineId called for: class net.minecraft.world.entity.boss.wither.WitherBoss from class yesman.epicfight.world.capabilities.entitypatch.boss.WitherPatch
[06Jun2026 05:46:24.198] [main/WARN] [net.minecraft.network.syncher.SynchedEntityData/]: defineId called for: class net.minecraft.world.entity.boss.wither.WitherBoss from class yesman.epicfight.world.capabilities.entitypatch.boss.WitherPatch
[06Jun2026 05:46:24.198] [main/WARN] [net.minecraft.network.syncher.SynchedEntityData/]: defineId called for: class net.minecraft.world.entity.boss.wither.WitherBoss from class yesman.epicfight.world.capabilities.entitypatch.boss.WitherPatch
[06Jun2026 05:46:24.198] [main/WARN] [net.minecraft.network.syncher.SynchedEntityData/]: defineId called for: class net.minecraft.world.entity.boss.wither.WitherBoss from class yesman.epicfight.world.capabilities.entitypatch.boss.WitherPatch
[06Jun2026 05:46:24.198] [main/WARN] [net.minecraft.network.syncher.SynchedEntityData/]: defineId called for: class net.minecraft.world.entity.boss.wither.WitherBoss from class yesman.epicfight.world.capabilities.entitypatch.boss.WitherPatch
[06Jun2026 05:46:24.456] [main/WARN] [net.minecraftforge.common.ForgeConfigSpec/CORE]: Configuration file /workspaces/ciencia/servidor_minecraft/config/killcam-common.toml is not correct. Correcting
[06Jun2026 05:46:24.457] [main/WARN] [net.minecraftforge.common.ForgeConfigSpec/CORE]: Incorrect key Kill Cam Settings.killCamFov was corrected from 0.45 to its default, 0.45. 
[06Jun2026 05:46:24.826] [Forge Version Check/INFO] [net.minecraftforge.fml.VersionChecker/]: Global Forge version check system disabled, no further processing.
[06Jun2026 05:46:24.831] [modloading-worker-0/INFO] [CorgiLib/]: Initializing network...
[06Jun2026 05:46:24.837] [modloading-worker-0/INFO] [CorgiLib/]: Initialized network!
[06Jun2026 05:46:24.953] [modloading-worker-0/INFO] [FTB XMod Compat/]: Chose [Entity Tags] as the active game stages implementation
[06Jun2026 05:46:24.954] [modloading-worker-0/INFO] [FTB XMod Compat/]: Chose [FALLBACK] as the active permissions implementation
[06Jun2026 05:46:24.956] [modloading-worker-0/INFO] [FTB XMod Compat/]: [FTB Quests] recipe helper provider is [JEI]
[06Jun2026 05:46:24.958] [modloading-worker-0/INFO] [com.limitedchunks.LimitedChunks/]: Limited chunkloading initialized
[06Jun2026 05:46:24.964] [modloading-worker-0/INFO] [xaero.lib.XaeroLib/]: Loading XaeroLib common 1/2!
[06Jun2026 05:46:25.002] [modloading-worker-0/INFO] [com.brass_amber.ba_bt.BABattleTowers/]: HELLO FROM COMMON SETUP
[06Jun2026 05:46:25.081] [main/INFO] [ribbits/]: Registering Ribbit umbrella types...
[06Jun2026 05:46:25.081] [main/INFO] [ribbits/]: Registering Ribbit professions...
[06Jun2026 05:46:25.081] [main/INFO] [ribbits/]: Registering Ribbit instruments...
[06Jun2026 05:46:25.083] [main/INFO] [ribbits/]: Registering Ribbit data serializers...
[06Jun2026 05:46:25.086] [main/INFO] [com.p1nero.multiplayer_boss_fight.MultiplayerBossFightMod/]: Initializing multiplayer_boss_fight
[06Jun2026 05:46:25.090] [main/INFO] [com.p1nero.multiplayer_boss_fight.MultiplayerBossManager/]: Loaded 1 multiplayer boss config entries from /workspaces/ciencia/servidor_minecraft/config/multiplayer_boss_fight/config.json
[06Jun2026 05:46:25.104] [main/INFO] [org.arc.killcam.KillCam/]: Epic Fight detected! Registering EpicFight KillCam module.
[06Jun2026 05:46:25.106] [main/INFO] [org.arc.killcam.KillCam/]: EFN detected! KillCam will delegate Time Slow to EFN engine.
[06Jun2026 05:46:25.160] [main/INFO] [com.asanginxst.epicfightx.EpicFightExtraMod/]: EFX: Replacing Epic Fight Weapon Types...
[06Jun2026 05:46:25.161] [main/INFO] [com.finderfeed.fdlib.FDLib/]: Loading FD animations...
[06Jun2026 05:46:25.161] [main/INFO] [com.finderfeed.fdlib.FDLib/]: Loading animation: fdlib:testanim
[06Jun2026 05:46:25.170] [main/INFO] [com.finderfeed.fdlib.FDLib/]: FD Animations loaded!
[06Jun2026 05:46:25.170] [main/INFO] [com.finderfeed.fdlib.FDLib/]: Loading FD models...
[06Jun2026 05:46:25.170] [main/INFO] [com.finderfeed.fdlib.FDLib/]: Loading model: fdlib:test
[06Jun2026 05:46:25.176] [main/INFO] [com.finderfeed.fdlib.FDLib/]: Loading model: fdlib:test
[06Jun2026 05:46:25.176] [main/INFO] [com.finderfeed.fdlib.FDLib/]: FD Models loaded!
[06Jun2026 05:46:25.177] [main/INFO] [zeta/]: Common setup: Performing initial refresh of zeta's config on thread 'main'
[06Jun2026 05:46:25.178] [main/INFO] [zeta/]: 'zeta' is enabling Zeta's piston structure resolver.
[06Jun2026 05:46:25.180] [main/INFO] [zeta/]: Waiting for server start before accepting filewatcher changes to zeta's config
[06Jun2026 05:46:25.341] [main/INFO] [terrablender/]: Registered region minecraft:overworld to index 0 for type OVERWORLD
[06Jun2026 05:46:25.341] [main/INFO] [terrablender/]: Registered region minecraft:nether to index 0 for type NETHER
[06Jun2026 05:46:25.341] [main/INFO] [terrablender/]: Registered region biomeswevegone:region_0 to index 1 for type OVERWORLD
[06Jun2026 05:46:25.341] [main/INFO] [terrablender/]: Registered region biomeswevegone:region_1 to index 2 for type OVERWORLD
[06Jun2026 05:46:25.341] [main/INFO] [terrablender/]: Registered region biomeswevegone:region_2 to index 3 for type OVERWORLD
[06Jun2026 05:46:25.410] [main/INFO] [Moonlight/]: Initialized color sets in 30ms
[06Jun2026 05:46:25.411] [main/INFO] [terrablender/]: Registered region quark:biome_provider to index 4 for type OVERWORLD
[06Jun2026 05:46:25.411] [main/INFO] [quark-zeta/]: Common setup: Performing initial refresh of quark's config on thread 'main'
[06Jun2026 05:46:25.430] [main/INFO] [quark-zeta/]: Waiting for server start before accepting filewatcher changes to quark's config
[06Jun2026 05:46:25.456] [main/INFO] [Supplementaries/]: Finished mod setup in: [0, 2, 0, 1, 0, 0, 13, 1] ms
[06Jun2026 05:46:25.586] [modloading-worker-0/INFO] [xaero.minimap.XaeroMinimap/]: Loading Xaero's Minimap - Stage 1/2 (Server)
[06Jun2026 05:46:25.587] [modloading-worker-0/INFO] [xaero.lib.XaeroLib/]: Loading XaeroLib server 1/2!
[06Jun2026 05:46:25.589] [modloading-worker-0/INFO] [xaero.map.server.WorldMapServer/]: Loading Xaero's World Map - Stage 1/2 (Server)
[06Jun2026 05:46:25.613] [main/INFO] [xaero.lib.XaeroLib/]: Loading XaeroLib common 2/2!
[06Jun2026 05:46:25.613] [main/INFO] [xaero.lib.XaeroLib/]: Loading XaeroLib server 2/2!
[06Jun2026 05:46:25.613] [main/INFO] [xaero.map.server.WorldMapServer/]: Loading Xaero's World Map - Stage 2/2 (Server)
[06Jun2026 05:46:25.613] [main/INFO] [xaero.minimap.XaeroMinimap/]: Loading Xaero's Minimap - Stage 2/2 (Server)
[06Jun2026 05:46:25.794] [modloading-worker-0/INFO] [io.redspace.ironsspellbooks.IronsSpellbooks/]: Got IMC []
[06Jun2026 05:46:25.896] [modloading-worker-0/INFO] [AttributeFix/]: Loaded values for 80 compatible attributes.
[06Jun2026 05:46:25.901] [modloading-worker-0/WARN] [AttributeFix/]: Attribute ID 'obscure_api:penetration' does not belong to a known attribute. This entry will be ignored.
[06Jun2026 05:46:25.902] [modloading-worker-0/WARN] [AttributeFix/]: Attribute ID 'obscure_api:dodge' does not belong to a known attribute. This entry will be ignored.
[06Jun2026 05:46:25.902] [modloading-worker-0/WARN] [AttributeFix/]: Attribute ID 'obscure_api:regeneration' does not belong to a known attribute. This entry will be ignored.
[06Jun2026 05:46:25.903] [modloading-worker-0/WARN] [AttributeFix/]: Attribute ID 'fallen_gems_affixes:spread_reduction' does not belong to a known attribute. This entry will be ignored.
[06Jun2026 05:46:25.903] [modloading-worker-0/WARN] [AttributeFix/]: Attribute ID 'obscure_api:magic_resistance' does not belong to a known attribute. This entry will be ignored.
[06Jun2026 05:46:25.903] [modloading-worker-0/WARN] [AttributeFix/]: Attribute ID 'obscure_api:accuracy' does not belong to a known attribute. This entry will be ignored.
[06Jun2026 05:46:25.903] [modloading-worker-0/WARN] [AttributeFix/]: Attribute ID 'block_factorys_bosses:movement_recovery' does not belong to a known attribute. This entry will be ignored.
[06Jun2026 05:46:25.903] [modloading-worker-0/WARN] [AttributeFix/]: Attribute ID 'fallen_gems_affixes:kick_reduction' does not belong to a known attribute. This entry will be ignored.
[06Jun2026 05:46:25.903] [modloading-worker-0/WARN] [AttributeFix/]: Attribute ID 'block_factorys_bosses:burning_stability' does not belong to a known attribute. This entry will be ignored.
[06Jun2026 05:46:25.903] [modloading-worker-0/WARN] [AttributeFix/]: Attribute ID 'obscure_api:critical_damage' does not belong to a known attribute. This entry will be ignored.
[06Jun2026 05:46:25.903] [modloading-worker-0/WARN] [AttributeFix/]: Attribute ID 'fallen_gems_affixes:bullet_damage' does not belong to a known attribute. This entry will be ignored.
[06Jun2026 05:46:25.903] [modloading-worker-0/WARN] [AttributeFix/]: Attribute ID 'fallen_gems_affixes:fire_rate' does not belong to a known attribute. This entry will be ignored.
[06Jun2026 05:46:25.903] [modloading-worker-0/WARN] [AttributeFix/]: Attribute ID 'fallen_gems_affixes:projectile_speed' does not belong to a known attribute. This entry will be ignored.
[06Jun2026 05:46:25.903] [modloading-worker-0/WARN] [AttributeFix/]: Attribute ID 'block_factorys_bosses:roll_animtime' does not belong to a known attribute. This entry will be ignored.
[06Jun2026 05:46:25.903] [modloading-worker-0/WARN] [AttributeFix/]: Attribute ID 'obscure_api:resilience' does not belong to a known attribute. This entry will be ignored.
[06Jun2026 05:46:25.904] [modloading-worker-0/WARN] [AttributeFix/]: Attribute ID 'obscure_api:magic_damage' does not belong to a known attribute. This entry will be ignored.
[06Jun2026 05:46:25.904] [modloading-worker-0/WARN] [AttributeFix/]: Attribute ID 'obscure_api:healing_power' does not belong to a known attribute. This entry will be ignored.
[06Jun2026 05:46:25.904] [modloading-worker-0/WARN] [AttributeFix/]: Attribute ID 'fallen_gems_affixes:max_health_damage' does not belong to a known attribute. This entry will be ignored.
[06Jun2026 05:46:25.904] [modloading-worker-0/WARN] [AttributeFix/]: Attribute ID 'parcool:stamina_recovery' does not belong to a known attribute. This entry will be ignored.
[06Jun2026 05:46:25.904] [modloading-worker-0/WARN] [AttributeFix/]: Attribute ID 'fallen_gems_affixes:reload_speed' does not belong to a known attribute. This entry will be ignored.
[06Jun2026 05:46:25.904] [modloading-worker-0/WARN] [AttributeFix/]: Attribute ID 'obscure_api:parry' does not belong to a known attribute. This entry will be ignored.
[06Jun2026 05:46:25.904] [modloading-worker-0/WARN] [AttributeFix/]: Attribute ID 'fallen_gems_affixes:additional_ammo' does not belong to a known attribute. This entry will be ignored.
[06Jun2026 05:46:25.904] [modloading-worker-0/WARN] [AttributeFix/]: Attribute ID 'obscure_api:critical_hit' does not belong to a known attribute. This entry will be ignored.
[06Jun2026 05:46:25.904] [modloading-worker-0/WARN] [AttributeFix/]: Attribute ID 'parcool:max_stamina' does not belong to a known attribute. This entry will be ignored.
[06Jun2026 05:46:25.904] [modloading-worker-0/INFO] [AttributeFix/]: Loaded 104 values from config.
[06Jun2026 05:46:25.918] [modloading-worker-0/INFO] [AttributeFix/]: Saving config file. 104 entries.
[06Jun2026 05:46:25.919] [modloading-worker-0/INFO] [AttributeFix/]: Applying changes for 104 attributes.
[06Jun2026 05:46:25.936] [modloading-worker-0/INFO] [Jade/]: Start loading plugin at net.blay09.mods.balm.forge.compat.hudinfo.ForgeJadeModCompat
[06Jun2026 05:46:25.951] [modloading-worker-0/INFO] [Jade/]: Start loading plugin at snownee.jade.addon.JadeAddonsBase
[06Jun2026 05:46:25.956] [modloading-worker-0/INFO] [Jade/]: Start loading plugin at com.aetherteam.aether.integration.jade.AetherJadePlugin
[06Jun2026 05:46:25.956] [modloading-worker-0/INFO] [Jade/]: Start loading plugin at com.black_dog20.tabstats.common.compat.Jade
[06Jun2026 05:46:25.957] [modloading-worker-0/INFO] [Jade/]: Start loading plugin at net.blay09.mods.waystones.compat.JadeIntegration
[06Jun2026 05:46:25.957] [modloading-worker-0/INFO] [Jade/]: Start loading plugin at snownee.jade.addon.vanilla.VanillaPlugin
[06Jun2026 05:46:25.967] [modloading-worker-0/INFO] [Jade/]: Start loading plugin at snownee.jade.addon.universal.UniversalPlugin
[06Jun2026 05:46:25.971] [modloading-worker-0/INFO] [Jade/]: Start loading plugin at snownee.jade.addon.core.CorePlugin
[06Jun2026 05:46:25.972] [modloading-worker-0/INFO] [Jade/]: Start loading plugin at net.mehvahdjukaar.supplementaries.integration.JadeCompat
[06Jun2026 05:46:25.993] [main/INFO] [citadel/]: adding citadel surface rules via terrablender...
[06Jun2026 05:46:25.995] [main/INFO] [citadel/]: Added 0 vanilla biome surface rule types via terrablender
[06Jun2026 05:46:25.995] [main/INFO] [citadel/]: Added 0 modded biome surface rule types via terrablender
[06Jun2026 05:46:26.357] [main/INFO] [epicfight/]: Data keys [epicfight:combo_counter, epicfight:basic_attack_active] for epicfight:basic_attack
[06Jun2026 05:46:26.357] [main/INFO] [epicfight/]: Data keys [epicfight:penalty_restore_counter, epicfight:penalty] for epicfight:guard
[06Jun2026 05:46:26.357] [main/INFO] [epicfight/]: Data keys [epicfight:last_active, epicfight:parry_motion_counter, epicfight:penalty_restore_counter, epicfight:penalty] for epicfight:parrying
[06Jun2026 05:46:26.357] [main/INFO] [epicfight/]: Data keys [epicfight:penalty, epicfight:penalty_restore_counter] for epicfight:impact_guard
[06Jun2026 05:46:26.357] [main/INFO] [epicfight/]: Data keys [epicfight:stacks, epicfight:tick_record, epicfight:resisting_damage_type] for epicfight:adaptive_skin
[06Jun2026 05:46:26.357] [main/INFO] [epicfight/]: Data keys [epicfight:tick_record] for epicfight:adrenaline_fiend
[06Jun2026 05:46:26.357] [main/INFO] [epicfight/]: Data keys [epicfight:stacks, epicfight:entity_id] for epicfight:bonebreaker
[06Jun2026 05:46:26.357] [main/INFO] [epicfight/]: Data keys [epicfight:entity_id, epicfight:tick_record] for epicfight:vengeance
[06Jun2026 05:46:26.357] [main/INFO] [epicfight/]: Data keys [epicfight:fall_distance, epicfight:slam_protect_next_fall] for epicfight:meteor_slam
[06Jun2026 05:46:26.357] [main/INFO] [epicfight/]: Data keys [epicfight:stacks] for epicfight:revelation
[06Jun2026 05:46:26.357] [main/INFO] [epicfight/]: Data keys [epicfight:slam_protect_next_fall] for epicfight:demolition_leap
[06Jun2026 05:46:26.357] [main/INFO] [epicfight/]: Data keys [epicfight:jump_count, epicfight:jump_key_pressed_last_tick, epicfight:slam_protect_next_fall] for epicfight:phantom_ascent
[06Jun2026 05:46:26.358] [main/INFO] [epicfight/]: Data keys [epicfight:last_hit_count] for epicfight:grasping_spire
[06Jun2026 05:46:26.358] [main/INFO] [epicfight/]: Data keys [epicfight:sheath] for epicfight:battojutsu_passive
[06Jun2026 05:46:26.358] [main/INFO] [epicfight/]: Data keys [epicfight:sheath] for epicfight:battojutsu
[06Jun2026 05:46:26.358] [main/INFO] [epicfight/]: Data keys [epicfight:combo_counter] for epicfight:blade_rush
[06Jun2026 05:46:26.358] [main/INFO] [epicfight/]: Data keys [epicfight:thrown_trident_entity_id] for epicfight:everlasting_allegiance
[06Jun2026 05:46:26.358] [main/INFO] [epicfight/]: Data keys [wom:target_id] for wom:ender_obscuris
[06Jun2026 05:46:26.358] [main/INFO] [epicfight/]: Data keys [wom:timer_refresh, wom:dodge, wom:timer] for wom:dodge_master
[06Jun2026 05:46:26.358] [main/INFO] [epicfight/]: Data keys [wom:timer_refresh, wom:dodge, wom:registered_position, wom:registered_health, wom:cooldown, wom:active, wom:timer] for wom:time_travel
[06Jun2026 05:46:26.358] [main/INFO] [epicfight/]: Data keys [wom:cooldown] for wom:punishment_kick
[06Jun2026 05:46:26.358] [main/INFO] [epicfight/]: Data keys [wom:last_active, wom:parrying, wom:consumprion_value, epicfight:penalty_restore_counter, epicfight:penalty] for wom:counter_attack
[06Jun2026 05:46:26.358] [main/INFO] [epicfight/]: Data keys [wom:timer_refresh, wom:charge, wom:consumprion_value, wom:vengence_duration, wom:cooldown, wom:holding_stance, epicfight:penalty_restore_counter, epicfight:penalty, wom:timer] for wom:vengeful_parry
[06Jun2026 05:46:26.358] [main/INFO] [epicfight/]: Data keys [wom:parrying, wom:charge, wom:cooldown, epicfight:penalty_restore_counter, epicfight:penalty] for wom:perfect_bulwark
[06Jun2026 05:46:26.358] [main/INFO] [epicfight/]: Data keys [wom:charge, wom:cycle] for wom:soul_protection
[06Jun2026 05:46:26.358] [main/INFO] [epicfight/]: Data keys [wom:charge, wom:cycle] for wom:shulker_cloak
[06Jun2026 05:46:26.358] [main/INFO] [epicfight/]: Data keys [wom:active, epicfight:penalty_restore_counter, epicfight:penalty, wom:timer] for wom:buster_parade
[06Jun2026 05:46:26.358] [main/INFO] [epicfight/]: Data keys [wom:timer_refresh, wom:duree, wom:active, wom:timer] for wom:pain_anticipation
[06Jun2026 05:46:26.358] [main/INFO] [epicfight/]: Data keys [wom:timer_refresh, wom:duree, wom:active, wom:timer] for wom:latent_retribution
[06Jun2026 05:46:26.358] [main/INFO] [epicfight/]: Data keys [wom:rate, wom:power] for wom:critical_knowledge
[06Jun2026 05:46:26.359] [main/INFO] [epicfight/]: Data keys [wom:recovery_rate, wom:max_shield, wom:cooldown] for wom:heart_shield
[06Jun2026 05:46:26.359] [main/INFO] [epicfight/]: Data keys [wom:step, wom:melody_index, wom:saved_elapsed_time] for wom:dancing_blade
[06Jun2026 05:46:26.359] [main/INFO] [epicfight/]: Data keys [wom:timer_refresh, wom:cycle, wom:duree, wom:stage, wom:active, wom:timer] for wom:meditation
[06Jun2026 05:46:26.359] [main/INFO] [epicfight/]: Data keys [wom:cooldown] for wom:dopamine
[06Jun2026 05:46:26.359] [main/INFO] [epicfight/]: Data keys [wom:last_active] for wom:manipulator
[06Jun2026 05:46:26.359] [main/INFO] [epicfight/]: Data keys [wom:rate, wom:stack, wom:power, wom:timer] for wom:lethal_focus
[06Jun2026 05:46:26.359] [main/INFO] [epicfight/]: Data keys [wom:angle, wom:timer_refresh, wom:jump_key_up, wom:wall_running, wom:wall_glide, wom:timer] for wom:spider_techniques
[06Jun2026 05:46:26.359] [main/INFO] [epicfight/]: Data keys [wom:crawling, wom:jump_key_up, wom:mermaid_movement, wom:consumprion_value, wom:cooldown, wom:water_dashing, wom:diving] for wom:aqua_maneuvre
[06Jun2026 05:46:26.359] [main/INFO] [epicfight/]: Data keys [wom:consumprion_value, wom:stage, wom:buffing, wom:wall_running, wom:wall_glide, wom:active, wom:timer, wom:verso] for wom:natural_sprinter
[06Jun2026 05:46:26.359] [main/INFO] [epicfight/]: Data keys [wom:timer] for wom:lunatic_vivacity
[06Jun2026 05:46:26.359] [main/INFO] [epicfight/]: Data keys [wom:consumprion_value, wom:registered_health, wom:timer] for wom:voodoo_magic
[06Jun2026 05:46:26.359] [main/INFO] [epicfight/]: Data keys [wom:target_distance, wom:target_id] for wom:back_and_forth
[06Jun2026 05:46:26.359] [main/INFO] [epicfight/]: Data keys [wom:combo, wom:cooldown] for wom:shooting_style
[06Jun2026 05:46:26.359] [main/INFO] [epicfight/]: Data keys [wom:active, wom:timer] for wom:proximity_exploiter
[06Jun2026 05:46:26.359] [main/INFO] [epicfight/]: Data keys [wom:stack, wom:timer] for wom:all_eyes_on_you
[06Jun2026 05:46:26.359] [main/INFO] [epicfight/]: Data keys [wom:stack, wom:timer] for wom:all_eyes_on_me
[06Jun2026 05:46:26.359] [main/INFO] [epicfight/]: Data keys [wom:cooldown, wom:timer] for wom:avatar_of_might
[06Jun2026 05:46:26.359] [main/INFO] [epicfight/]: Data keys [wom:attacks, wom:stack, wom:active] for wom:agony_plunge
[06Jun2026 05:46:26.359] [main/INFO] [epicfight/]: Data keys [wom:timer_refresh, wom:charged, wom:movespeed, wom:charging_time, wom:saved_charge, wom:charging, wom:active, wom:timer, wom:charged_attack] for wom:torment_passive
[06Jun2026 05:46:26.360] [main/INFO] [epicfight/]: Data keys [wom:timer_refresh, wom:active, wom:timer] for wom:true_berserk
[06Jun2026 05:46:26.360] [main/INFO] [epicfight/]: Data keys [wom:stack] for wom:herrscher_passive
[06Jun2026 05:46:26.360] [main/INFO] [epicfight/]: Data keys [wom:strenght, wom:timer_refresh, wom:expiation, wom:buffed, wom:buffing, wom:redemptioon, wom:timer, wom:verso] for wom:plunder_perdition
[06Jun2026 05:46:26.360] [main/INFO] [epicfight/]: Data keys [wom:sheath] for wom:satsujin_passive
[06Jun2026 05:46:26.360] [main/INFO] [epicfight/]: Data keys [wom:timer_refresh, wom:attacks, wom:stack, wom:timedslash, wom:damage, wom:saved_charge, wom:frequency, wom:charging, wom:active, wom:charge, wom:cooldown, wom:holding_stance, wom:second_draw, wom:timer] for wom:sakura_state
[06Jun2026 05:46:26.360] [main/INFO] [epicfight/]: Data keys [wom:zoom, wom:shoot, wom:using_item, wom:nofalldamage, wom:combo, wom:cooldown, wom:reload_cooldown] for wom:ender_blast
[06Jun2026 05:46:26.360] [main/INFO] [epicfight/]: Data keys [wom:zoom, wom:shoot, wom:side, wom:using_item, wom:nofalldamage, wom:combo, wom:cooldown, wom:reload_cooldown] for wom:ender_fusion
[06Jun2026 05:46:26.360] [main/INFO] [epicfight/]: Data keys [wom:parrying, wom:gesetz_sprengkopf, wom:charged, wom:combo, wom:guard_point, wom:cooldown, wom:holding_stance, wom:charging_time, wom:guard_point_result] for wom:regierung
[06Jun2026 05:46:26.360] [main/INFO] [epicfight/]: Data keys [wom:lunar_eclipse_stack, wom:timer_refresh, wom:echo, wom:crescent, wom:timer] for wom:lunar_eclipse
[06Jun2026 05:46:26.360] [main/INFO] [epicfight/]: Data keys [wom:idle, wom:verso] for wom:lunar_echo_passive
[06Jun2026 05:46:26.360] [main/INFO] [epicfight/]: Data keys [wom:darkness_target_hited, wom:timer_refresh, wom:ascending, wom:blackhole_timer, wom:shoot, wom:darkness_target, wom:blackhole_active, wom:darkness_portal_timer, wom:serius_focus_cooldown, wom:darkness_portal_angle, wom:active, wom:blackhole, wom:darkness_target_vec, wom:zoom, wom:darkness_target_reaped, wom:darkness_activate_portal, wom:zoom_cooldown, wom:serius_focus, wom:blackhole_vec, wom:darkness_portal_vec, wom:witheraftereffect, wom:witherccatharsis, wom:shoot_cooldown, wom:timer] for wom:demonic_ascension
[06Jun2026 05:46:26.360] [main/INFO] [epicfight/]: Data keys [wom:withercurse, wom:basic_attack, wom:idle, wom:catharsis, wom:lapse, wom:blink, wom:particle] for wom:demon_mark_passive
[06Jun2026 05:46:26.360] [main/INFO] [epicfight/]: Data keys [wom:timed_attack, wom:timer_refresh, wom:solar_obscuridad, wom:solar_crematorio, wom:charging, wom:particle, wom:solar_infernio, wom:charge, wom:cycle, wom:solar_obscuridad_ta_timer, wom:heating_speed, wom:heat_level, wom:stored_heat_level, wom:timer] for wom:solar_arcano
[06Jun2026 05:46:26.360] [main/INFO] [epicfight/]: Data keys [wom:timed_attack, wom:timer_refresh, wom:solar_obscuridad, wom:solar_crematorio, wom:charging, wom:particle, wom:solar_infernio, wom:charge, wom:cycle, wom:solar_obscuridad_ta_timer, wom:heating_speed, wom:heat_level, wom:stored_heat_level, wom:timer] for wom:solar_passive
[06Jun2026 05:46:26.360] [main/INFO] [epicfight/]: Data keys [wom:serius_focus, wom:serius_focus_cooldown] for wom:rechargement
[06Jun2026 05:46:26.360] [main/INFO] [epicfight/]: Data keys [wom:shell_delay, wom:bullet_loaded_old, wom:shell_anim, wom:shell_number, wom:bullet_loaded, wom:super_reload, wom:active, wom:bullet_overloaded] for wom:napoleon_passive
[06Jun2026 05:46:26.361] [main/INFO] [epicfight/]: Data keys [dodge_parry_reward:delay_timer] for dodge_parry_reward:health_boost1
[06Jun2026 05:46:26.361] [main/INFO] [epicfight/]: Data keys [dodge_parry_reward:delay_timer] for dodge_parry_reward:health_boost2
[06Jun2026 05:46:26.361] [main/INFO] [epicfight/]: Data keys [dodge_parry_reward:delay_timer] for dodge_parry_reward:health_boost3
[06Jun2026 05:46:26.361] [main/INFO] [epicfight/]: Data keys [dodge_parry_reward:delay_timer] for dodge_parry_reward:health_boost4
[06Jun2026 05:46:26.361] [main/INFO] [epicfight/]: Data keys [dodge_parry_reward:delay_timer] for dodge_parry_reward:absorb1
[06Jun2026 05:46:26.361] [main/INFO] [epicfight/]: Data keys [dodge_parry_reward:delay_timer] for dodge_parry_reward:absorb2
[06Jun2026 05:46:26.361] [main/INFO] [epicfight/]: Data keys [dodge_parry_reward:delay_timer] for dodge_parry_reward:absorb3
[06Jun2026 05:46:26.361] [main/INFO] [epicfight/]: Data keys [dodge_parry_reward:delay_timer] for dodge_parry_reward:absorb4
[06Jun2026 05:46:26.361] [main/INFO] [epicfight/]: Data keys [dodge_parry_reward:delay_timer] for dodge_parry_reward:heal1
[06Jun2026 05:46:26.361] [main/INFO] [epicfight/]: Data keys [dodge_parry_reward:delay_timer] for dodge_parry_reward:heal2
[06Jun2026 05:46:26.361] [main/INFO] [epicfight/]: Data keys [dodge_parry_reward:delay_timer] for dodge_parry_reward:heal3
[06Jun2026 05:46:26.361] [main/INFO] [epicfight/]: Data keys [dodge_parry_reward:delay_timer] for dodge_parry_reward:heal4
[06Jun2026 05:46:26.361] [main/INFO] [epicfight/]: Data keys [dodge_parry_reward:delay_timer] for dodge_parry_reward:resist1
[06Jun2026 05:46:26.361] [main/INFO] [epicfight/]: Data keys [dodge_parry_reward:delay_timer] for dodge_parry_reward:resist2
[06Jun2026 05:46:26.361] [main/INFO] [epicfight/]: Data keys [dodge_parry_reward:delay_timer] for dodge_parry_reward:resist3
[06Jun2026 05:46:26.361] [main/INFO] [epicfight/]: Data keys [dodge_parry_reward:delay_timer] for dodge_parry_reward:resist4
[06Jun2026 05:46:26.361] [main/INFO] [epicfight/]: Data keys [dodge_parry_reward:delay_timer] for dodge_parry_reward:stun_imm1
[06Jun2026 05:46:26.362] [main/INFO] [epicfight/]: Data keys [dodge_parry_reward:delay_timer] for dodge_parry_reward:stun_imm2
[06Jun2026 05:46:26.362] [main/INFO] [epicfight/]: Data keys [dodge_parry_reward:delay_timer] for dodge_parry_reward:stun_imm3
[06Jun2026 05:46:26.362] [main/INFO] [epicfight/]: Data keys [dodge_parry_reward:delay_timer] for dodge_parry_reward:stun_imm4
[06Jun2026 05:46:26.362] [main/INFO] [epicfight/]: Data keys [dodge_parry_reward:delay_timer] for dodge_parry_reward:damage_boost1
[06Jun2026 05:46:26.362] [main/INFO] [epicfight/]: Data keys [dodge_parry_reward:delay_timer] for dodge_parry_reward:damage_boost2
[06Jun2026 05:46:26.362] [main/INFO] [epicfight/]: Data keys [dodge_parry_reward:delay_timer] for dodge_parry_reward:damage_boost3
[06Jun2026 05:46:26.362] [main/INFO] [epicfight/]: Data keys [dodge_parry_reward:delay_timer] for dodge_parry_reward:damage_boost4
[06Jun2026 05:46:26.362] [main/INFO] [epicfight/]: Data keys [dodge_parry_reward:delay_timer] for dodge_parry_reward:speed1
[06Jun2026 05:46:26.362] [main/INFO] [epicfight/]: Data keys [dodge_parry_reward:delay_timer] for dodge_parry_reward:speed2
[06Jun2026 05:46:26.362] [main/INFO] [epicfight/]: Data keys [dodge_parry_reward:delay_timer] for dodge_parry_reward:speed3
[06Jun2026 05:46:26.362] [main/INFO] [epicfight/]: Data keys [dodge_parry_reward:delay_timer] for dodge_parry_reward:speed4
[06Jun2026 05:46:26.362] [main/INFO] [epicfight/]: Data keys [dodge_parry_reward:delay_timer] for dodge_parry_reward:stamina1
[06Jun2026 05:46:26.362] [main/INFO] [epicfight/]: Data keys [dodge_parry_reward:delay_timer] for dodge_parry_reward:stamina2
[06Jun2026 05:46:26.362] [main/INFO] [epicfight/]: Data keys [dodge_parry_reward:delay_timer] for dodge_parry_reward:stamina3
[06Jun2026 05:46:26.362] [main/INFO] [epicfight/]: Data keys [dodge_parry_reward:delay_timer] for dodge_parry_reward:stamina4
[06Jun2026 05:46:26.362] [main/INFO] [epicfight/]: Data keys [epicfightx:dodge_attacking] for epicfightx:roll
[06Jun2026 05:46:26.362] [main/INFO] [epicfight/]: Data keys [epicfightx:dodge_attacking] for epicfightx:step
[06Jun2026 05:46:26.362] [main/INFO] [epicfight/]: Data keys [epicfightx:is_special_animation, epicfightx:counter_available, epicfightx:dodge_start_time] for epicfightx:combat_mastery_i
[06Jun2026 05:46:26.362] [main/INFO] [epicfight/]: Data keys [epicfightx:sprint_available, epicfightx:dodge_start_time, epicfightx:sprint_active] for epicfightx:combat_mastery_ii
[06Jun2026 05:46:26.362] [main/INFO] [epicfight/]: Data keys [epicfightx:cooldown] for epicfightx:pickaxe_skill
[06Jun2026 05:46:26.362] [main/INFO] [epicfight/]: Data keys [epicfightx:great_tachi_marked_entities] for epicfightx:otachi_skill
[06Jun2026 05:46:26.362] [main/INFO] [epicfight/]: Data keys [epicfightx:attack_count, epicfightx:sheath_form, epicfightx:attack_count_snapshot] for epicfightx:katana_skill
[06Jun2026 05:46:26.362] [main/INFO] [epicfight/]: Data keys [epicfightx:sheath, epicfightx:sheath_killed] for epicfightx:battojutsu_passive
[06Jun2026 05:46:26.363] [main/INFO] [epicfight/]: Data keys [epicfightx:sheath] for epicfightx:battojutsu
[06Jun2026 05:46:26.363] [main/INFO] [epicfight/]: Data keys [invincible:dodge_success_timer, invincible:up, invincible:left, invincible:parry_timer, invincible:right, invincible:cooldown, invincible:down] for invincible:combo_demo
[06Jun2026 05:46:26.363] [main/INFO] [epicfight/]: Data keys [sword_soaring:sword_entity_id, sword_soaring:cooldown_timer] for sword_soaring:kill_aura_1
[06Jun2026 05:46:26.363] [main/INFO] [epicfight/]: Data keys [sword_soaring:sword_entity_id, sword_soaring:cooldown_timer] for sword_soaring:kill_aura_2
[06Jun2026 05:46:26.363] [main/INFO] [epicfight/]: Data keys [sword_soaring:protect_count, sword_soaring:sword_entity_id, sword_soaring:cooldown_timer] for sword_soaring:screen_sword
[06Jun2026 05:46:26.363] [main/INFO] [epicfight/]: Data keys [sword_soaring:delay_timer, sword_soaring:cooldown_timer, sword_soaring:play_big_dipper] for sword_soaring:rain_sword
[06Jun2026 05:46:26.363] [main/INFO] [epicfight/]: Data keys [sword_soaring:camera_timer, sword_soaring:cooldown_timer] for sword_soaring:babylon
[06Jun2026 05:46:26.363] [main/INFO] [epicfight/]: Data keys [sword_soaring:cooldown_timer, sword_soaring:is_charging, sword_soaring:is_pressing] for sword_soaring:wan_jian_gui_zong
[06Jun2026 05:46:26.363] [main/INFO] [epicfight/]: Data keys [sword_soaring:flying, sword_soaring:accelerating, sword_soaring:cooldown_timer] for sword_soaring:sword_soaring_apprentice
[06Jun2026 05:46:26.363] [main/INFO] [epicfight/]: Data keys [sword_soaring:flying, sword_soaring:accelerating, sword_soaring:cooldown_timer] for sword_soaring:sword_soaring_expert
[06Jun2026 05:46:26.363] [main/INFO] [epicfight/]: Data keys [sword_soaring:flying, sword_soaring:accelerating, sword_soaring:cooldown_timer] for sword_soaring:sword_soaring_master
[06Jun2026 05:46:26.363] [main/INFO] [epicfight/]: Data keys [sword_soaring:flying, sword_soaring:accelerating, sword_soaring:cooldown_timer] for sword_soaring:sword_soaring_elytra_apprentice
[06Jun2026 05:46:26.363] [main/INFO] [epicfight/]: Data keys [sword_soaring:flying, sword_soaring:accelerating, sword_soaring:cooldown_timer] for sword_soaring:sword_soaring_elytra_expert
[06Jun2026 05:46:26.363] [main/INFO] [epicfight/]: Data keys [sword_soaring:flying, sword_soaring:accelerating, sword_soaring:cooldown_timer] for sword_soaring:sword_soaring_elytra_master
[06Jun2026 05:46:26.363] [main/INFO] [epicfight/]: Data keys [invincible:dodge_success_timer, invincible:up, invincible:left, invincible:parry_timer, invincible:right, invincible:cooldown, invincible:down] for sword_soaring:vatansever_innate
[06Jun2026 05:46:26.363] [main/INFO] [epicfight/]: Data keys [sword_soaring:sword_count, sword_soaring:artifact_spirit_entity_id] for sword_soaring:vatansever_passive
[06Jun2026 05:46:26.363] [main/INFO] [epicfight/]: Data keys [efn:scythe_blood_power, efn:scythe_sheath] for efn:scythe_skill
[06Jun2026 05:46:26.363] [main/INFO] [epicfight/]: Data keys [efn:thornwheel_loop, efn:press_innate, efn:thornwheel_loop_available] for efn:thornwheel
[06Jun2026 05:46:26.363] [main/INFO] [epicfight/]: Data keys [efn:jump_key_pressed_last_tick, efn:jump_count, efn:murasama_forward_dodge] for efn:murasama_dodge
[06Jun2026 05:46:26.363] [main/INFO] [epicfight/]: Data keys [efn:current_puncture_chance, efn:puncture_increment, efn:base_puncture_chance, efn:max_puncture_chance] for efn:parry_master
[06Jun2026 05:46:26.363] [main/INFO] [epicfight/]: Data keys [efn:defense_start_tick, efn:buff_active, efn:buff_end_tick] for efn:precise_parry
[06Jun2026 05:46:26.364] [main/INFO] [epicfight/]: Data keys [efn:cooldown, efn:cooldown_1, efn:cooldown_2] for efn:judgementcutend
[06Jun2026 05:46:26.364] [main/INFO] [epicfight/]: Data keys [efn:cooldown, efn:cooldown_1, efn:cooldown_2] for efn:stomp
[06Jun2026 05:46:26.364] [main/INFO] [epicfight/]: Data keys [efn:murasama_key_right_down, efn:murasama_zandatsu_available, efn:murasama_zansetsu_attack_counter, efn:murasama_zandatsu_start_time, efn:murasama_last_triggered_sector, efn:murasama_left_mouse_pressed, efn:murasama_zansetsu_start_time, efn:murasama_zansetsu_end_time, efn:murasama_zansetsu_input_mode, efn:murasama_zandatsu_end_time, efn:arts_key, efn:murasama_key_left_down, efn:murasama_input_mode_switch_pressed, efn:murasama_pair_flag, efn:murasama_zansetsu_sector, efn:arts_key_pressed, efn:murasama_zansetsu_timer, efn:murasama_zansetsu_active, efn:murasama_zansetsu_slash_release, efn:murasama_opposite_triggered] for efn:zansetsu
[06Jun2026 05:46:26.364] [main/INFO] [epicfight/]: Data keys [efn:cooldown, efn:cooldown_1, efn:cooldown_2] for efn:execution
[06Jun2026 05:46:26.364] [main/INFO] [epicfight/]: Data keys [efn:efn_shake_penalty_count, efn:efn_parry_motion_counter, efn:efn_shake_detected, efn:efn_last_active, efn:efn_last_successful_defense_tick, efn:efn_last_guard_start_tick, efn:efn_starting_parry, efn:efn_delay_protection_end, efn:efn_last_parry_time, epicfight:penalty_restore_counter, epicfight:penalty, efn:efn_first_shake] for efn:efn_parry
[06Jun2026 05:46:26.364] [main/INFO] [epicfight/]: Data keys [efn:efn_shake_penalty_count, efn:efn_parry_motion_counter, efn:efn_shake_detected, efn:efn_last_active, efn:efn_last_successful_defense_tick, efn:efn_last_guard_start_tick, efn:efn_starting_parry, efn:efn_delay_protection_end, efn:efn_last_parry_time, epicfight:penalty_restore_counter, epicfight:penalty, efn:efn_first_shake] for efn:murasama_parry
[06Jun2026 05:46:26.364] [main/INFO] [epicfight/]: Data keys [efn:arts_key, efn:cooldown, efn:cooldown_1, efn:sekiro_art_index, efn:arts_key_pressed, efn:cooldown_2, efn:arts_input_buffer] for efn:mortal_blade
[06Jun2026 05:46:26.364] [main/INFO] [epicfight/]: Data keys [efn:pressing_key3, efn:pressing_innate, efn:was_long_pressed, efn:press_summon_sword, invincible:right, invincible:down, efn:innate_press_timer, efn:doppelganger_style, efn:energy_check, efn:key4_press_timer, efn:charge_message, efn:pressing_key2, efn:key3_press_timer, efn:press_doppelganger, efn:up_key, efn:force_release, efn:down_key, efn:guard_key, efn:charge_power, invincible:dodge_success_timer, invincible:up, efn:combo_counter, efn:cooldown_2, efn:charge_ticks, efn:pressing_key4, invincible:left, efn:demon_key, efn:jump_key, invincible:parry_timer, efn:full_charge_message, efn:press_innate, efn:press_key1, efn:pressing_key1, efn:charge_stage, efn:key2_press_timer, efn:doppelganger_delay, efn:sneak_key, efn:arts_key_pressed, efn:angel_key, efn:doppelganger_tick, efn:press_key2, efn:cooldown, efn:press_key3, efn:key1_press_timer, invincible:cooldown, efn:sprint_key, efn:arts_key, efn:cooldown_1, efn:is_pressing, efn:have_doppelganger, efn:is_charging, efn:press_key4] for efn:yamato
[06Jun2026 05:46:26.364] [main/INFO] [epicfight/]: Data keys [efn:doppelganger_style, efn:parry_cooldown, efn:stun_cooldown, efn:doppelganger_delay, efn:have_doppelganger, efn:doppelganger_tick] for efn:yamato_passive
[06Jun2026 05:46:26.364] [main/INFO] [epicfight/]: Data keys [efn:pressing_key3, efn:pressing_innate, efn:was_long_pressed, efn:press_summon_sword, invincible:right, invincible:down, efn:innate_press_timer, efn:energy_check, efn:key4_press_timer, efn:damage_history, efn:charge_message, efn:pressing_key2, efn:key3_press_timer, efn:up_key, efn:force_release, efn:down_key, efn:guard_key, efn:charge_power, invincible:dodge_success_timer, invincible:up, efn:combo_counter, efn:cooldown_2, efn:charge_ticks, efn:pressing_key4, invincible:left, efn:demon_key, efn:jump_key, invincible:parry_timer, efn:full_charge_message, efn:press_innate, efn:press_key1, efn:pressing_key1, efn:charge_stage, efn:key2_press_timer, efn:sneak_key, efn:arts_key_pressed, efn:is_replay_damage, efn:angel_key, efn:press_key2, efn:cooldown, efn:press_key3, efn:key1_press_timer, invincible:cooldown, efn:sprint_key, efn:arts_key, efn:cooldown_1, efn:is_pressing, efn:is_charging, efn:press_key4, efn:replay_enhanced] for efn:shortsword
[06Jun2026 05:46:26.364] [main/INFO] [epicfight/]: Data keys [efn:pressing_key3, efn:pressing_key4, efn:pressing_innate, efn:was_long_pressed, invincible:left, efn:demon_key, efn:jump_key, invincible:parry_timer, efn:full_charge_message, efn:press_summon_sword, efn:press_innate, invincible:right, efn:press_key1, invincible:down, efn:innate_press_timer, efn:pressing_key1, efn:charge_stage, efn:key2_press_timer, efn:energy_check, efn:key4_press_timer, efn:sneak_key, efn:charge_message, efn:pressing_key2, efn:key3_press_timer, efn:arts_key_pressed, efn:angel_key, efn:press_key2, efn:cooldown, efn:up_key, efn:press_key3, efn:key1_press_timer, efn:force_release, efn:down_key, efn:guard_key, invincible:cooldown, efn:charge_power, efn:sprint_key, invincible:dodge_success_timer, efn:arts_key, invincible:up, efn:cooldown_1, efn:is_pressing, efn:combo_counter, efn:cooldown_2, efn:is_charging, efn:charge_ticks, efn:press_key4] for efn:ruinsgreatsword
[06Jun2026 05:46:26.364] [main/INFO] [epicfight/]: Data keys [efn:pressing_key3, efn:pressing_key4, efn:pressing_innate, efn:was_long_pressed, invincible:left, efn:demon_key, efn:jump_key, invincible:parry_timer, efn:full_charge_message, efn:press_summon_sword, efn:press_innate, invincible:right, efn:press_key1, invincible:down, efn:innate_press_timer, efn:pressing_key1, efn:charge_stage, efn:key2_press_timer, efn:energy_check, efn:key4_press_timer, efn:sneak_key, efn:charge_message, efn:pressing_key2, efn:key3_press_timer, efn:arts_key_pressed, efn:angel_key, efn:press_key2, efn:cooldown, efn:up_key, efn:press_key3, efn:key1_press_timer, efn:force_release, efn:down_key, efn:guard_key, invincible:cooldown, efn:charge_power, efn:sprint_key, invincible:dodge_success_timer, efn:arts_key, invincible:up, efn:cooldown_1, efn:is_pressing, efn:combo_counter, efn:cooldown_2, efn:is_charging, efn:charge_ticks, efn:press_key4] for efn:pioneer
[06Jun2026 05:46:26.364] [main/INFO] [epicfight/]: Data keys [efn:pressing_key3, efn:murasama_sheath_timer, efn:pressing_innate, efn:was_long_pressed, efn:press_summon_sword, efn:manual_unsheath, invincible:right, efn:murasama_zandatsu_end_time, invincible:down, efn:innate_press_timer, efn:energy_check, efn:key4_press_timer, efn:murasama_zansetsu_sector, efn:charge_message, efn:pressing_key2, efn:key3_press_timer, efn:murasama_zansetsu_attack_counter, efn:up_key, efn:murasama_zansetsu_start_time, efn:force_release, efn:down_key, efn:murasama_zansetsu_input_mode, efn:guard_key, efn:charge_power, invincible:dodge_success_timer, invincible:up, efn:murasama_key_left_down, efn:murasama_input_mode_switch_pressed, efn:combo_counter, efn:cooldown_2, efn:murasama_zansetsu_timer, efn:murasama_zansetsu_active, efn:charge_ticks, efn:murasama_opposite_triggered, efn:murasama_key_right_down, efn:murasama_zandatsu_available, efn:sprint_sheath_timer, efn:pressing_key4, efn:murasama_last_triggered_sector, invincible:left, efn:murasama_left_mouse_pressed, efn:murasama_zansetsu_end_time, efn:demon_key, efn:jump_key, invincible:parry_timer, efn:full_charge_message, efn:press_innate, efn:murasama_forward_dodge, efn:press_key1, efn:pressing_key1, efn:charge_stage, efn:key2_press_timer, efn:sneak_key, efn:arts_key_pressed, efn:murasama_air_borne, efn:murasama_zansetsu_slash_release, efn:angel_key, efn:murasama_zandatsu_start_time, efn:press_key2, efn:cooldown, efn:press_key3, efn:key1_press_timer, invincible:cooldown, efn:sprint_key, efn:murasama_sheath, efn:arts_key, efn:cooldown_1, efn:murasama_pair_flag, efn:is_pressing, efn:is_charging, efn:press_key4] for efn:murasama
[06Jun2026 05:46:26.365] [main/INFO] [epicfight/]: Data keys [efn:murasama_key_right_down, efn:murasama_zandatsu_available, efn:sprint_sheath_timer, efn:jump_key_pressed_last_tick, efn:murasama_sheath_timer, efn:murasama_last_triggered_sector, efn:murasama_left_mouse_pressed, efn:forward_pressed_last_tick, efn:murasama_zansetsu_end_time, efn:backward_pressed_last_tick, efn:manual_unsheath, efn:murasama_forward_dodge, efn:murasama_zandatsu_end_time, efn:jump_count, efn:murasama_zansetsu_sector, efn:murasama_zansetsu_slash_release, efn:was_double_tap_sprint, efn:murasama_zansetsu_attack_counter, efn:murasama_zandatsu_start_time, efn:double_tap_timer, efn:murasama_zansetsu_start_time, efn:up_key_pressed_last_tick, efn:forward_backward_success, efn:forward_backward_end_tick, efn:forward_backward_timer, efn:murasama_zansetsu_input_mode, efn:murasama_sheath, efn:murasama_key_left_down, efn:murasama_input_mode_switch_pressed, efn:murasama_pair_flag, efn:forward_backward_window_active, efn:is_double_tap_sprint, efn:forward_backward_remaining_ticks, efn:murasama_zansetsu_timer, efn:murasama_zansetsu_active, efn:murasama_opposite_triggered] for efn:murasama_passive
[06Jun2026 05:46:26.365] [main/INFO] [epicfight/]: Data keys [efn:pressing_key3, efn:pressing_key4, efn:pressing_innate, efn:was_long_pressed, invincible:left, efn:demon_key, efn:jump_key, invincible:parry_timer, efn:full_charge_message, efn:press_summon_sword, efn:press_innate, invincible:right, efn:press_key1, invincible:down, efn:innate_press_timer, efn:pressing_key1, efn:charge_stage, efn:key2_press_timer, efn:energy_check, efn:key4_press_timer, efn:sneak_key, efn:charge_message, efn:pressing_key2, efn:key3_press_timer, efn:arts_key_pressed, efn:angel_key, efn:press_key2, efn:cooldown, efn:up_key, efn:press_key3, efn:key1_press_timer, efn:force_release, efn:down_key, efn:guard_key, invincible:cooldown, efn:charge_power, efn:sprint_key, invincible:dodge_success_timer, efn:arts_key, invincible:up, efn:cooldown_1, efn:is_pressing, efn:combo_counter, efn:cooldown_2, efn:is_charging, efn:charge_ticks, efn:press_key4] for efn:meenlance
[06Jun2026 05:46:26.365] [main/INFO] [epicfight/]: Data keys [efn:pressing_key3, efn:pressing_key4, efn:pressing_innate, efn:was_long_pressed, invincible:left, efn:demon_key, efn:jump_key, invincible:parry_timer, efn:full_charge_message, efn:press_summon_sword, efn:press_innate, invincible:right, efn:press_key1, invincible:down, efn:innate_press_timer, efn:pressing_key1, efn:charge_stage, efn:key2_press_timer, efn:energy_check, efn:key4_press_timer, efn:sneak_key, efn:charge_message, efn:pressing_key2, efn:key3_press_timer, efn:arts_key_pressed, efn:angel_key, efn:press_key2, efn:cooldown, efn:up_key, efn:press_key3, efn:key1_press_timer, efn:force_release, efn:down_key, efn:guard_key, invincible:cooldown, efn:charge_power, efn:sprint_key, invincible:dodge_success_timer, efn:arts_key, invincible:up, efn:cooldown_1, efn:is_pressing, efn:combo_counter, efn:cooldown_2, efn:is_charging, efn:charge_ticks, efn:press_key4] for efn:kusabimaru
[06Jun2026 05:46:26.365] [main/INFO] [epicfight/]: Data keys [efn:pressing_key3, efn:murasama_sheath_timer, efn:pressing_innate, efn:was_long_pressed, efn:press_summon_sword, efn:manual_unsheath, invincible:right, efn:murasama_zandatsu_end_time, invincible:down, efn:innate_press_timer, efn:energy_check, efn:key4_press_timer, efn:murasama_zansetsu_sector, efn:charge_message, efn:pressing_key2, efn:key3_press_timer, efn:murasama_zansetsu_attack_counter, efn:up_key, efn:murasama_zansetsu_start_time, efn:force_release, efn:down_key, efn:murasama_zansetsu_input_mode, efn:guard_key, efn:charge_power, invincible:dodge_success_timer, invincible:up, efn:murasama_key_left_down, efn:murasama_input_mode_switch_pressed, efn:combo_counter, efn:cooldown_2, efn:murasama_zansetsu_timer, efn:murasama_zansetsu_active, efn:charge_ticks, efn:murasama_opposite_triggered, efn:murasama_key_right_down, efn:murasama_zandatsu_available, efn:sprint_sheath_timer, efn:pressing_key4, efn:murasama_last_triggered_sector, invincible:left, efn:murasama_left_mouse_pressed, efn:murasama_zansetsu_end_time, efn:demon_key, efn:jump_key, invincible:parry_timer, efn:full_charge_message, efn:press_innate, efn:murasama_forward_dodge, efn:press_key1, efn:pressing_key1, efn:charge_stage, efn:key2_press_timer, efn:sneak_key, efn:arts_key_pressed, efn:murasama_air_borne, efn:murasama_zansetsu_slash_release, efn:angel_key, efn:murasama_zandatsu_start_time, efn:press_key2, efn:cooldown, efn:press_key3, efn:key1_press_timer, invincible:cooldown, efn:sprint_key, efn:murasama_sheath, efn:arts_key, efn:cooldown_1, efn:murasama_pair_flag, efn:is_pressing, efn:is_charging, efn:press_key4] for efn:hf_blade
[06Jun2026 05:46:26.365] [main/INFO] [epicfight/]: Data keys [efn:murasama_key_right_down, efn:murasama_zandatsu_available, efn:sprint_sheath_timer, efn:jump_key_pressed_last_tick, efn:murasama_sheath_timer, efn:murasama_last_triggered_sector, efn:murasama_left_mouse_pressed, efn:forward_pressed_last_tick, efn:murasama_zansetsu_end_time, efn:backward_pressed_last_tick, efn:manual_unsheath, efn:murasama_forward_dodge, efn:murasama_zandatsu_end_time, efn:jump_count, efn:murasama_zansetsu_sector, efn:murasama_zansetsu_slash_release, efn:was_double_tap_sprint, efn:murasama_zansetsu_attack_counter, efn:murasama_zandatsu_start_time, efn:double_tap_timer, efn:murasama_zansetsu_start_time, efn:up_key_pressed_last_tick, efn:forward_backward_success, efn:forward_backward_end_tick, efn:forward_backward_timer, efn:murasama_zansetsu_input_mode, efn:murasama_sheath, efn:murasama_key_left_down, efn:murasama_input_mode_switch_pressed, efn:murasama_pair_flag, efn:forward_backward_window_active, efn:is_double_tap_sprint, efn:forward_backward_remaining_ticks, efn:murasama_zansetsu_timer, efn:murasama_zansetsu_active, efn:murasama_opposite_triggered] for efn:hf_blade_passive
[06Jun2026 05:46:26.365] [main/INFO] [epicfight/]: Data keys [efn:pressing_key3, efn:pressing_key4, efn:pressing_innate, efn:was_long_pressed, invincible:left, efn:demon_key, efn:jump_key, invincible:parry_timer, efn:full_charge_message, efn:press_summon_sword, efn:press_innate, invincible:right, efn:press_key1, invincible:down, efn:innate_press_timer, efn:pressing_key1, efn:charge_stage, efn:key2_press_timer, efn:energy_check, efn:key4_press_timer, efn:sneak_key, efn:charge_message, efn:pressing_key2, efn:key3_press_timer, efn:arts_key_pressed, efn:angel_key, efn:press_key2, efn:cooldown, efn:up_key, efn:press_key3, efn:key1_press_timer, efn:force_release, efn:down_key, efn:guard_key, invincible:cooldown, efn:charge_power, efn:sprint_key, invincible:dodge_success_timer, efn:arts_key, invincible:up, efn:cooldown_1, efn:is_pressing, efn:combo_counter, efn:cooldown_2, efn:is_charging, efn:charge_ticks, efn:press_key4] for efn:exsiliumgladius
[06Jun2026 05:46:26.365] [main/INFO] [epicfight/]: Data keys [invincible:dodge_success_timer, invincible:up, invincible:left, invincible:parry_timer, invincible:right, invincible:cooldown, invincible:down] for efn:examplecombo
[06Jun2026 05:46:26.365] [main/INFO] [epicfight/]: Data keys [efn:pressing_key3, efn:pressing_key4, efn:pressing_innate, efn:was_long_pressed, invincible:left, efn:demon_key, efn:jump_key, invincible:parry_timer, efn:full_charge_message, efn:press_summon_sword, efn:press_innate, invincible:right, efn:press_key1, invincible:down, efn:innate_press_timer, efn:pressing_key1, efn:charge_stage, efn:key2_press_timer, efn:energy_check, efn:key4_press_timer, efn:sneak_key, efn:charge_message, efn:pressing_key2, efn:key3_press_timer, efn:arts_key_pressed, efn:angel_key, efn:press_key2, efn:cooldown, efn:up_key, efn:press_key3, efn:key1_press_timer, efn:force_release, efn:down_key, efn:guard_key, invincible:cooldown, efn:charge_power, efn:sprint_key, invincible:dodge_success_timer, efn:arts_key, invincible:up, efn:cooldown_1, efn:is_pressing, efn:combo_counter, efn:cooldown_2, efn:is_charging, efn:charge_ticks, efn:press_key4] for efn:crescentmoon
[06Jun2026 05:46:26.365] [main/INFO] [epicfight/]: Data keys [efn:pressing_key3, efn:pressing_key4, efn:pressing_innate, efn:was_long_pressed, invincible:left, efn:demon_key, efn:jump_key, invincible:parry_timer, efn:full_charge_message, efn:press_summon_sword, efn:press_innate, invincible:right, efn:press_key1, invincible:down, efn:innate_press_timer, efn:pressing_key1, efn:charge_stage, efn:key2_press_timer, efn:energy_check, efn:key4_press_timer, efn:sneak_key, efn:charge_message, efn:pressing_key2, efn:key3_press_timer, efn:arts_key_pressed, efn:angel_key, efn:press_key2, efn:cooldown, efn:up_key, efn:press_key3, efn:key1_press_timer, efn:force_release, efn:down_key, efn:guard_key, invincible:cooldown, efn:charge_power, efn:sprint_key, invincible:dodge_success_timer, efn:arts_key, invincible:up, efn:cooldown_1, efn:is_pressing, efn:combo_counter, efn:cooldown_2, efn:is_charging, efn:charge_ticks, efn:press_key4] for efn:broadblade
[06Jun2026 05:46:26.365] [main/INFO] [epicfight/]: Data keys [efn:pressing_key3, efn:pressing_key4, efn:pressing_innate, efn:was_long_pressed, invincible:left, efn:demon_key, efn:jump_key, invincible:parry_timer, efn:full_charge_message, efn:press_summon_sword, efn:press_innate, invincible:right, efn:press_key1, invincible:down, efn:innate_press_timer, efn:pressing_key1, efn:charge_stage, efn:key2_press_timer, efn:energy_check, efn:key4_press_timer, efn:sneak_key, efn:charge_message, efn:pressing_key2, efn:key3_press_timer, efn:arts_key_pressed, efn:angel_key, efn:press_key2, efn:cooldown, efn:up_key, efn:press_key3, efn:key1_press_timer, efn:force_release, efn:down_key, efn:guard_key, invincible:cooldown, efn:charge_power, efn:sprint_key, invincible:dodge_success_timer, efn:arts_key, invincible:up, efn:cooldown_1, efn:is_pressing, efn:combo_counter, efn:cooldown_2, efn:is_charging, efn:charge_ticks, efn:press_key4] for efn:bloodlust
[06Jun2026 05:46:26.367] [main/INFO] [epicfight/]: Data keys [efn:pressing_key3, efn:pressing_key4, efn:pressing_innate, efn:was_long_pressed, invincible:left, efn:demon_key, efn:jump_key, invincible:parry_timer, efn:full_charge_message, efn:press_summon_sword, efn:press_innate, invincible:right, efn:press_key1, invincible:down, efn:innate_press_timer, efn:pressing_key1, efn:charge_stage, efn:key2_press_timer, efn:energy_check, efn:key4_press_timer, efn:sneak_key, efn:charge_message, efn:pressing_key2, efn:key3_press_timer, efn:arts_key_pressed, efn:angel_key, efn:press_key2, efn:cooldown, efn:up_key, efn:press_key3, efn:key1_press_timer, efn:force_release, efn:down_key, efn:guard_key, invincible:cooldown, efn:charge_power, efn:sprint_key, invincible:dodge_success_timer, efn:arts_key, invincible:up, efn:cooldown_1, efn:is_pressing, efn:combo_counter, efn:cooldown_2, efn:is_charging, efn:charge_ticks, efn:press_key4] for efn:beastclaw
[06Jun2026 05:46:26.367] [main/INFO] [epicfight/]: Data keys [efn:pressing_key3, efn:pressing_key4, efn:pressing_innate, efn:was_long_pressed, invincible:left, efn:demon_key, efn:jump_key, invincible:parry_timer, efn:full_charge_message, efn:press_summon_sword, efn:press_innate, invincible:right, efn:press_key1, invincible:down, efn:innate_press_timer, efn:pressing_key1, efn:charge_stage, efn:key2_press_timer, efn:energy_check, efn:key4_press_timer, efn:sneak_key, efn:charge_message, efn:pressing_key2, efn:key3_press_timer, efn:arts_key_pressed, efn:angel_key, efn:press_key2, efn:cooldown, efn:up_key, efn:press_key3, efn:key1_press_timer, efn:force_release, efn:down_key, efn:guard_key, invincible:cooldown, efn:charge_power, efn:sprint_key, invincible:dodge_success_timer, efn:arts_key, invincible:up, efn:cooldown_1, efn:is_pressing, efn:combo_counter, efn:cooldown_2, efn:is_charging, efn:charge_ticks, efn:press_key4] for efn:aetherialdusk
[06Jun2026 05:46:26.367] [main/INFO] [epicfight/]: Data keys [dodge_parry_reward:delay_timer] for tcrcore:regen_mana
[06Jun2026 05:46:26.692] [main/INFO] [com.mojang.authlib.yggdrasil.YggdrasilAuthenticationService/]: Environment: authHost='https://authserver.mojang.com', accountsHost='https://api.mojang.com', sessionHost='https://sessionserver.mojang.com', servicesHost='https://api.minecraftservices.com', name='PROD'
[06Jun2026 05:46:27.162] [main/INFO] [epicfight/]: Data keys [epicfight:combo_counter, epicfight:basic_attack_active] for epicfight:basic_attack
[06Jun2026 05:46:27.162] [main/INFO] [epicfight/]: Data keys [epicfight:penalty_restore_counter, epicfight:penalty] for epicfight:guard
[06Jun2026 05:46:27.162] [main/INFO] [epicfight/]: Data keys [epicfight:last_active, epicfight:parry_motion_counter, epicfight:penalty_restore_counter, epicfight:penalty] for epicfight:parrying
[06Jun2026 05:46:27.162] [main/INFO] [epicfight/]: Data keys [epicfight:penalty, epicfight:penalty_restore_counter] for epicfight:impact_guard
[06Jun2026 05:46:27.162] [main/INFO] [epicfight/]: Data keys [epicfight:stacks, epicfight:tick_record, epicfight:resisting_damage_type] for epicfight:adaptive_skin
[06Jun2026 05:46:27.162] [main/INFO] [epicfight/]: Data keys [epicfight:tick_record] for epicfight:adrenaline_fiend
[06Jun2026 05:46:27.162] [main/INFO] [epicfight/]: Data keys [epicfight:stacks, epicfight:entity_id] for epicfight:bonebreaker
[06Jun2026 05:46:27.162] [main/INFO] [epicfight/]: Data keys [epicfight:entity_id, epicfight:tick_record] for epicfight:vengeance
[06Jun2026 05:46:27.163] [main/INFO] [epicfight/]: Data keys [epicfight:fall_distance, epicfight:slam_protect_next_fall] for epicfight:meteor_slam
[06Jun2026 05:46:27.163] [main/INFO] [epicfight/]: Data keys [epicfight:stacks] for epicfight:revelation
[06Jun2026 05:46:27.163] [main/INFO] [epicfight/]: Data keys [epicfight:slam_protect_next_fall] for epicfight:demolition_leap
[06Jun2026 05:46:27.163] [main/INFO] [epicfight/]: Data keys [epicfight:jump_count, epicfight:jump_key_pressed_last_tick, epicfight:slam_protect_next_fall] for epicfight:phantom_ascent
[06Jun2026 05:46:27.163] [main/INFO] [epicfight/]: Data keys [epicfight:last_hit_count] for epicfight:grasping_spire
[06Jun2026 05:46:27.163] [main/INFO] [epicfight/]: Data keys [epicfight:sheath] for epicfight:battojutsu_passive
[06Jun2026 05:46:27.163] [main/INFO] [epicfight/]: Data keys [epicfight:sheath] for epicfight:battojutsu
[06Jun2026 05:46:27.163] [main/INFO] [epicfight/]: Data keys [epicfight:combo_counter] for epicfight:blade_rush
[06Jun2026 05:46:27.163] [main/INFO] [epicfight/]: Data keys [epicfight:thrown_trident_entity_id] for epicfight:everlasting_allegiance
[06Jun2026 05:46:27.163] [main/INFO] [epicfight/]: Data keys [wom:target_id] for wom:ender_obscuris
[06Jun2026 05:46:27.163] [main/INFO] [epicfight/]: Data keys [wom:timer_refresh, wom:dodge, wom:timer] for wom:dodge_master
[06Jun2026 05:46:27.163] [main/INFO] [epicfight/]: Data keys [wom:timer_refresh, wom:dodge, wom:registered_position, wom:registered_health, wom:cooldown, wom:active, wom:timer] for wom:time_travel
[06Jun2026 05:46:27.163] [main/INFO] [epicfight/]: Data keys [wom:cooldown] for wom:punishment_kick
[06Jun2026 05:46:27.164] [main/INFO] [epicfight/]: Data keys [wom:last_active, wom:parrying, wom:consumprion_value, epicfight:penalty_restore_counter, epicfight:penalty] for wom:counter_attack
[06Jun2026 05:46:27.164] [main/INFO] [epicfight/]: Data keys [wom:timer_refresh, wom:charge, wom:consumprion_value, wom:vengence_duration, wom:cooldown, wom:holding_stance, epicfight:penalty_restore_counter, epicfight:penalty, wom:timer] for wom:vengeful_parry
[06Jun2026 05:46:27.164] [main/INFO] [epicfight/]: Data keys [wom:parrying, wom:charge, wom:cooldown, epicfight:penalty_restore_counter, epicfight:penalty] for wom:perfect_bulwark
[06Jun2026 05:46:27.164] [main/INFO] [epicfight/]: Data keys [wom:charge, wom:cycle] for wom:soul_protection
[06Jun2026 05:46:27.164] [main/INFO] [epicfight/]: Data keys [wom:charge, wom:cycle] for wom:shulker_cloak
[06Jun2026 05:46:27.164] [main/INFO] [epicfight/]: Data keys [wom:active, epicfight:penalty_restore_counter, epicfight:penalty, wom:timer] for wom:buster_parade
[06Jun2026 05:46:27.164] [main/INFO] [epicfight/]: Data keys [wom:timer_refresh, wom:duree, wom:active, wom:timer] for wom:pain_anticipation
[06Jun2026 05:46:27.164] [main/INFO] [epicfight/]: Data keys [wom:timer_refresh, wom:duree, wom:active, wom:timer] for wom:latent_retribution
[06Jun2026 05:46:27.164] [main/INFO] [epicfight/]: Data keys [wom:rate, wom:power] for wom:critical_knowledge
[06Jun2026 05:46:27.164] [main/INFO] [epicfight/]: Data keys [wom:recovery_rate, wom:max_shield, wom:cooldown] for wom:heart_shield
[06Jun2026 05:46:27.164] [main/INFO] [epicfight/]: Data keys [wom:step, wom:melody_index, wom:saved_elapsed_time] for wom:dancing_blade
[06Jun2026 05:46:27.164] [main/INFO] [epicfight/]: Data keys [wom:timer_refresh, wom:cycle, wom:duree, wom:stage, wom:active, wom:timer] for wom:meditation
[06Jun2026 05:46:27.164] [main/INFO] [epicfight/]: Data keys [wom:cooldown] for wom:dopamine
[06Jun2026 05:46:27.164] [main/INFO] [epicfight/]: Data keys [wom:last_active] for wom:manipulator
[06Jun2026 05:46:27.164] [main/INFO] [epicfight/]: Data keys [wom:rate, wom:stack, wom:power, wom:timer] for wom:lethal_focus
[06Jun2026 05:46:27.164] [main/INFO] [epicfight/]: Data keys [wom:angle, wom:timer_refresh, wom:jump_key_up, wom:wall_running, wom:wall_glide, wom:timer] for wom:spider_techniques
[06Jun2026 05:46:27.164] [main/INFO] [epicfight/]: Data keys [wom:crawling, wom:jump_key_up, wom:mermaid_movement, wom:consumprion_value, wom:cooldown, wom:water_dashing, wom:diving] for wom:aqua_maneuvre
[06Jun2026 05:46:27.164] [main/INFO] [epicfight/]: Data keys [wom:consumprion_value, wom:stage, wom:buffing, wom:wall_running, wom:wall_glide, wom:active, wom:timer, wom:verso] for wom:natural_sprinter
[06Jun2026 05:46:27.164] [main/INFO] [epicfight/]: Data keys [wom:timer] for wom:lunatic_vivacity
[06Jun2026 05:46:27.164] [main/INFO] [epicfight/]: Data keys [wom:consumprion_value, wom:registered_health, wom:timer] for wom:voodoo_magic
[06Jun2026 05:46:27.165] [main/INFO] [epicfight/]: Data keys [wom:target_distance, wom:target_id] for wom:back_and_forth
[06Jun2026 05:46:27.165] [main/INFO] [epicfight/]: Data keys [wom:combo, wom:cooldown] for wom:shooting_style
[06Jun2026 05:46:27.165] [main/INFO] [epicfight/]: Data keys [wom:active, wom:timer] for wom:proximity_exploiter
[06Jun2026 05:46:27.165] [main/INFO] [epicfight/]: Data keys [wom:stack, wom:timer] for wom:all_eyes_on_you
[06Jun2026 05:46:27.165] [main/INFO] [epicfight/]: Data keys [wom:stack, wom:timer] for wom:all_eyes_on_me
[06Jun2026 05:46:27.165] [main/INFO] [epicfight/]: Data keys [wom:cooldown, wom:timer] for wom:avatar_of_might
[06Jun2026 05:46:27.165] [main/INFO] [epicfight/]: Data keys [wom:attacks, wom:stack, wom:active] for wom:agony_plunge
[06Jun2026 05:46:27.165] [main/INFO] [epicfight/]: Data keys [wom:timer_refresh, wom:charged, wom:movespeed, wom:charging_time, wom:saved_charge, wom:charging, wom:active, wom:timer, wom:charged_attack] for wom:torment_passive
[06Jun2026 05:46:27.165] [main/INFO] [epicfight/]: Data keys [wom:timer_refresh, wom:active, wom:timer] for wom:true_berserk
[06Jun2026 05:46:27.165] [main/INFO] [epicfight/]: Data keys [wom:stack] for wom:herrscher_passive
[06Jun2026 05:46:27.165] [main/INFO] [epicfight/]: Data keys [wom:strenght, wom:timer_refresh, wom:expiation, wom:buffed, wom:buffing, wom:redemptioon, wom:timer, wom:verso] for wom:plunder_perdition
[06Jun2026 05:46:27.165] [main/INFO] [epicfight/]: Data keys [wom:sheath] for wom:satsujin_passive
[06Jun2026 05:46:27.165] [main/INFO] [epicfight/]: Data keys [wom:timer_refresh, wom:attacks, wom:stack, wom:timedslash, wom:damage, wom:saved_charge, wom:frequency, wom:charging, wom:active, wom:charge, wom:cooldown, wom:holding_stance, wom:second_draw, wom:timer] for wom:sakura_state
[06Jun2026 05:46:27.165] [main/INFO] [epicfight/]: Data keys [wom:zoom, wom:shoot, wom:using_item, wom:nofalldamage, wom:combo, wom:cooldown, wom:reload_cooldown] for wom:ender_blast
[06Jun2026 05:46:27.166] [main/INFO] [epicfight/]: Data keys [wom:zoom, wom:shoot, wom:side, wom:using_item, wom:nofalldamage, wom:combo, wom:cooldown, wom:reload_cooldown] for wom:ender_fusion
[06Jun2026 05:46:27.166] [main/INFO] [epicfight/]: Data keys [wom:parrying, wom:gesetz_sprengkopf, wom:charged, wom:combo, wom:guard_point, wom:cooldown, wom:holding_stance, wom:charging_time, wom:guard_point_result] for wom:regierung
[06Jun2026 05:46:27.166] [main/INFO] [epicfight/]: Data keys [wom:lunar_eclipse_stack, wom:timer_refresh, wom:echo, wom:crescent, wom:timer] for wom:lunar_eclipse
[06Jun2026 05:46:27.166] [main/INFO] [epicfight/]: Data keys [wom:idle, wom:verso] for wom:lunar_echo_passive
[06Jun2026 05:46:27.166] [main/INFO] [epicfight/]: Data keys [wom:darkness_target_hited, wom:timer_refresh, wom:ascending, wom:blackhole_timer, wom:shoot, wom:darkness_target, wom:blackhole_active, wom:darkness_portal_timer, wom:serius_focus_cooldown, wom:darkness_portal_angle, wom:active, wom:blackhole, wom:darkness_target_vec, wom:zoom, wom:darkness_target_reaped, wom:darkness_activate_portal, wom:zoom_cooldown, wom:serius_focus, wom:blackhole_vec, wom:darkness_portal_vec, wom:witheraftereffect, wom:witherccatharsis, wom:shoot_cooldown, wom:timer] for wom:demonic_ascension
[06Jun2026 05:46:27.166] [main/INFO] [epicfight/]: Data keys [wom:withercurse, wom:basic_attack, wom:idle, wom:catharsis, wom:lapse, wom:blink, wom:particle] for wom:demon_mark_passive
[06Jun2026 05:46:27.166] [main/INFO] [epicfight/]: Data keys [wom:timed_attack, wom:timer_refresh, wom:solar_obscuridad, wom:solar_crematorio, wom:charging, wom:particle, wom:solar_infernio, wom:charge, wom:cycle, wom:solar_obscuridad_ta_timer, wom:heating_speed, wom:heat_level, wom:stored_heat_level, wom:timer] for wom:solar_arcano
[06Jun2026 05:46:27.166] [main/INFO] [epicfight/]: Data keys [wom:timed_attack, wom:timer_refresh, wom:solar_obscuridad, wom:solar_crematorio, wom:charging, wom:particle, wom:solar_infernio, wom:charge, wom:cycle, wom:solar_obscuridad_ta_timer, wom:heating_speed, wom:heat_level, wom:stored_heat_level, wom:timer] for wom:solar_passive
[06Jun2026 05:46:27.166] [main/INFO] [epicfight/]: Data keys [wom:serius_focus, wom:serius_focus_cooldown] for wom:rechargement
[06Jun2026 05:46:27.166] [main/INFO] [epicfight/]: Data keys [wom:shell_delay, wom:bullet_loaded_old, wom:shell_anim, wom:shell_number, wom:bullet_loaded, wom:super_reload, wom:active, wom:bullet_overloaded] for wom:napoleon_passive
[06Jun2026 05:46:27.166] [main/INFO] [epicfight/]: Data keys [dodge_parry_reward:delay_timer] for dodge_parry_reward:health_boost1
[06Jun2026 05:46:27.166] [main/INFO] [epicfight/]: Data keys [dodge_parry_reward:delay_timer] for dodge_parry_reward:health_boost2
[06Jun2026 05:46:27.166] [main/INFO] [epicfight/]: Data keys [dodge_parry_reward:delay_timer] for dodge_parry_reward:health_boost3
[06Jun2026 05:46:27.167] [main/INFO] [epicfight/]: Data keys [dodge_parry_reward:delay_timer] for dodge_parry_reward:health_boost4
[06Jun2026 05:46:27.167] [main/INFO] [epicfight/]: Data keys [dodge_parry_reward:delay_timer] for dodge_parry_reward:absorb1
[06Jun2026 05:46:27.167] [main/INFO] [epicfight/]: Data keys [dodge_parry_reward:delay_timer] for dodge_parry_reward:absorb2
[06Jun2026 05:46:27.167] [main/INFO] [epicfight/]: Data keys [dodge_parry_reward:delay_timer] for dodge_parry_reward:absorb3
[06Jun2026 05:46:27.167] [main/INFO] [epicfight/]: Data keys [dodge_parry_reward:delay_timer] for dodge_parry_reward:absorb4
[06Jun2026 05:46:27.167] [main/INFO] [epicfight/]: Data keys [dodge_parry_reward:delay_timer] for dodge_parry_reward:heal1
[06Jun2026 05:46:27.167] [main/INFO] [epicfight/]: Data keys [dodge_parry_reward:delay_timer] for dodge_parry_reward:heal2
[06Jun2026 05:46:27.167] [main/INFO] [epicfight/]: Data keys [dodge_parry_reward:delay_timer] for dodge_parry_reward:heal3
[06Jun2026 05:46:27.167] [main/INFO] [epicfight/]: Data keys [dodge_parry_reward:delay_timer] for dodge_parry_reward:heal4
[06Jun2026 05:46:27.167] [main/INFO] [epicfight/]: Data keys [dodge_parry_reward:delay_timer] for dodge_parry_reward:resist1
[06Jun2026 05:46:27.167] [main/INFO] [epicfight/]: Data keys [dodge_parry_reward:delay_timer] for dodge_parry_reward:resist2
[06Jun2026 05:46:27.167] [main/INFO] [epicfight/]: Data keys [dodge_parry_reward:delay_timer] for dodge_parry_reward:resist3
[06Jun2026 05:46:27.167] [main/INFO] [epicfight/]: Data keys [dodge_parry_reward:delay_timer] for dodge_parry_reward:resist4
[06Jun2026 05:46:27.167] [main/INFO] [epicfight/]: Data keys [dodge_parry_reward:delay_timer] for dodge_parry_reward:stun_imm1
[06Jun2026 05:46:27.167] [main/INFO] [epicfight/]: Data keys [dodge_parry_reward:delay_timer] for dodge_parry_reward:stun_imm2
[06Jun2026 05:46:27.167] [main/INFO] [epicfight/]: Data keys [dodge_parry_reward:delay_timer] for dodge_parry_reward:stun_imm3
[06Jun2026 05:46:27.167] [main/INFO] [epicfight/]: Data keys [dodge_parry_reward:delay_timer] for dodge_parry_reward:stun_imm4
[06Jun2026 05:46:27.167] [main/INFO] [epicfight/]: Data keys [dodge_parry_reward:delay_timer] for dodge_parry_reward:damage_boost1
[06Jun2026 05:46:27.168] [main/INFO] [epicfight/]: Data keys [dodge_parry_reward:delay_timer] for dodge_parry_reward:damage_boost2
[06Jun2026 05:46:27.168] [main/INFO] [epicfight/]: Data keys [dodge_parry_reward:delay_timer] for dodge_parry_reward:damage_boost3
[06Jun2026 05:46:27.168] [main/INFO] [epicfight/]: Data keys [dodge_parry_reward:delay_timer] for dodge_parry_reward:damage_boost4
[06Jun2026 05:46:27.168] [main/INFO] [epicfight/]: Data keys [dodge_parry_reward:delay_timer] for dodge_parry_reward:speed1
[06Jun2026 05:46:27.168] [main/INFO] [epicfight/]: Data keys [dodge_parry_reward:delay_timer] for dodge_parry_reward:speed2
[06Jun2026 05:46:27.168] [main/INFO] [epicfight/]: Data keys [dodge_parry_reward:delay_timer] for dodge_parry_reward:speed3
[06Jun2026 05:46:27.168] [main/INFO] [epicfight/]: Data keys [dodge_parry_reward:delay_timer] for dodge_parry_reward:speed4
[06Jun2026 05:46:27.168] [main/INFO] [epicfight/]: Data keys [dodge_parry_reward:delay_timer] for dodge_parry_reward:stamina1
[06Jun2026 05:46:27.168] [main/INFO] [epicfight/]: Data keys [dodge_parry_reward:delay_timer] for dodge_parry_reward:stamina2
[06Jun2026 05:46:27.168] [main/INFO] [epicfight/]: Data keys [dodge_parry_reward:delay_timer] for dodge_parry_reward:stamina3
[06Jun2026 05:46:27.168] [main/INFO] [epicfight/]: Data keys [dodge_parry_reward:delay_timer] for dodge_parry_reward:stamina4
[06Jun2026 05:46:27.168] [main/INFO] [epicfight/]: Data keys [epicfightx:dodge_attacking] for epicfightx:roll
[06Jun2026 05:46:27.168] [main/INFO] [epicfight/]: Data keys [epicfightx:dodge_attacking] for epicfightx:step
[06Jun2026 05:46:27.168] [main/INFO] [epicfight/]: Data keys [epicfightx:is_special_animation, epicfightx:counter_available, epicfightx:dodge_start_time] for epicfightx:combat_mastery_i
[06Jun2026 05:46:27.168] [main/INFO] [epicfight/]: Data keys [epicfightx:sprint_available, epicfightx:dodge_start_time, epicfightx:sprint_active] for epicfightx:combat_mastery_ii
[06Jun2026 05:46:27.168] [main/INFO] [epicfight/]: Data keys [epicfightx:cooldown] for epicfightx:pickaxe_skill
[06Jun2026 05:46:27.168] [main/INFO] [epicfight/]: Data keys [epicfightx:great_tachi_marked_entities] for epicfightx:otachi_skill
[06Jun2026 05:46:27.168] [main/INFO] [epicfight/]: Data keys [epicfightx:attack_count, epicfightx:sheath_form, epicfightx:attack_count_snapshot] for epicfightx:katana_skill
[06Jun2026 05:46:27.168] [main/INFO] [epicfight/]: Data keys [epicfightx:sheath, epicfightx:sheath_killed] for epicfightx:battojutsu_passive
[06Jun2026 05:46:27.168] [main/INFO] [epicfight/]: Data keys [epicfightx:sheath] for epicfightx:battojutsu
[06Jun2026 05:46:27.169] [main/INFO] [epicfight/]: Data keys [invincible:dodge_success_timer, invincible:up, invincible:left, invincible:parry_timer, invincible:right, invincible:cooldown, invincible:down] for invincible:combo_demo
[06Jun2026 05:46:27.169] [main/INFO] [epicfight/]: Data keys [sword_soaring:sword_entity_id, sword_soaring:cooldown_timer] for sword_soaring:kill_aura_1
[06Jun2026 05:46:27.169] [main/INFO] [epicfight/]: Data keys [sword_soaring:sword_entity_id, sword_soaring:cooldown_timer] for sword_soaring:kill_aura_2
[06Jun2026 05:46:27.169] [main/INFO] [epicfight/]: Data keys [sword_soaring:protect_count, sword_soaring:sword_entity_id, sword_soaring:cooldown_timer] for sword_soaring:screen_sword
[06Jun2026 05:46:27.169] [main/INFO] [epicfight/]: Data keys [sword_soaring:delay_timer, sword_soaring:cooldown_timer, sword_soaring:play_big_dipper] for sword_soaring:rain_sword
[06Jun2026 05:46:27.169] [main/INFO] [epicfight/]: Data keys [sword_soaring:camera_timer, sword_soaring:cooldown_timer] for sword_soaring:babylon
[06Jun2026 05:46:27.169] [main/INFO] [epicfight/]: Data keys [sword_soaring:cooldown_timer, sword_soaring:is_charging, sword_soaring:is_pressing] for sword_soaring:wan_jian_gui_zong
[06Jun2026 05:46:27.169] [main/INFO] [epicfight/]: Data keys [sword_soaring:flying, sword_soaring:accelerating, sword_soaring:cooldown_timer] for sword_soaring:sword_soaring_apprentice
[06Jun2026 05:46:27.169] [main/INFO] [epicfight/]: Data keys [sword_soaring:flying, sword_soaring:accelerating, sword_soaring:cooldown_timer] for sword_soaring:sword_soaring_expert
[06Jun2026 05:46:27.169] [main/INFO] [epicfight/]: Data keys [sword_soaring:flying, sword_soaring:accelerating, sword_soaring:cooldown_timer] for sword_soaring:sword_soaring_master
[06Jun2026 05:46:27.169] [main/INFO] [epicfight/]: Data keys [sword_soaring:flying, sword_soaring:accelerating, sword_soaring:cooldown_timer] for sword_soaring:sword_soaring_elytra_apprentice
[06Jun2026 05:46:27.169] [main/INFO] [epicfight/]: Data keys [sword_soaring:flying, sword_soaring:accelerating, sword_soaring:cooldown_timer] for sword_soaring:sword_soaring_elytra_expert
[06Jun2026 05:46:27.169] [main/INFO] [epicfight/]: Data keys [sword_soaring:flying, sword_soaring:accelerating, sword_soaring:cooldown_timer] for sword_soaring:sword_soaring_elytra_master
[06Jun2026 05:46:27.169] [main/INFO] [epicfight/]: Data keys [invincible:dodge_success_timer, invincible:up, invincible:left, invincible:parry_timer, invincible:right, invincible:cooldown, invincible:down] for sword_soaring:vatansever_innate
[06Jun2026 05:46:27.169] [main/INFO] [epicfight/]: Data keys [sword_soaring:sword_count, sword_soaring:artifact_spirit_entity_id] for sword_soaring:vatansever_passive
[06Jun2026 05:46:27.169] [main/INFO] [epicfight/]: Data keys [efn:scythe_blood_power, efn:scythe_sheath] for efn:scythe_skill
[06Jun2026 05:46:27.169] [main/INFO] [epicfight/]: Data keys [efn:thornwheel_loop, efn:press_innate, efn:thornwheel_loop_available] for efn:thornwheel
[06Jun2026 05:46:27.169] [main/INFO] [epicfight/]: Data keys [efn:jump_key_pressed_last_tick, efn:jump_count, efn:murasama_forward_dodge] for efn:murasama_dodge
[06Jun2026 05:46:27.170] [main/INFO] [epicfight/]: Data keys [efn:current_puncture_chance, efn:puncture_increment, efn:base_puncture_chance, efn:max_puncture_chance] for efn:parry_master
[06Jun2026 05:46:27.170] [main/INFO] [epicfight/]: Data keys [efn:defense_start_tick, efn:buff_active, efn:buff_end_tick] for efn:precise_parry
[06Jun2026 05:46:27.170] [main/INFO] [epicfight/]: Data keys [efn:cooldown, efn:cooldown_1, efn:cooldown_2] for efn:judgementcutend
[06Jun2026 05:46:27.170] [main/INFO] [epicfight/]: Data keys [efn:cooldown, efn:cooldown_1, efn:cooldown_2] for efn:stomp
[06Jun2026 05:46:27.170] [main/INFO] [epicfight/]: Data keys [efn:murasama_key_right_down, efn:murasama_zandatsu_available, efn:murasama_zansetsu_attack_counter, efn:murasama_zandatsu_start_time, efn:murasama_last_triggered_sector, efn:murasama_left_mouse_pressed, efn:murasama_zansetsu_start_time, efn:murasama_zansetsu_end_time, efn:murasama_zansetsu_input_mode, efn:murasama_zandatsu_end_time, efn:arts_key, efn:murasama_key_left_down, efn:murasama_input_mode_switch_pressed, efn:murasama_pair_flag, efn:murasama_zansetsu_sector, efn:arts_key_pressed, efn:murasama_zansetsu_timer, efn:murasama_zansetsu_active, efn:murasama_zansetsu_slash_release, efn:murasama_opposite_triggered] for efn:zansetsu
[06Jun2026 05:46:27.170] [main/INFO] [epicfight/]: Data keys [efn:cooldown, efn:cooldown_1, efn:cooldown_2] for efn:execution
[06Jun2026 05:46:27.170] [main/INFO] [epicfight/]: Data keys [efn:efn_shake_penalty_count, efn:efn_parry_motion_counter, efn:efn_shake_detected, efn:efn_last_active, efn:efn_last_successful_defense_tick, efn:efn_last_guard_start_tick, efn:efn_starting_parry, efn:efn_delay_protection_end, efn:efn_last_parry_time, epicfight:penalty_restore_counter, epicfight:penalty, efn:efn_first_shake] for efn:efn_parry
[06Jun2026 05:46:27.170] [main/INFO] [epicfight/]: Data keys [efn:efn_shake_penalty_count, efn:efn_parry_motion_counter, efn:efn_shake_detected, efn:efn_last_active, efn:efn_last_successful_defense_tick, efn:efn_last_guard_start_tick, efn:efn_starting_parry, efn:efn_delay_protection_end, efn:efn_last_parry_time, epicfight:penalty_restore_counter, epicfight:penalty, efn:efn_first_shake] for efn:murasama_parry
[06Jun2026 05:46:27.170] [main/INFO] [epicfight/]: Data keys [efn:arts_key, efn:cooldown, efn:cooldown_1, efn:sekiro_art_index, efn:arts_key_pressed, efn:cooldown_2, efn:arts_input_buffer] for efn:mortal_blade
[06Jun2026 05:46:27.170] [main/INFO] [epicfight/]: Data keys [efn:pressing_key3, efn:pressing_innate, efn:was_long_pressed, efn:press_summon_sword, invincible:right, invincible:down, efn:innate_press_timer, efn:doppelganger_style, efn:energy_check, efn:key4_press_timer, efn:charge_message, efn:pressing_key2, efn:key3_press_timer, efn:press_doppelganger, efn:up_key, efn:force_release, efn:down_key, efn:guard_key, efn:charge_power, invincible:dodge_success_timer, invincible:up, efn:combo_counter, efn:cooldown_2, efn:charge_ticks, efn:pressing_key4, invincible:left, efn:demon_key, efn:jump_key, invincible:parry_timer, efn:full_charge_message, efn:press_innate, efn:press_key1, efn:pressing_key1, efn:charge_stage, efn:key2_press_timer, efn:doppelganger_delay, efn:sneak_key, efn:arts_key_pressed, efn:angel_key, efn:doppelganger_tick, efn:press_key2, efn:cooldown, efn:press_key3, efn:key1_press_timer, invincible:cooldown, efn:sprint_key, efn:arts_key, efn:cooldown_1, efn:is_pressing, efn:have_doppelganger, efn:is_charging, efn:press_key4] for efn:yamato
[06Jun2026 05:46:27.170] [main/INFO] [epicfight/]: Data keys [efn:doppelganger_style, efn:parry_cooldown, efn:stun_cooldown, efn:doppelganger_delay, efn:have_doppelganger, efn:doppelganger_tick] for efn:yamato_passive
[06Jun2026 05:46:27.170] [main/INFO] [epicfight/]: Data keys [efn:pressing_key3, efn:pressing_innate, efn:was_long_pressed, efn:press_summon_sword, invincible:right, invincible:down, efn:innate_press_timer, efn:energy_check, efn:key4_press_timer, efn:damage_history, efn:charge_message, efn:pressing_key2, efn:key3_press_timer, efn:up_key, efn:force_release, efn:down_key, efn:guard_key, efn:charge_power, invincible:dodge_success_timer, invincible:up, efn:combo_counter, efn:cooldown_2, efn:charge_ticks, efn:pressing_key4, invincible:left, efn:demon_key, efn:jump_key, invincible:parry_timer, efn:full_charge_message, efn:press_innate, efn:press_key1, efn:pressing_key1, efn:charge_stage, efn:key2_press_timer, efn:sneak_key, efn:arts_key_pressed, efn:is_replay_damage, efn:angel_key, efn:press_key2, efn:cooldown, efn:press_key3, efn:key1_press_timer, invincible:cooldown, efn:sprint_key, efn:arts_key, efn:cooldown_1, efn:is_pressing, efn:is_charging, efn:press_key4, efn:replay_enhanced] for efn:shortsword
[06Jun2026 05:46:27.170] [main/INFO] [epicfight/]: Data keys [efn:pressing_key3, efn:pressing_key4, efn:pressing_innate, efn:was_long_pressed, invincible:left, efn:demon_key, efn:jump_key, invincible:parry_timer, efn:full_charge_message, efn:press_summon_sword, efn:press_innate, invincible:right, efn:press_key1, invincible:down, efn:innate_press_timer, efn:pressing_key1, efn:charge_stage, efn:key2_press_timer, efn:energy_check, efn:key4_press_timer, efn:sneak_key, efn:charge_message, efn:pressing_key2, efn:key3_press_timer, efn:arts_key_pressed, efn:angel_key, efn:press_key2, efn:cooldown, efn:up_key, efn:press_key3, efn:key1_press_timer, efn:force_release, efn:down_key, efn:guard_key, invincible:cooldown, efn:charge_power, efn:sprint_key, invincible:dodge_success_timer, efn:arts_key, invincible:up, efn:cooldown_1, efn:is_pressing, efn:combo_counter, efn:cooldown_2, efn:is_charging, efn:charge_ticks, efn:press_key4] for efn:ruinsgreatsword
[06Jun2026 05:46:27.170] [main/INFO] [epicfight/]: Data keys [efn:pressing_key3, efn:pressing_key4, efn:pressing_innate, efn:was_long_pressed, invincible:left, efn:demon_key, efn:jump_key, invincible:parry_timer, efn:full_charge_message, efn:press_summon_sword, efn:press_innate, invincible:right, efn:press_key1, invincible:down, efn:innate_press_timer, efn:pressing_key1, efn:charge_stage, efn:key2_press_timer, efn:energy_check, efn:key4_press_timer, efn:sneak_key, efn:charge_message, efn:pressing_key2, efn:key3_press_timer, efn:arts_key_pressed, efn:angel_key, efn:press_key2, efn:cooldown, efn:up_key, efn:press_key3, efn:key1_press_timer, efn:force_release, efn:down_key, efn:guard_key, invincible:cooldown, efn:charge_power, efn:sprint_key, invincible:dodge_success_timer, efn:arts_key, invincible:up, efn:cooldown_1, efn:is_pressing, efn:combo_counter, efn:cooldown_2, efn:is_charging, efn:charge_ticks, efn:press_key4] for efn:pioneer
[06Jun2026 05:46:27.171] [main/INFO] [epicfight/]: Data keys [efn:pressing_key3, efn:murasama_sheath_timer, efn:pressing_innate, efn:was_long_pressed, efn:press_summon_sword, efn:manual_unsheath, invincible:right, efn:murasama_zandatsu_end_time, invincible:down, efn:innate_press_timer, efn:energy_check, efn:key4_press_timer, efn:murasama_zansetsu_sector, efn:charge_message, efn:pressing_key2, efn:key3_press_timer, efn:murasama_zansetsu_attack_counter, efn:up_key, efn:murasama_zansetsu_start_time, efn:force_release, efn:down_key, efn:murasama_zansetsu_input_mode, efn:guard_key, efn:charge_power, invincible:dodge_success_timer, invincible:up, efn:murasama_key_left_down, efn:murasama_input_mode_switch_pressed, efn:combo_counter, efn:cooldown_2, efn:murasama_zansetsu_timer, efn:murasama_zansetsu_active, efn:charge_ticks, efn:murasama_opposite_triggered, efn:murasama_key_right_down, efn:murasama_zandatsu_available, efn:sprint_sheath_timer, efn:pressing_key4, efn:murasama_last_triggered_sector, invincible:left, efn:murasama_left_mouse_pressed, efn:murasama_zansetsu_end_time, efn:demon_key, efn:jump_key, invincible:parry_timer, efn:full_charge_message, efn:press_innate, efn:murasama_forward_dodge, efn:press_key1, efn:pressing_key1, efn:charge_stage, efn:key2_press_timer, efn:sneak_key, efn:arts_key_pressed, efn:murasama_air_borne, efn:murasama_zansetsu_slash_release, efn:angel_key, efn:murasama_zandatsu_start_time, efn:press_key2, efn:cooldown, efn:press_key3, efn:key1_press_timer, invincible:cooldown, efn:sprint_key, efn:murasama_sheath, efn:arts_key, efn:cooldown_1, efn:murasama_pair_flag, efn:is_pressing, efn:is_charging, efn:press_key4] for efn:murasama
[06Jun2026 05:46:27.171] [main/INFO] [epicfight/]: Data keys [efn:murasama_key_right_down, efn:murasama_zandatsu_available, efn:sprint_sheath_timer, efn:jump_key_pressed_last_tick, efn:murasama_sheath_timer, efn:murasama_last_triggered_sector, efn:murasama_left_mouse_pressed, efn:forward_pressed_last_tick, efn:murasama_zansetsu_end_time, efn:backward_pressed_last_tick, efn:manual_unsheath, efn:murasama_forward_dodge, efn:murasama_zandatsu_end_time, efn:jump_count, efn:murasama_zansetsu_sector, efn:murasama_zansetsu_slash_release, efn:was_double_tap_sprint, efn:murasama_zansetsu_attack_counter, efn:murasama_zandatsu_start_time, efn:double_tap_timer, efn:murasama_zansetsu_start_time, efn:up_key_pressed_last_tick, efn:forward_backward_success, efn:forward_backward_end_tick, efn:forward_backward_timer, efn:murasama_zansetsu_input_mode, efn:murasama_sheath, efn:murasama_key_left_down, efn:murasama_input_mode_switch_pressed, efn:murasama_pair_flag, efn:forward_backward_window_active, efn:is_double_tap_sprint, efn:forward_backward_remaining_ticks, efn:murasama_zansetsu_timer, efn:murasama_zansetsu_active, efn:murasama_opposite_triggered] for efn:murasama_passive
[06Jun2026 05:46:27.171] [main/INFO] [epicfight/]: Data keys [efn:pressing_key3, efn:pressing_key4, efn:pressing_innate, efn:was_long_pressed, invincible:left, efn:demon_key, efn:jump_key, invincible:parry_timer, efn:full_charge_message, efn:press_summon_sword, efn:press_innate, invincible:right, efn:press_key1, invincible:down, efn:innate_press_timer, efn:pressing_key1, efn:charge_stage, efn:key2_press_timer, efn:energy_check, efn:key4_press_timer, efn:sneak_key, efn:charge_message, efn:pressing_key2, efn:key3_press_timer, efn:arts_key_pressed, efn:angel_key, efn:press_key2, efn:cooldown, efn:up_key, efn:press_key3, efn:key1_press_timer, efn:force_release, efn:down_key, efn:guard_key, invincible:cooldown, efn:charge_power, efn:sprint_key, invincible:dodge_success_timer, efn:arts_key, invincible:up, efn:cooldown_1, efn:is_pressing, efn:combo_counter, efn:cooldown_2, efn:is_charging, efn:charge_ticks, efn:press_key4] for efn:meenlance
[06Jun2026 05:46:27.171] [main/INFO] [epicfight/]: Data keys [efn:pressing_key3, efn:pressing_key4, efn:pressing_innate, efn:was_long_pressed, invincible:left, efn:demon_key, efn:jump_key, invincible:parry_timer, efn:full_charge_message, efn:press_summon_sword, efn:press_innate, invincible:right, efn:press_key1, invincible:down, efn:innate_press_timer, efn:pressing_key1, efn:charge_stage, efn:key2_press_timer, efn:energy_check, efn:key4_press_timer, efn:sneak_key, efn:charge_message, efn:pressing_key2, efn:key3_press_timer, efn:arts_key_pressed, efn:angel_key, efn:press_key2, efn:cooldown, efn:up_key, efn:press_key3, efn:key1_press_timer, efn:force_release, efn:down_key, efn:guard_key, invincible:cooldown, efn:charge_power, efn:sprint_key, invincible:dodge_success_timer, efn:arts_key, invincible:up, efn:cooldown_1, efn:is_pressing, efn:combo_counter, efn:cooldown_2, efn:is_charging, efn:charge_ticks, efn:press_key4] for efn:kusabimaru
[06Jun2026 05:46:27.171] [main/INFO] [epicfight/]: Data keys [efn:pressing_key3, efn:murasama_sheath_timer, efn:pressing_innate, efn:was_long_pressed, efn:press_summon_sword, efn:manual_unsheath, invincible:right, efn:murasama_zandatsu_end_time, invincible:down, efn:innate_press_timer, efn:energy_check, efn:key4_press_timer, efn:murasama_zansetsu_sector, efn:charge_message, efn:pressing_key2, efn:key3_press_timer, efn:murasama_zansetsu_attack_counter, efn:up_key, efn:murasama_zansetsu_start_time, efn:force_release, efn:down_key, efn:murasama_zansetsu_input_mode, efn:guard_key, efn:charge_power, invincible:dodge_success_timer, invincible:up, efn:murasama_key_left_down, efn:murasama_input_mode_switch_pressed, efn:combo_counter, efn:cooldown_2, efn:murasama_zansetsu_timer, efn:murasama_zansetsu_active, efn:charge_ticks, efn:murasama_opposite_triggered, efn:murasama_key_right_down, efn:murasama_zandatsu_available, efn:sprint_sheath_timer, efn:pressing_key4, efn:murasama_last_triggered_sector, invincible:left, efn:murasama_left_mouse_pressed, efn:murasama_zansetsu_end_time, efn:demon_key, efn:jump_key, invincible:parry_timer, efn:full_charge_message, efn:press_innate, efn:murasama_forward_dodge, efn:press_key1, efn:pressing_key1, efn:charge_stage, efn:key2_press_timer, efn:sneak_key, efn:arts_key_pressed, efn:murasama_air_borne, efn:murasama_zansetsu_slash_release, efn:angel_key, efn:murasama_zandatsu_start_time, efn:press_key2, efn:cooldown, efn:press_key3, efn:key1_press_timer, invincible:cooldown, efn:sprint_key, efn:murasama_sheath, efn:arts_key, efn:cooldown_1, efn:murasama_pair_flag, efn:is_pressing, efn:is_charging, efn:press_key4] for efn:hf_blade
[06Jun2026 05:46:27.171] [main/INFO] [epicfight/]: Data keys [efn:murasama_key_right_down, efn:murasama_zandatsu_available, efn:sprint_sheath_timer, efn:jump_key_pressed_last_tick, efn:murasama_sheath_timer, efn:murasama_last_triggered_sector, efn:murasama_left_mouse_pressed, efn:forward_pressed_last_tick, efn:murasama_zansetsu_end_time, efn:backward_pressed_last_tick, efn:manual_unsheath, efn:murasama_forward_dodge, efn:murasama_zandatsu_end_time, efn:jump_count, efn:murasama_zansetsu_sector, efn:murasama_zansetsu_slash_release, efn:was_double_tap_sprint, efn:murasama_zansetsu_attack_counter, efn:murasama_zandatsu_start_time, efn:double_tap_timer, efn:murasama_zansetsu_start_time, efn:up_key_pressed_last_tick, efn:forward_backward_success, efn:forward_backward_end_tick, efn:forward_backward_timer, efn:murasama_zansetsu_input_mode, efn:murasama_sheath, efn:murasama_key_left_down, efn:murasama_input_mode_switch_pressed, efn:murasama_pair_flag, efn:forward_backward_window_active, efn:is_double_tap_sprint, efn:forward_backward_remaining_ticks, efn:murasama_zansetsu_timer, efn:murasama_zansetsu_active, efn:murasama_opposite_triggered] for efn:hf_blade_passive
[06Jun2026 05:46:27.171] [main/INFO] [epicfight/]: Data keys [efn:pressing_key3, efn:pressing_key4, efn:pressing_innate, efn:was_long_pressed, invincible:left, efn:demon_key, efn:jump_key, invincible:parry_timer, efn:full_charge_message, efn:press_summon_sword, efn:press_innate, invincible:right, efn:press_key1, invincible:down, efn:innate_press_timer, efn:pressing_key1, efn:charge_stage, efn:key2_press_timer, efn:energy_check, efn:key4_press_timer, efn:sneak_key, efn:charge_message, efn:pressing_key2, efn:key3_press_timer, efn:arts_key_pressed, efn:angel_key, efn:press_key2, efn:cooldown, efn:up_key, efn:press_key3, efn:key1_press_timer, efn:force_release, efn:down_key, efn:guard_key, invincible:cooldown, efn:charge_power, efn:sprint_key, invincible:dodge_success_timer, efn:arts_key, invincible:up, efn:cooldown_1, efn:is_pressing, efn:combo_counter, efn:cooldown_2, efn:is_charging, efn:charge_ticks, efn:press_key4] for efn:exsiliumgladius
[06Jun2026 05:46:27.171] [main/INFO] [epicfight/]: Data keys [invincible:dodge_success_timer, invincible:up, invincible:left, invincible:parry_timer, invincible:right, invincible:cooldown, invincible:down] for efn:examplecombo
[06Jun2026 05:46:27.171] [main/INFO] [epicfight/]: Data keys [efn:pressing_key3, efn:pressing_key4, efn:pressing_innate, efn:was_long_pressed, invincible:left, efn:demon_key, efn:jump_key, invincible:parry_timer, efn:full_charge_message, efn:press_summon_sword, efn:press_innate, invincible:right, efn:press_key1, invincible:down, efn:innate_press_timer, efn:pressing_key1, efn:charge_stage, efn:key2_press_timer, efn:energy_check, efn:key4_press_timer, efn:sneak_key, efn:charge_message, efn:pressing_key2, efn:key3_press_timer, efn:arts_key_pressed, efn:angel_key, efn:press_key2, efn:cooldown, efn:up_key, efn:press_key3, efn:key1_press_timer, efn:force_release, efn:down_key, efn:guard_key, invincible:cooldown, efn:charge_power, efn:sprint_key, invincible:dodge_success_timer, efn:arts_key, invincible:up, efn:cooldown_1, efn:is_pressing, efn:combo_counter, efn:cooldown_2, efn:is_charging, efn:charge_ticks, efn:press_key4] for efn:crescentmoon
[06Jun2026 05:46:27.171] [main/INFO] [epicfight/]: Data keys [efn:pressing_key3, efn:pressing_key4, efn:pressing_innate, efn:was_long_pressed, invincible:left, efn:demon_key, efn:jump_key, invincible:parry_timer, efn:full_charge_message, efn:press_summon_sword, efn:press_innate, invincible:right, efn:press_key1, invincible:down, efn:innate_press_timer, efn:pressing_key1, efn:charge_stage, efn:key2_press_timer, efn:energy_check, efn:key4_press_timer, efn:sneak_key, efn:charge_message, efn:pressing_key2, efn:key3_press_timer, efn:arts_key_pressed, efn:angel_key, efn:press_key2, efn:cooldown, efn:up_key, efn:press_key3, efn:key1_press_timer, efn:force_release, efn:down_key, efn:guard_key, invincible:cooldown, efn:charge_power, efn:sprint_key, invincible:dodge_success_timer, efn:arts_key, invincible:up, efn:cooldown_1, efn:is_pressing, efn:combo_counter, efn:cooldown_2, efn:is_charging, efn:charge_ticks, efn:press_key4] for efn:broadblade
[06Jun2026 05:46:27.171] [main/INFO] [epicfight/]: Data keys [efn:pressing_key3, efn:pressing_key4, efn:pressing_innate, efn:was_long_pressed, invincible:left, efn:demon_key, efn:jump_key, invincible:parry_timer, efn:full_charge_message, efn:press_summon_sword, efn:press_innate, invincible:right, efn:press_key1, invincible:down, efn:innate_press_timer, efn:pressing_key1, efn:charge_stage, efn:key2_press_timer, efn:energy_check, efn:key4_press_timer, efn:sneak_key, efn:charge_message, efn:pressing_key2, efn:key3_press_timer, efn:arts_key_pressed, efn:angel_key, efn:press_key2, efn:cooldown, efn:up_key, efn:press_key3, efn:key1_press_timer, efn:force_release, efn:down_key, efn:guard_key, invincible:cooldown, efn:charge_power, efn:sprint_key, invincible:dodge_success_timer, efn:arts_key, invincible:up, efn:cooldown_1, efn:is_pressing, efn:combo_counter, efn:cooldown_2, efn:is_charging, efn:charge_ticks, efn:press_key4] for efn:bloodlust
[06Jun2026 05:46:27.171] [main/INFO] [epicfight/]: Data keys [efn:pressing_key3, efn:pressing_key4, efn:pressing_innate, efn:was_long_pressed, invincible:left, efn:demon_key, efn:jump_key, invincible:parry_timer, efn:full_charge_message, efn:press_summon_sword, efn:press_innate, invincible:right, efn:press_key1, invincible:down, efn:innate_press_timer, efn:pressing_key1, efn:charge_stage, efn:key2_press_timer, efn:energy_check, efn:key4_press_timer, efn:sneak_key, efn:charge_message, efn:pressing_key2, efn:key3_press_timer, efn:arts_key_pressed, efn:angel_key, efn:press_key2, efn:cooldown, efn:up_key, efn:press_key3, efn:key1_press_timer, efn:force_release, efn:down_key, efn:guard_key, invincible:cooldown, efn:charge_power, efn:sprint_key, invincible:dodge_success_timer, efn:arts_key, invincible:up, efn:cooldown_1, efn:is_pressing, efn:combo_counter, efn:cooldown_2, efn:is_charging, efn:charge_ticks, efn:press_key4] for efn:beastclaw
[06Jun2026 05:46:27.171] [main/INFO] [epicfight/]: Data keys [efn:pressing_key3, efn:pressing_key4, efn:pressing_innate, efn:was_long_pressed, invincible:left, efn:demon_key, efn:jump_key, invincible:parry_timer, efn:full_charge_message, efn:press_summon_sword, efn:press_innate, invincible:right, efn:press_key1, invincible:down, efn:innate_press_timer, efn:pressing_key1, efn:charge_stage, efn:key2_press_timer, efn:energy_check, efn:key4_press_timer, efn:sneak_key, efn:charge_message, efn:pressing_key2, efn:key3_press_timer, efn:arts_key_pressed, efn:angel_key, efn:press_key2, efn:cooldown, efn:up_key, efn:press_key3, efn:key1_press_timer, efn:force_release, efn:down_key, efn:guard_key, invincible:cooldown, efn:charge_power, efn:sprint_key, invincible:dodge_success_timer, efn:arts_key, invincible:up, efn:cooldown_1, efn:is_pressing, efn:combo_counter, efn:cooldown_2, efn:is_charging, efn:charge_ticks, efn:press_key4] for efn:aetherialdusk
[06Jun2026 05:46:27.172] [main/INFO] [epicfight/]: Data keys [dodge_parry_reward:delay_timer] for tcrcore:regen_mana
[06Jun2026 05:46:27.276] [main/WARN] [net.minecraft.server.packs.VanillaPackResourcesBuilder/]: Assets URL 'union:/workspaces/ciencia/servidor_minecraft/libraries/net/minecraft/server/1.20.1-20230612.114412/server-1.20.1-20230612.114412-srg.jar%23420!/assets/.mcassetsroot' uses unexpected schema
[06Jun2026 05:46:27.276] [main/WARN] [net.minecraft.server.packs.VanillaPackResourcesBuilder/]: Assets URL 'union:/workspaces/ciencia/servidor_minecraft/libraries/net/minecraft/server/1.20.1-20230612.114412/server-1.20.1-20230612.114412-srg.jar%23420!/data/.mcassetsroot' uses unexpected schema
[06Jun2026 05:46:27.461] [main/INFO] [settingdust.lazyyyyy.LazyyyyyMixinCanceller/]: Disabled ModernFix perf.resourcepacks
[06Jun2026 05:46:27.462] [main/WARN] [mixinsquared-canceller/]: Cancelled mixin org.embeddedt.modernfix.common.mixin.perf.resourcepacks.ForgePathPackResourcesMixin. Check debug logs for more information.
[06Jun2026 05:46:27.554] [main/INFO] [Moonlight/]: Starting runtime resource generation for pack type SERVER_DATA with generators from mods [supplementaries]: [net.mehvahdjukaar.supplementaries.dynamicpack.ServerDynamicResourcesGenerator@74c78d13]
[06Jun2026 05:46:27.554] [main/INFO] [Moonlight/]: Generating runtime assets for pack Supplementaries Generated Pack (supplementaries)
[06Jun2026 05:46:27.597] [main/INFO] [Supplementaries/]: Generated runtime SERVER_DATA for pack Supplementaries Generated Pack (supplementaries) in: 42 ms (multithreaded)
[06Jun2026 05:46:27.597] [main/INFO] [Moonlight/]: Finished runtime resources generation for 1 packs in a total of 43 ms
[06Jun2026 05:46:29.587] [main/INFO] [bountiful/]: Adding serverside commands..
[06Jun2026 05:46:29.706] [main/INFO] [com.github.alexthe666.alexsmobs.AlexsMobs/]: Adding datapack listener capsid_recipes
[06Jun2026 05:46:29.977] [Worker-Main-1/ERROR] [net.minecraft.tags.TagLoader/]: Not a valid resource location: regions_unexplored:regions_unexplored:rocky_meadow Non [a-z0-9/._-] character in path of location: regions_unexplored:regions_unexplored:rocky_meadow; Not a valid resource location: regions_unexplored:regions_unexplored:shrubland Non [a-z0-9/._-] character in path of location: regions_unexplored:regions_unexplored:shrubland
[06Jun2026 05:46:29.978] [Worker-Main-1/ERROR] [net.minecraft.tags.TagLoader/]: Couldn't read tag list minecraft:village_plains from minecraft:tags/worldgen/biome/village_plains.json in data pack tcr_data
java.lang.RuntimeException: Not a valid resource location: regions_unexplored:regions_unexplored:rocky_meadow Non [a-z0-9/._-] character in path of location: regions_unexplored:regions_unexplored:rocky_meadow; Not a valid resource location: regions_unexplored:regions_unexplored:shrubland Non [a-z0-9/._-] character in path of location: regions_unexplored:regions_unexplored:shrubland
	at com.mojang.serialization.DataResult.lambda$getOrThrow$5(DataResult.java:101) ~[datafixerupper-6.0.8.jar%2377!/:?]
	at com.mojang.datafixers.util.Either$Right.map(Either.java:99) ~[datafixerupper-6.0.8.jar%2377!/:?]
	at com.mojang.serialization.DataResult.getOrThrow(DataResult.java:93) ~[datafixerupper-6.0.8.jar%2377!/:?]
	at net.minecraft.tags.TagLoader.m_144495_(TagLoader.java:53) ~[server-1.20.1-20230612.114412-srg.jar%23420!/:?]
	at net.minecraft.tags.TagLoader.m_203900_(TagLoader.java:114) ~[server-1.20.1-20230612.114412-srg.jar%23420!/:?]
	at net.minecraft.tags.TagManager.m_203920_(TagManager.java:55) ~[server-1.20.1-20230612.114412-srg.jar%23420!/:?]
	at java.util.concurrent.CompletableFuture$AsyncSupply.run(CompletableFuture.java:1768) ~[?:?]
	at java.util.concurrent.CompletableFuture$AsyncSupply.exec(CompletableFuture.java:1760) ~[?:?]
	at java.util.concurrent.ForkJoinTask.doExec(ForkJoinTask.java:373) ~[?:?]
	at java.util.concurrent.ForkJoinPool$WorkQueue.topLevelExec(ForkJoinPool.java:1182) ~[?:?]
	at java.util.concurrent.ForkJoinPool.scan(ForkJoinPool.java:1655) ~[?:?]
	at java.util.concurrent.ForkJoinPool.runWorker(ForkJoinPool.java:1622) ~[?:?]
	at java.util.concurrent.ForkJoinWorkerThread.run(ForkJoinWorkerThread.java:165) ~[?:?]
[06Jun2026 05:46:29.979] [Worker-Main-1/ERROR] [net.minecraft.tags.TagLoader/]: Couldn't read tag list minecraft:village_snowy from minecraft:tags/worldgen/biome/village_snowy.json in data pack tcr_data
com.google.gson.JsonSyntaxException: com.google.gson.stream.MalformedJsonException: Expected ':' at line 8 column 8 path $.values[3].o
	at com.google.gson.internal.Streams.parse(Streams.java:61) ~[gson-2.10.jar%2372!/:?]
	at com.google.gson.JsonParser.parseReader(JsonParser.java:102) ~[gson-2.10.jar%2372!/:?]
	at com.google.gson.JsonParser.parseReader(JsonParser.java:70) ~[gson-2.10.jar%2372!/:?]
	at net.minecraft.tags.TagLoader.m_144495_(TagLoader.java:49) ~[server-1.20.1-20230612.114412-srg.jar%23420!/:?]
	at net.minecraft.tags.TagLoader.m_203900_(TagLoader.java:114) ~[server-1.20.1-20230612.114412-srg.jar%23420!/:?]
	at net.minecraft.tags.TagManager.m_203920_(TagManager.java:55) ~[server-1.20.1-20230612.114412-srg.jar%23420!/:?]
	at java.util.concurrent.CompletableFuture$AsyncSupply.run(CompletableFuture.java:1768) ~[?:?]
	at java.util.concurrent.CompletableFuture$AsyncSupply.exec(CompletableFuture.java:1760) ~[?:?]
	at java.util.concurrent.ForkJoinTask.doExec(ForkJoinTask.java:373) ~[?:?]
	at java.util.concurrent.ForkJoinPool$WorkQueue.topLevelExec(ForkJoinPool.java:1182) ~[?:?]
	at java.util.concurrent.ForkJoinPool.scan(ForkJoinPool.java:1655) ~[?:?]
	at java.util.concurrent.ForkJoinPool.runWorker(ForkJoinPool.java:1622) ~[?:?]
	at java.util.concurrent.ForkJoinWorkerThread.run(ForkJoinWorkerThread.java:165) ~[?:?]
Caused by: com.google.gson.stream.MalformedJsonException: Expected ':' at line 8 column 8 path $.values[3].o
	at com.google.gson.stream.JsonReader.syntaxError(JsonReader.java:1657) ~[gson-2.10.jar%2372!/:?]
	at com.google.gson.stream.JsonReader.doPeek(JsonReader.java:539) ~[gson-2.10.jar%2372!/:?]
	at com.google.gson.stream.JsonReader.peek(JsonReader.java:433) ~[gson-2.10.jar%2372!/:?]
	at com.google.gson.internal.bind.TypeAdapters$28.read(TypeAdapters.java:786) ~[gson-2.10.jar%2372!/:?]
	at com.google.gson.internal.bind.TypeAdapters$28.read(TypeAdapters.java:725) ~[gson-2.10.jar%2372!/:?]
	at com.google.gson.internal.Streams.parse(Streams.java:49) ~[gson-2.10.jar%2372!/:?]
	... 12 more
[06Jun2026 05:46:29.996] [Worker-Main-1/ERROR] [net.minecraft.tags.TagLoader/]: Couldn't load tag integrated_villages:has_structure/airship_village_biomes as it is missing following references: #integrated_villages:collections/end_voids (from structure_set_control)
[06Jun2026 05:46:30.042] [Worker-Main-1/ERROR] [net.minecraft.tags.TagLoader/]: Couldn't load tag tcrcore:respawnable as it is missing following references: nightfall_invade:gate_of_disaster (from tcrcore-2.7.15.jar)
[06Jun2026 05:46:30.049] [Worker-Main-3/ERROR] [net.minecraft.tags.TagLoader/]: Couldn't load tag minecraft:deep_dark as it is missing following references: #apotheosis:sculk (from tcr_data), 
	#apotheosis:deep_dark (from tcr_data)
[06Jun2026 05:46:30.207] [Worker-Main-2/ERROR] [net.minecraft.server.packs.resources.SimpleJsonResourceReloadListener/]: Couldn't parse data file cataclysm_spellbooks:abyss_spell_book from cataclysm_spellbooks:recipes/abyss_spell_book.json
com.google.gson.JsonParseException: java.io.EOFException: End of input at line 1 column 1 path $
	at net.minecraft.util.GsonHelper.m_13780_(GsonHelper.java:526) ~[server-1.20.1-20230612.114412-srg.jar%23420!/:?]
	at net.minecraft.util.GsonHelper.m_263475_(GsonHelper.java:531) ~[server-1.20.1-20230612.114412-srg.jar%23420!/:?]
	at net.minecraft.util.GsonHelper.m_13776_(GsonHelper.java:581) ~[server-1.20.1-20230612.114412-srg.jar%23420!/:?]
	at net.minecraft.server.packs.resources.SimpleJsonResourceReloadListener.m_278771_(SimpleJsonResourceReloadListener.java:41) ~[server-1.20.1-20230612.114412-srg.jar%23420!/:?]
	at net.minecraft.server.packs.resources.SimpleJsonResourceReloadListener.m_5944_(SimpleJsonResourceReloadListener.java:29) ~[server-1.20.1-20230612.114412-srg.jar%23420!/:?]
	at net.minecraft.server.packs.resources.SimpleJsonResourceReloadListener.m_5944_(SimpleJsonResourceReloadListener.java:17) ~[server-1.20.1-20230612.114412-srg.jar%23420!/:?]
	at net.minecraft.server.packs.resources.SimplePreparableReloadListener.m_10786_(SimplePreparableReloadListener.java:11) ~[server-1.20.1-20230612.114412-srg.jar%23420!/:?]
	at java.util.concurrent.CompletableFuture$AsyncSupply.run(CompletableFuture.java:1768) ~[?:?]
	at java.util.concurrent.CompletableFuture$AsyncSupply.exec(CompletableFuture.java:1760) ~[?:?]
	at java.util.concurrent.ForkJoinTask.doExec(ForkJoinTask.java:373) ~[?:?]
	at java.util.concurrent.ForkJoinPool$WorkQueue.topLevelExec(ForkJoinPool.java:1182) ~[?:?]
	at java.util.concurrent.ForkJoinPool.scan(ForkJoinPool.java:1655) ~[?:?]
	at java.util.concurrent.ForkJoinPool.runWorker(ForkJoinPool.java:1622) ~[?:?]
	at java.util.concurrent.ForkJoinWorkerThread.run(ForkJoinWorkerThread.java:165) ~[?:?]
Caused by: java.io.EOFException: End of input at line 1 column 1 path $
	at com.google.gson.stream.JsonReader.nextNonWhitespace(JsonReader.java:1455) ~[gson-2.10.jar%2372!/:?]
	at com.google.gson.stream.JsonReader.doPeek(JsonReader.java:558) ~[gson-2.10.jar%2372!/:?]
	at com.google.gson.stream.JsonReader.peek(JsonReader.java:433) ~[gson-2.10.jar%2372!/:?]
	at com.google.gson.internal.bind.TypeAdapters$28.read(TypeAdapters.java:769) ~[gson-2.10.jar%2372!/:?]
	at com.google.gson.internal.bind.TypeAdapters$28.read(TypeAdapters.java:725) ~[gson-2.10.jar%2372!/:?]
	at com.google.gson.internal.bind.TypeAdapters$34$1.read(TypeAdapters.java:1007) ~[gson-2.10.jar%2372!/:?]
	at net.minecraft.util.GsonHelper.m_13780_(GsonHelper.java:524) ~[server-1.20.1-20230612.114412-srg.jar%23420!/:?]
	... 13 more
[06Jun2026 05:46:30.223] [Worker-Main-2/ERROR] [net.minecraft.server.packs.resources.SimpleJsonResourceReloadListener/]: Couldn't parse data file efn:air_tachi from efn:recipes/air_tachi.json
com.google.gson.JsonParseException: java.io.EOFException: End of input at line 1 column 1 path $
	at net.minecraft.util.GsonHelper.m_13780_(GsonHelper.java:526) ~[server-1.20.1-20230612.114412-srg.jar%23420!/:?]
	at net.minecraft.util.GsonHelper.m_263475_(GsonHelper.java:531) ~[server-1.20.1-20230612.114412-srg.jar%23420!/:?]
	at net.minecraft.util.GsonHelper.m_13776_(GsonHelper.java:581) ~[server-1.20.1-20230612.114412-srg.jar%23420!/:?]
	at net.minecraft.server.packs.resources.SimpleJsonResourceReloadListener.m_278771_(SimpleJsonResourceReloadListener.java:41) ~[server-1.20.1-20230612.114412-srg.jar%23420!/:?]
	at net.minecraft.server.packs.resources.SimpleJsonResourceReloadListener.m_5944_(SimpleJsonResourceReloadListener.java:29) ~[server-1.20.1-20230612.114412-srg.jar%23420!/:?]
	at net.minecraft.server.packs.resources.SimpleJsonResourceReloadListener.m_5944_(SimpleJsonResourceReloadListener.java:17) ~[server-1.20.1-20230612.114412-srg.jar%23420!/:?]
	at net.minecraft.server.packs.resources.SimplePreparableReloadListener.m_10786_(SimplePreparableReloadListener.java:11) ~[server-1.20.1-20230612.114412-srg.jar%23420!/:?]
	at java.util.concurrent.CompletableFuture$AsyncSupply.run(CompletableFuture.java:1768) ~[?:?]
	at java.util.concurrent.CompletableFuture$AsyncSupply.exec(CompletableFuture.java:1760) ~[?:?]
	at java.util.concurrent.ForkJoinTask.doExec(ForkJoinTask.java:373) ~[?:?]
	at java.util.concurrent.ForkJoinPool$WorkQueue.topLevelExec(ForkJoinPool.java:1182) ~[?:?]
	at java.util.concurrent.ForkJoinPool.scan(ForkJoinPool.java:1655) ~[?:?]
	at java.util.concurrent.ForkJoinPool.runWorker(ForkJoinPool.java:1622) ~[?:?]
	at java.util.concurrent.ForkJoinWorkerThread.run(ForkJoinWorkerThread.java:165) ~[?:?]
Caused by: java.io.EOFException: End of input at line 1 column 1 path $
	at com.google.gson.stream.JsonReader.nextNonWhitespace(JsonReader.java:1455) ~[gson-2.10.jar%2372!/:?]
	at com.google.gson.stream.JsonReader.doPeek(JsonReader.java:558) ~[gson-2.10.jar%2372!/:?]
	at com.google.gson.stream.JsonReader.peek(JsonReader.java:433) ~[gson-2.10.jar%2372!/:?]
	at com.google.gson.internal.bind.TypeAdapters$28.read(TypeAdapters.java:769) ~[gson-2.10.jar%2372!/:?]
	at com.google.gson.internal.bind.TypeAdapters$28.read(TypeAdapters.java:725) ~[gson-2.10.jar%2372!/:?]
	at com.google.gson.internal.bind.TypeAdapters$34$1.read(TypeAdapters.java:1007) ~[gson-2.10.jar%2372!/:?]
	at net.minecraft.util.GsonHelper.m_13780_(GsonHelper.java:524) ~[server-1.20.1-20230612.114412-srg.jar%23420!/:?]
	... 13 more
[06Jun2026 05:46:30.224] [Worker-Main-2/ERROR] [net.minecraft.server.packs.resources.SimpleJsonResourceReloadListener/]: Couldn't parse data file efn:air_tachi_to_co from efn:recipes/air_tachi_to_co.json
com.google.gson.JsonParseException: java.io.EOFException: End of input at line 1 column 1 path $
	at net.minecraft.util.GsonHelper.m_13780_(GsonHelper.java:526) ~[server-1.20.1-20230612.114412-srg.jar%23420!/:?]
	at net.minecraft.util.GsonHelper.m_263475_(GsonHelper.java:531) ~[server-1.20.1-20230612.114412-srg.jar%23420!/:?]
	at net.minecraft.util.GsonHelper.m_13776_(GsonHelper.java:581) ~[server-1.20.1-20230612.114412-srg.jar%23420!/:?]
	at net.minecraft.server.packs.resources.SimpleJsonResourceReloadListener.m_278771_(SimpleJsonResourceReloadListener.java:41) ~[server-1.20.1-20230612.114412-srg.jar%23420!/:?]
	at net.minecraft.server.packs.resources.SimpleJsonResourceReloadListener.m_5944_(SimpleJsonResourceReloadListener.java:29) ~[server-1.20.1-20230612.114412-srg.jar%23420!/:?]
	at net.minecraft.server.packs.resources.SimpleJsonResourceReloadListener.m_5944_(SimpleJsonResourceReloadListener.java:17) ~[server-1.20.1-20230612.114412-srg.jar%23420!/:?]
	at net.minecraft.server.packs.resources.SimplePreparableReloadListener.m_10786_(SimplePreparableReloadListener.java:11) ~[server-1.20.1-20230612.114412-srg.jar%23420!/:?]
	at java.util.concurrent.CompletableFuture$AsyncSupply.run(CompletableFuture.java:1768) ~[?:?]
	at java.util.concurrent.CompletableFuture$AsyncSupply.exec(CompletableFuture.java:1760) ~[?:?]
	at java.util.concurrent.ForkJoinTask.doExec(ForkJoinTask.java:373) ~[?:?]
	at java.util.concurrent.ForkJoinPool$WorkQueue.topLevelExec(ForkJoinPool.java:1182) ~[?:?]
	at java.util.concurrent.ForkJoinPool.scan(ForkJoinPool.java:1655) ~[?:?]
	at java.util.concurrent.ForkJoinPool.runWorker(ForkJoinPool.java:1622) ~[?:?]
	at java.util.concurrent.ForkJoinWorkerThread.run(ForkJoinWorkerThread.java:165) ~[?:?]
Caused by: java.io.EOFException: End of input at line 1 column 1 path $
	at com.google.gson.stream.JsonReader.nextNonWhitespace(JsonReader.java:1455) ~[gson-2.10.jar%2372!/:?]
	at com.google.gson.stream.JsonReader.doPeek(JsonReader.java:558) ~[gson-2.10.jar%2372!/:?]
	at com.google.gson.stream.JsonReader.peek(JsonReader.java:433) ~[gson-2.10.jar%2372!/:?]
	at com.google.gson.internal.bind.TypeAdapters$28.read(TypeAdapters.java:769) ~[gson-2.10.jar%2372!/:?]
	at com.google.gson.internal.bind.TypeAdapters$28.read(TypeAdapters.java:725) ~[gson-2.10.jar%2372!/:?]
	at com.google.gson.internal.bind.TypeAdapters$34$1.read(TypeAdapters.java:1007) ~[gson-2.10.jar%2372!/:?]
	at net.minecraft.util.GsonHelper.m_13780_(GsonHelper.java:524) ~[server-1.20.1-20230612.114412-srg.jar%23420!/:?]
	... 13 more
[06Jun2026 05:46:30.228] [Worker-Main-2/ERROR] [net.minecraft.server.packs.resources.SimpleJsonResourceReloadListener/]: Couldn't parse data file dodosmobs:amalgam_claws from dodosmobs:recipes/amalgam_claws.json
com.google.gson.JsonParseException: java.io.EOFException: End of input at line 1 column 1 path $
	at net.minecraft.util.GsonHelper.m_13780_(GsonHelper.java:526) ~[server-1.20.1-20230612.114412-srg.jar%23420!/:?]
	at net.minecraft.util.GsonHelper.m_263475_(GsonHelper.java:531) ~[server-1.20.1-20230612.114412-srg.jar%23420!/:?]
	at net.minecraft.util.GsonHelper.m_13776_(GsonHelper.java:581) ~[server-1.20.1-20230612.114412-srg.jar%23420!/:?]
	at net.minecraft.server.packs.resources.SimpleJsonResourceReloadListener.m_278771_(SimpleJsonResourceReloadListener.java:41) ~[server-1.20.1-20230612.114412-srg.jar%23420!/:?]
	at net.minecraft.server.packs.resources.SimpleJsonResourceReloadListener.m_5944_(SimpleJsonResourceReloadListener.java:29) ~[server-1.20.1-20230612.114412-srg.jar%23420!/:?]
	at net.minecraft.server.packs.resources.SimpleJsonResourceReloadListener.m_5944_(SimpleJsonResourceReloadListener.java:17) ~[server-1.20.1-20230612.114412-srg.jar%23420!/:?]
	at net.minecraft.server.packs.resources.SimplePreparableReloadListener.m_10786_(SimplePreparableReloadListener.java:11) ~[server-1.20.1-20230612.114412-srg.jar%23420!/:?]
	at java.util.concurrent.CompletableFuture$AsyncSupply.run(CompletableFuture.java:1768) ~[?:?]
	at java.util.concurrent.CompletableFuture$AsyncSupply.exec(CompletableFuture.java:1760) ~[?:?]
	at java.util.concurrent.ForkJoinTask.doExec(ForkJoinTask.java:373) ~[?:?]
	at java.util.concurrent.ForkJoinPool$WorkQueue.topLevelExec(ForkJoinPool.java:1182) ~[?:?]
	at java.util.concurrent.ForkJoinPool.scan(ForkJoinPool.java:1655) ~[?:?]
	at java.util.concurrent.ForkJoinPool.runWorker(ForkJoinPool.java:1622) ~[?:?]
	at java.util.concurrent.ForkJoinWorkerThread.run(ForkJoinWorkerThread.java:165) ~[?:?]
Caused by: java.io.EOFException: End of input at line 1 column 1 path $
	at com.google.gson.stream.JsonReader.nextNonWhitespace(JsonReader.java:1455) ~[gson-2.10.jar%2372!/:?]
	at com.google.gson.stream.JsonReader.doPeek(JsonReader.java:558) ~[gson-2.10.jar%2372!/:?]
	at com.google.gson.stream.JsonReader.peek(JsonReader.java:433) ~[gson-2.10.jar%2372!/:?]
	at com.google.gson.internal.bind.TypeAdapters$28.read(TypeAdapters.java:769) ~[gson-2.10.jar%2372!/:?]
	at com.google.gson.internal.bind.TypeAdapters$28.read(TypeAdapters.java:725) ~[gson-2.10.jar%2372!/:?]
	at com.google.gson.internal.bind.TypeAdapters$34$1.read(TypeAdapters.java:1007) ~[gson-2.10.jar%2372!/:?]
	at net.minecraft.util.GsonHelper.m_13780_(GsonHelper.java:524) ~[server-1.20.1-20230612.114412-srg.jar%23420!/:?]
	... 13 more
[06Jun2026 05:46:30.229] [Worker-Main-2/ERROR] [net.minecraft.server.packs.resources.SimpleJsonResourceReloadListener/]: Couldn't parse data file irons_spellbooks:amethyst_rapier from irons_spellbooks:recipes/amethyst_rapier.json
com.google.gson.JsonParseException: java.io.EOFException: End of input at line 1 column 1 path $
	at net.minecraft.util.GsonHelper.m_13780_(GsonHelper.java:526) ~[server-1.20.1-20230612.114412-srg.jar%23420!/:?]
	at net.minecraft.util.GsonHelper.m_263475_(GsonHelper.java:531) ~[server-1.20.1-20230612.114412-srg.jar%23420!/:?]
	at net.minecraft.util.GsonHelper.m_13776_(GsonHelper.java:581) ~[server-1.20.1-20230612.114412-srg.jar%23420!/:?]
	at net.minecraft.server.packs.resources.SimpleJsonResourceReloadListener.m_278771_(SimpleJsonResourceReloadListener.java:41) ~[server-1.20.1-20230612.114412-srg.jar%23420!/:?]
	at net.minecraft.server.packs.resources.SimpleJsonResourceReloadListener.m_5944_(SimpleJsonResourceReloadListener.java:29) ~[server-1.20.1-20230612.114412-srg.jar%23420!/:?]
	at net.minecraft.server.packs.resources.SimpleJsonResourceReloadListener.m_5944_(SimpleJsonResourceReloadListener.java:17) ~[server-1.20.1-20230612.114412-srg.jar%23420!/:?]
	at net.minecraft.server.packs.resources.SimplePreparableReloadListener.m_10786_(SimplePreparableReloadListener.java:11) ~[server-1.20.1-20230612.114412-srg.jar%23420!/:?]
	at java.util.concurrent.CompletableFuture$AsyncSupply.run(CompletableFuture.java:1768) ~[?:?]
	at java.util.concurrent.CompletableFuture$AsyncSupply.exec(CompletableFuture.java:1760) ~[?:?]
	at java.util.concurrent.ForkJoinTask.doExec(ForkJoinTask.java:373) ~[?:?]
	at java.util.concurrent.ForkJoinPool$WorkQueue.topLevelExec(ForkJoinPool.java:1182) ~[?:?]
	at java.util.concurrent.ForkJoinPool.scan(ForkJoinPool.java:1655) ~[?:?]
	at java.util.concurrent.ForkJoinPool.runWorker(ForkJoinPool.java:1622) ~[?:?]
	at java.util.concurrent.ForkJoinWorkerThread.run(ForkJoinWorkerThread.java:165) ~[?:?]
Caused by: java.io.EOFException: End of input at line 1 column 1 path $
	at com.google.gson.stream.JsonReader.nextNonWhitespace(JsonReader.java:1455) ~[gson-2.10.jar%2372!/:?]
	at com.google.gson.stream.JsonReader.doPeek(JsonReader.java:558) ~[gson-2.10.jar%2372!/:?]
	at com.google.gson.stream.JsonReader.peek(JsonReader.java:433) ~[gson-2.10.jar%2372!/:?]
	at com.google.gson.internal.bind.TypeAdapters$28.read(TypeAdapters.java:769) ~[gson-2.10.jar%2372!/:?]
	at com.google.gson.internal.bind.TypeAdapters$28.read(TypeAdapters.java:725) ~[gson-2.10.jar%2372!/:?]
	at com.google.gson.internal.bind.TypeAdapters$34$1.read(TypeAdapters.java:1007) ~[gson-2.10.jar%2372!/:?]
	at net.minecraft.util.GsonHelper.m_13780_(GsonHelper.java:524) ~[server-1.20.1-20230612.114412-srg.jar%23420!/:?]
	... 13 more
[06Jun2026 05:46:30.230] [Worker-Main-2/ERROR] [net.minecraft.server.packs.resources.SimpleJsonResourceReloadListener/]: Couldn't parse data file cataclysm:ancient_spear from cataclysm:recipes/ancient_spear.json
com.google.gson.JsonParseException: java.io.EOFException: End of input at line 1 column 1 path $
	at net.minecraft.util.GsonHelper.m_13780_(GsonHelper.java:526) ~[server-1.20.1-20230612.114412-srg.jar%23420!/:?]
	at net.minecraft.util.GsonHelper.m_263475_(GsonHelper.java:531) ~[server-1.20.1-20230612.114412-srg.jar%23420!/:?]
	at net.minecraft.util.GsonHelper.m_13776_(GsonHelper.java:581) ~[server-1.20.1-20230612.114412-srg.jar%23420!/:?]
	at net.minecraft.server.packs.resources.SimpleJsonResourceReloadListener.m_278771_(SimpleJsonResourceReloadListener.java:41) ~[server-1.20.1-20230612.114412-srg.jar%23420!/:?]
	at net.minecraft.server.packs.resources.SimpleJsonResourceReloadListener.m_5944_(SimpleJsonResourceReloadListener.java:29) ~[server-1.20.1-20230612.114412-srg.jar%23420!/:?]
	at net.minecraft.server.packs.resources.SimpleJsonResourceReloadListener.m_5944_(SimpleJsonResourceReloadListener.java:17) ~[server-1.20.1-20230612.114412-srg.jar%23420!/:?]
	at net.minecraft.server.packs.resources.SimplePreparableReloadListener.m_10786_(SimplePreparableReloadListener.java:11) ~[server-1.20.1-20230612.114412-srg.jar%23420!/:?]
	at java.util.concurrent.CompletableFuture$AsyncSupply.run(CompletableFuture.java:1768) ~[?:?]
	at java.util.concurrent.CompletableFuture$AsyncSupply.exec(CompletableFuture.java:1760) ~[?:?]
	at java.util.concurrent.ForkJoinTask.doExec(ForkJoinTask.java:373) ~[?:?]
	at java.util.concurrent.ForkJoinPool$WorkQueue.topLevelExec(ForkJoinPool.java:1182) ~[?:?]
	at java.util.concurrent.ForkJoinPool.scan(ForkJoinPool.java:1655) ~[?:?]
	at java.util.concurrent.ForkJoinPool.runWorker(ForkJoinPool.java:1622) ~[?:?]
	at java.util.concurrent.ForkJoinWorkerThread.run(ForkJoinWorkerThread.java:165) ~[?:?]
Caused by: java.io.EOFException: End of input at line 1 column 1 path $
	at com.google.gson.stream.JsonReader.nextNonWhitespace(JsonReader.java:1455) ~[gson-2.10.jar%2372!/:?]
	at com.google.gson.stream.JsonReader.doPeek(JsonReader.java:558) ~[gson-2.10.jar%2372!/:?]
	at com.google.gson.stream.JsonReader.peek(JsonReader.java:433) ~[gson-2.10.jar%2372!/:?]
	at com.google.gson.internal.bind.TypeAdapters$28.read(TypeAdapters.java:769) ~[gson-2.10.jar%2372!/:?]
	at com.google.gson.internal.bind.TypeAdapters$28.read(TypeAdapters.java:725) ~[gson-2.10.jar%2372!/:?]
	at com.google.gson.internal.bind.TypeAdapters$34$1.read(TypeAdapters.java:1007) ~[gson-2.10.jar%2372!/:?]
	at net.minecraft.util.GsonHelper.m_13780_(GsonHelper.java:524) ~[server-1.20.1-20230612.114412-srg.jar%23420!/:?]
	... 13 more
[06Jun2026 05:46:30.244] [Worker-Main-2/ERROR] [net.minecraft.server.packs.resources.SimpleJsonResourceReloadListener/]: Couldn't parse data file irons_spellbooks:arcane_anvil from irons_spellbooks:recipes/arcane_anvil.json
com.google.gson.JsonParseException: java.io.EOFException: End of input at line 1 column 1 path $
	at net.minecraft.util.GsonHelper.m_13780_(GsonHelper.java:526) ~[server-1.20.1-20230612.114412-srg.jar%23420!/:?]
	at net.minecraft.util.GsonHelper.m_263475_(GsonHelper.java:531) ~[server-1.20.1-20230612.114412-srg.jar%23420!/:?]
	at net.minecraft.util.GsonHelper.m_13776_(GsonHelper.java:581) ~[server-1.20.1-20230612.114412-srg.jar%23420!/:?]
	at net.minecraft.server.packs.resources.SimpleJsonResourceReloadListener.m_278771_(SimpleJsonResourceReloadListener.java:41) ~[server-1.20.1-20230612.114412-srg.jar%23420!/:?]
	at net.minecraft.server.packs.resources.SimpleJsonResourceReloadListener.m_5944_(SimpleJsonResourceReloadListener.java:29) ~[server-1.20.1-20230612.114412-srg.jar%23420!/:?]
	at net.minecraft.server.packs.resources.SimpleJsonResourceReloadListener.m_5944_(SimpleJsonResourceReloadListener.java:17) ~[server-1.20.1-20230612.114412-srg.jar%23420!/:?]
	at net.minecraft.server.packs.resources.SimplePreparableReloadListener.m_10786_(SimplePreparableReloadListener.java:11) ~[server-1.20.1-20230612.114412-srg.jar%23420!/:?]
	at java.util.concurrent.CompletableFuture$AsyncSupply.run(CompletableFuture.java:1768) ~[?:?]
	at java.util.concurrent.CompletableFuture$AsyncSupply.exec(CompletableFuture.java:1760) ~[?:?]
	at java.util.concurrent.ForkJoinTask.doExec(ForkJoinTask.java:373) ~[?:?]
	at java.util.concurrent.ForkJoinPool$WorkQueue.topLevelExec(ForkJoinPool.java:1182) ~[?:?]
	at java.util.concurrent.ForkJoinPool.scan(ForkJoinPool.java:1655) ~[?:?]
	at java.util.concurrent.ForkJoinPool.runWorker(ForkJoinPool.java:1622) ~[?:?]
	at java.util.concurrent.ForkJoinWorkerThread.run(ForkJoinWorkerThread.java:165) ~[?:?]
Caused by: java.io.EOFException: End of input at line 1 column 1 path $
	at com.google.gson.stream.JsonReader.nextNonWhitespace(JsonReader.java:1455) ~[gson-2.10.jar%2372!/:?]
	at com.google.gson.stream.JsonReader.doPeek(JsonReader.java:558) ~[gson-2.10.jar%2372!/:?]
	at com.google.gson.stream.JsonReader.peek(JsonReader.java:433) ~[gson-2.10.jar%2372!/:?]
	at com.google.gson.internal.bind.TypeAdapters$28.read(TypeAdapters.java:769) ~[gson-2.10.jar%2372!/:?]
	at com.google.gson.internal.bind.TypeAdapters$28.read(TypeAdapters.java:725) ~[gson-2.10.jar%2372!/:?]
	at com.google.gson.internal.bind.TypeAdapters$34$1.read(TypeAdapters.java:1007) ~[gson-2.10.jar%2372!/:?]
	at net.minecraft.util.GsonHelper.m_13780_(GsonHelper.java:524) ~[server-1.20.1-20230612.114412-srg.jar%23420!/:?]
	... 13 more
[06Jun2026 05:46:30.248] [Worker-Main-2/ERROR] [net.minecraft.server.packs.resources.SimpleJsonResourceReloadListener/]: Couldn't parse data file irons_spellbooks:artificer_cane from irons_spellbooks:recipes/artificer_cane.json
com.google.gson.JsonParseException: java.io.EOFException: End of input at line 1 column 1 path $
	at net.minecraft.util.GsonHelper.m_13780_(GsonHelper.java:526) ~[server-1.20.1-20230612.114412-srg.jar%23420!/:?]
	at net.minecraft.util.GsonHelper.m_263475_(GsonHelper.java:531) ~[server-1.20.1-20230612.114412-srg.jar%23420!/:?]
	at net.minecraft.util.GsonHelper.m_13776_(GsonHelper.java:581) ~[server-1.20.1-20230612.114412-srg.jar%23420!/:?]
	at net.minecraft.server.packs.resources.SimpleJsonResourceReloadListener.m_278771_(SimpleJsonResourceReloadListener.java:41) ~[server-1.20.1-20230612.114412-srg.jar%23420!/:?]
	at net.minecraft.server.packs.resources.SimpleJsonResourceReloadListener.m_5944_(SimpleJsonResourceReloadListener.java:29) ~[server-1.20.1-20230612.114412-srg.jar%23420!/:?]
	at net.minecraft.server.packs.resources.SimpleJsonResourceReloadListener.m_5944_(SimpleJsonResourceReloadListener.java:17) ~[server-1.20.1-20230612.114412-srg.jar%23420!/:?]
	at net.minecraft.server.packs.resources.SimplePreparableReloadListener.m_10786_(SimplePreparableReloadListener.java:11) ~[server-1.20.1-20230612.114412-srg.jar%23420!/:?]
	at java.util.concurrent.CompletableFuture$AsyncSupply.run(CompletableFuture.java:1768) ~[?:?]
	at java.util.concurrent.CompletableFuture$AsyncSupply.exec(CompletableFuture.java:1760) ~[?:?]
	at java.util.concurrent.ForkJoinTask.doExec(ForkJoinTask.java:373) ~[?:?]
	at java.util.concurrent.ForkJoinPool$WorkQueue.topLevelExec(ForkJoinPool.java:1182) ~[?:?]
	at java.util.concurrent.ForkJoinPool.scan(ForkJoinPool.java:1655) ~[?:?]
	at java.util.concurrent.ForkJoinPool.runWorker(ForkJoinPool.java:1622) ~[?:?]
	at java.util.concurrent.ForkJoinWorkerThread.run(ForkJoinWorkerThread.java:165) ~[?:?]
Caused by: java.io.EOFException: End of input at line 1 column 1 path $
	at com.google.gson.stream.JsonReader.nextNonWhitespace(JsonReader.java:1455) ~[gson-2.10.jar%2372!/:?]
	at com.google.gson.stream.JsonReader.doPeek(JsonReader.java:558) ~[gson-2.10.jar%2372!/:?]
	at com.google.gson.stream.JsonReader.peek(JsonReader.java:433) ~[gson-2.10.jar%2372!/:?]
	at com.google.gson.internal.bind.TypeAdapters$28.read(TypeAdapters.java:769) ~[gson-2.10.jar%2372!/:?]
	at com.google.gson.internal.bind.TypeAdapters$28.read(TypeAdapters.java:725) ~[gson-2.10.jar%2372!/:?]
	at com.google.gson.internal.bind.TypeAdapters$34$1.read(TypeAdapters.java:1007) ~[gson-2.10.jar%2372!/:?]
	at net.minecraft.util.GsonHelper.m_13780_(GsonHelper.java:524) ~[server-1.20.1-20230612.114412-srg.jar%23420!/:?]
	... 13 more
[06Jun2026 05:46:30.252] [Worker-Main-2/ERROR] [net.minecraft.server.packs.resources.SimpleJsonResourceReloadListener/]: Couldn't parse data file cataclysm:astrape from cataclysm:recipes/astrape.json
com.google.gson.JsonParseException: java.io.EOFException: End of input at line 1 column 1 path $
	at net.minecraft.util.GsonHelper.m_13780_(GsonHelper.java:526) ~[server-1.20.1-20230612.114412-srg.jar%23420!/:?]
	at net.minecraft.util.GsonHelper.m_263475_(GsonHelper.java:531) ~[server-1.20.1-20230612.114412-srg.jar%23420!/:?]
	at net.minecraft.util.GsonHelper.m_13776_(GsonHelper.java:581) ~[server-1.20.1-20230612.114412-srg.jar%23420!/:?]
	at net.minecraft.server.packs.resources.SimpleJsonResourceReloadListener.m_278771_(SimpleJsonResourceReloadListener.java:41) ~[server-1.20.1-20230612.114412-srg.jar%23420!/:?]
	at net.minecraft.server.packs.resources.SimpleJsonResourceReloadListener.m_5944_(SimpleJsonResourceReloadListener.java:29) ~[server-1.20.1-20230612.114412-srg.jar%23420!/:?]
	at net.minecraft.server.packs.resources.SimpleJsonResourceReloadListener.m_5944_(SimpleJsonResourceReloadListener.java:17) ~[server-1.20.1-20230612.114412-srg.jar%23420!/:?]
	at net.minecraft.server.packs.resources.SimplePreparableReloadListener.m_10786_(SimplePreparableReloadListener.java:11) ~[server-1.20.1-20230612.114412-srg.jar%23420!/:?]
	at java.util.concurrent.CompletableFuture$AsyncSupply.run(CompletableFuture.java:1768) ~[?:?]
	at java.util.concurrent.CompletableFuture$AsyncSupply.exec(CompletableFuture.java:1760) ~[?:?]
	at java.util.concurrent.ForkJoinTask.doExec(ForkJoinTask.java:373) ~[?:?]
	at java.util.concurrent.ForkJoinPool$WorkQueue.topLevelExec(ForkJoinPool.java:1182) ~[?:?]
	at java.util.concurrent.ForkJoinPool.scan(ForkJoinPool.java:1655) ~[?:?]
	at java.util.concurrent.ForkJoinPool.runWorker(ForkJoinPool.java:1622) ~[?:?]
	at java.util.concurrent.ForkJoinWorkerThread.run(ForkJoinWorkerThread.java:165) ~[?:?]
Caused by: java.io.EOFException: End of input at line 1 column 1 path $
	at com.google.gson.stream.JsonReader.nextNonWhitespace(JsonReader.java:1455) ~[gson-2.10.jar%2372!/:?]
	at com.google.gson.stream.JsonReader.doPeek(JsonReader.java:558) ~[gson-2.10.jar%2372!/:?]
	at com.google.gson.stream.JsonReader.peek(JsonReader.java:433) ~[gson-2.10.jar%2372!/:?]
	at com.google.gson.internal.bind.TypeAdapters$28.read(TypeAdapters.java:769) ~[gson-2.10.jar%2372!/:?]
	at com.google.gson.internal.bind.TypeAdapters$28.read(TypeAdapters.java:725) ~[gson-2.10.jar%2372!/:?]
	at com.google.gson.internal.bind.TypeAdapters$34$1.read(TypeAdapters.java:1007) ~[gson-2.10.jar%2372!/:?]
	at net.minecraft.util.GsonHelper.m_13780_(GsonHelper.java:524) ~[server-1.20.1-20230612.114412-srg.jar%23420!/:?]
	... 13 more
[06Jun2026 05:46:30.269] [Worker-Main-2/ERROR] [net.minecraft.server.packs.resources.SimpleJsonResourceReloadListener/]: Couldn't parse data file cataclysm:blazing_grips from cataclysm:recipes/blazing_grips.json
com.google.gson.JsonParseException: java.io.EOFException: End of input at line 1 column 1 path $
	at net.minecraft.util.GsonHelper.m_13780_(GsonHelper.java:526) ~[server-1.20.1-20230612.114412-srg.jar%23420!/:?]
	at net.minecraft.util.GsonHelper.m_263475_(GsonHelper.java:531) ~[server-1.20.1-20230612.114412-srg.jar%23420!/:?]
	at net.minecraft.util.GsonHelper.m_13776_(GsonHelper.java:581) ~[server-1.20.1-20230612.114412-srg.jar%23420!/:?]
	at net.minecraft.server.packs.resources.SimpleJsonResourceReloadListener.m_278771_(SimpleJsonResourceReloadListener.java:41) ~[server-1.20.1-20230612.114412-srg.jar%23420!/:?]
	at net.minecraft.server.packs.resources.SimpleJsonResourceReloadListener.m_5944_(SimpleJsonResourceReloadListener.java:29) ~[server-1.20.1-20230612.114412-srg.jar%23420!/:?]
	at net.minecraft.server.packs.resources.SimpleJsonResourceReloadListener.m_5944_(SimpleJsonResourceReloadListener.java:17) ~[server-1.20.1-20230612.114412-srg.jar%23420!/:?]
	at net.minecraft.server.packs.resources.SimplePreparableReloadListener.m_10786_(SimplePreparableReloadListener.java:11) ~[server-1.20.1-20230612.114412-srg.jar%23420!/:?]
	at java.util.concurrent.CompletableFuture$AsyncSupply.run(CompletableFuture.java:1768) ~[?:?]
	at java.util.concurrent.CompletableFuture$AsyncSupply.exec(CompletableFuture.java:1760) ~[?:?]
	at java.util.concurrent.ForkJoinTask.doExec(ForkJoinTask.java:373) ~[?:?]
	at java.util.concurrent.ForkJoinPool$WorkQueue.topLevelExec(ForkJoinPool.java:1182) ~[?:?]
	at java.util.concurrent.ForkJoinPool.scan(ForkJoinPool.java:1655) ~[?:?]
	at java.util.concurrent.ForkJoinPool.runWorker(ForkJoinPool.java:1622) ~[?:?]
	at java.util.concurrent.ForkJoinWorkerThread.run(ForkJoinWorkerThread.java:165) ~[?:?]
Caused by: java.io.EOFException: End of input at line 1 column 1 path $
	at com.google.gson.stream.JsonReader.nextNonWhitespace(JsonReader.java:1455) ~[gson-2.10.jar%2372!/:?]
	at com.google.gson.stream.JsonReader.doPeek(JsonReader.java:558) ~[gson-2.10.jar%2372!/:?]
	at com.google.gson.stream.JsonReader.peek(JsonReader.java:433) ~[gson-2.10.jar%2372!/:?]
	at com.google.gson.internal.bind.TypeAdapters$28.read(TypeAdapters.java:769) ~[gson-2.10.jar%2372!/:?]
	at com.google.gson.internal.bind.TypeAdapters$28.read(TypeAdapters.java:725) ~[gson-2.10.jar%2372!/:?]
	at com.google.gson.internal.bind.TypeAdapters$34$1.read(TypeAdapters.java:1007) ~[gson-2.10.jar%2372!/:?]
	at net.minecraft.util.GsonHelper.m_13780_(GsonHelper.java:524) ~[server-1.20.1-20230612.114412-srg.jar%23420!/:?]
	... 13 more
[06Jun2026 05:46:30.271] [Worker-Main-2/ERROR] [net.minecraft.server.packs.resources.SimpleJsonResourceReloadListener/]: Couldn't parse data file cataclysm_spellbooks:bloom_stone_staff from cataclysm_spellbooks:recipes/bloom_stone_staff.json
com.google.gson.JsonParseException: java.io.EOFException: End of input at line 1 column 1 path $
	at net.minecraft.util.GsonHelper.m_13780_(GsonHelper.java:526) ~[server-1.20.1-20230612.114412-srg.jar%23420!/:?]
	at net.minecraft.util.GsonHelper.m_263475_(GsonHelper.java:531) ~[server-1.20.1-20230612.114412-srg.jar%23420!/:?]
	at net.minecraft.util.GsonHelper.m_13776_(GsonHelper.java:581) ~[server-1.20.1-20230612.114412-srg.jar%23420!/:?]
	at net.minecraft.server.packs.resources.SimpleJsonResourceReloadListener.m_278771_(SimpleJsonResourceReloadListener.java:41) ~[server-1.20.1-20230612.114412-srg.jar%23420!/:?]
	at net.minecraft.server.packs.resources.SimpleJsonResourceReloadListener.m_5944_(SimpleJsonResourceReloadListener.java:29) ~[server-1.20.1-20230612.114412-srg.jar%23420!/:?]
	at net.minecraft.server.packs.resources.SimpleJsonResourceReloadListener.m_5944_(SimpleJsonResourceReloadListener.java:17) ~[server-1.20.1-20230612.114412-srg.jar%23420!/:?]
	at net.minecraft.server.packs.resources.SimplePreparableReloadListener.m_10786_(SimplePreparableReloadListener.java:11) ~[server-1.20.1-20230612.114412-srg.jar%23420!/:?]
	at java.util.concurrent.CompletableFuture$AsyncSupply.run(CompletableFuture.java:1768) ~[?:?]
	at java.util.concurrent.CompletableFuture$AsyncSupply.exec(CompletableFuture.java:1760) ~[?:?]
	at java.util.concurrent.ForkJoinTask.doExec(ForkJoinTask.java:373) ~[?:?]
	at java.util.concurrent.ForkJoinPool$WorkQueue.topLevelExec(ForkJoinPool.java:1182) ~[?:?]
	at java.util.concurrent.ForkJoinPool.scan(ForkJoinPool.java:1655) ~[?:?]
	at java.util.concurrent.ForkJoinPool.runWorker(ForkJoinPool.java:1622) ~[?:?]
	at java.util.concurrent.ForkJoinWorkerThread.run(ForkJoinWorkerThread.java:165) ~[?:?]
Caused by: java.io.EOFException: End of input at line 1 column 1 path $
	at com.google.gson.stream.JsonReader.nextNonWhitespace(JsonReader.java:1455) ~[gson-2.10.jar%2372!/:?]
	at com.google.gson.stream.JsonReader.doPeek(JsonReader.java:558) ~[gson-2.10.jar%2372!/:?]
	at com.google.gson.stream.JsonReader.peek(JsonReader.java:433) ~[gson-2.10.jar%2372!/:?]
	at com.google.gson.internal.bind.TypeAdapters$28.read(TypeAdapters.java:769) ~[gson-2.10.jar%2372!/:?]
	at com.google.gson.internal.bind.TypeAdapters$28.read(TypeAdapters.java:725) ~[gson-2.10.jar%2372!/:?]
	at com.google.gson.internal.bind.TypeAdapters$34$1.read(TypeAdapters.java:1007) ~[gson-2.10.jar%2372!/:?]
	at net.minecraft.util.GsonHelper.m_13780_(GsonHelper.java:524) ~[server-1.20.1-20230612.114412-srg.jar%23420!/:?]
	... 13 more
[06Jun2026 05:46:30.274] [Worker-Main-2/ERROR] [net.minecraft.server.packs.resources.SimpleJsonResourceReloadListener/]: Couldn't parse data file irons_spellbooks:boreal_blade from irons_spellbooks:recipes/boreal_blade.json
com.google.gson.JsonParseException: java.io.EOFException: End of input at line 1 column 1 path $
	at net.minecraft.util.GsonHelper.m_13780_(GsonHelper.java:526) ~[server-1.20.1-20230612.114412-srg.jar%23420!/:?]
	at net.minecraft.util.GsonHelper.m_263475_(GsonHelper.java:531) ~[server-1.20.1-20230612.114412-srg.jar%23420!/:?]
	at net.minecraft.util.GsonHelper.m_13776_(GsonHelper.java:581) ~[server-1.20.1-20230612.114412-srg.jar%23420!/:?]
	at net.minecraft.server.packs.resources.SimpleJsonResourceReloadListener.m_278771_(SimpleJsonResourceReloadListener.java:41) ~[server-1.20.1-20230612.114412-srg.jar%23420!/:?]
	at net.minecraft.server.packs.resources.SimpleJsonResourceReloadListener.m_5944_(SimpleJsonResourceReloadListener.java:29) ~[server-1.20.1-20230612.114412-srg.jar%23420!/:?]
	at net.minecraft.server.packs.resources.SimpleJsonResourceReloadListener.m_5944_(SimpleJsonResourceReloadListener.java:17) ~[server-1.20.1-20230612.114412-srg.jar%23420!/:?]
	at net.minecraft.server.packs.resources.SimplePreparableReloadListener.m_10786_(SimplePreparableReloadListener.java:11) ~[server-1.20.1-20230612.114412-srg.jar%23420!/:?]
	at java.util.concurrent.CompletableFuture$AsyncSupply.run(CompletableFuture.java:1768) ~[?:?]
	at java.util.concurrent.CompletableFuture$AsyncSupply.exec(CompletableFuture.java:1760) ~[?:?]
	at java.util.concurrent.ForkJoinTask.doExec(ForkJoinTask.java:373) ~[?:?]
	at java.util.concurrent.ForkJoinPool$WorkQueue.topLevelExec(ForkJoinPool.java:1182) ~[?:?]
	at java.util.concurrent.ForkJoinPool.scan(ForkJoinPool.java:1655) ~[?:?]
	at java.util.concurrent.ForkJoinPool.runWorker(ForkJoinPool.java:1622) ~[?:?]
	at java.util.concurrent.ForkJoinWorkerThread.run(ForkJoinWorkerThread.java:165) ~[?:?]
Caused by: java.io.EOFException: End of input at line 1 column 1 path $
	at com.google.gson.stream.JsonReader.nextNonWhitespace(JsonReader.java:1455) ~[gson-2.10.jar%2372!/:?]
	at com.google.gson.stream.JsonReader.doPeek(JsonReader.java:558) ~[gson-2.10.jar%2372!/:?]
	at com.google.gson.stream.JsonReader.peek(JsonReader.java:433) ~[gson-2.10.jar%2372!/:?]
	at com.google.gson.internal.bind.TypeAdapters$28.read(TypeAdapters.java:769) ~[gson-2.10.jar%2372!/:?]
	at com.google.gson.internal.bind.TypeAdapters$28.read(TypeAdapters.java:725) ~[gson-2.10.jar%2372!/:?]
	at com.google.gson.internal.bind.TypeAdapters$34$1.read(TypeAdapters.java:1007) ~[gson-2.10.jar%2372!/:?]
	at net.minecraft.util.GsonHelper.m_13780_(GsonHelper.java:524) ~[server-1.20.1-20230612.114412-srg.jar%23420!/:?]
	... 13 more
[06Jun2026 05:46:30.423] [Worker-Main-2/ERROR] [net.minecraft.server.packs.resources.SimpleJsonResourceReloadListener/]: Couldn't parse data file efn:broadblade from efn:recipes/broadblade.json
com.google.gson.JsonParseException: java.io.EOFException: End of input at line 1 column 1 path $
	at net.minecraft.util.GsonHelper.m_13780_(GsonHelper.java:526) ~[server-1.20.1-20230612.114412-srg.jar%23420!/:?]
	at net.minecraft.util.GsonHelper.m_263475_(GsonHelper.java:531) ~[server-1.20.1-20230612.114412-srg.jar%23420!/:?]
	at net.minecraft.util.GsonHelper.m_13776_(GsonHelper.java:581) ~[server-1.20.1-20230612.114412-srg.jar%23420!/:?]
	at net.minecraft.server.packs.resources.SimpleJsonResourceReloadListener.m_278771_(SimpleJsonResourceReloadListener.java:41) ~[server-1.20.1-20230612.114412-srg.jar%23420!/:?]
	at net.minecraft.server.packs.resources.SimpleJsonResourceReloadListener.m_5944_(SimpleJsonResourceReloadListener.java:29) ~[server-1.20.1-20230612.114412-srg.jar%23420!/:?]
	at net.minecraft.server.packs.resources.SimpleJsonResourceReloadListener.m_5944_(SimpleJsonResourceReloadListener.java:17) ~[server-1.20.1-20230612.114412-srg.jar%23420!/:?]
	at net.minecraft.server.packs.resources.SimplePreparableReloadListener.m_10786_(SimplePreparableReloadListener.java:11) ~[server-1.20.1-20230612.114412-srg.jar%23420!/:?]
	at java.util.concurrent.CompletableFuture$AsyncSupply.run(CompletableFuture.java:1768) ~[?:?]
	at java.util.concurrent.CompletableFuture$AsyncSupply.exec(CompletableFuture.java:1760) ~[?:?]
	at java.util.concurrent.ForkJoinTask.doExec(ForkJoinTask.java:373) ~[?:?]
	at java.util.concurrent.ForkJoinPool$WorkQueue.topLevelExec(ForkJoinPool.java:1182) ~[?:?]
	at java.util.concurrent.ForkJoinPool.scan(ForkJoinPool.java:1655) ~[?:?]
	at java.util.concurrent.ForkJoinPool.runWorker(ForkJoinPool.java:1622) ~[?:?]
	at java.util.concurrent.ForkJoinWorkerThread.run(ForkJoinWorkerThread.java:165) ~[?:?]
Caused by: java.io.EOFException: End of input at line 1 column 1 path $
	at com.google.gson.stream.JsonReader.nextNonWhitespace(JsonReader.java:1455) ~[gson-2.10.jar%2372!/:?]
	at com.google.gson.stream.JsonReader.doPeek(JsonReader.java:558) ~[gson-2.10.jar%2372!/:?]
	at com.google.gson.stream.JsonReader.peek(JsonReader.java:433) ~[gson-2.10.jar%2372!/:?]
	at com.google.gson.internal.bind.TypeAdapters$28.read(TypeAdapters.java:769) ~[gson-2.10.jar%2372!/:?]
	at com.google.gson.internal.bind.TypeAdapters$28.read(TypeAdapters.java:725) ~[gson-2.10.jar%2372!/:?]
	at com.google.gson.internal.bind.TypeAdapters$34$1.read(TypeAdapters.java:1007) ~[gson-2.10.jar%2372!/:?]
	at net.minecraft.util.GsonHelper.m_13780_(GsonHelper.java:524) ~[server-1.20.1-20230612.114412-srg.jar%23420!/:?]
	... 13 more
[06Jun2026 05:46:30.489] [Worker-Main-3/ERROR] [net.minecraft.server.packs.resources.SimpleJsonResourceReloadListener/]: Couldn't parse data file irons_spellbooks:chests/trial_chambers/pot_replacement from irons_spellbooks:loot_tables/chests/trial_chambers/pot_replacement.json
com.google.gson.JsonParseException: com.google.gson.stream.MalformedJsonException: Use JsonReader.setLenient(true) to accept malformed JSON at line 21 column 8 path $.pools[0].entries[1]
	at net.minecraft.util.GsonHelper.m_13780_(GsonHelper.java:526) ~[server-1.20.1-20230612.114412-srg.jar%23420!/:?]
	at net.minecraft.util.GsonHelper.m_263475_(GsonHelper.java:531) ~[server-1.20.1-20230612.114412-srg.jar%23420!/:?]
	at net.minecraft.util.GsonHelper.m_13776_(GsonHelper.java:581) ~[server-1.20.1-20230612.114412-srg.jar%23420!/:?]
	at net.minecraft.server.packs.resources.SimpleJsonResourceReloadListener.m_278771_(SimpleJsonResourceReloadListener.java:41) ~[server-1.20.1-20230612.114412-srg.jar%23420!/:?]
	at net.minecraft.world.level.storage.loot.LootDataManager.m_278660_(LootDataManager.java:54) ~[server-1.20.1-20230612.114412-srg.jar%23420!/:?]
	at java.util.concurrent.CompletableFuture$AsyncRun.run(CompletableFuture.java:1804) ~[?:?]
	at java.util.concurrent.CompletableFuture$AsyncRun.exec(CompletableFuture.java:1796) ~[?:?]
	at java.util.concurrent.ForkJoinTask.doExec(ForkJoinTask.java:373) ~[?:?]
	at java.util.concurrent.ForkJoinPool$WorkQueue.topLevelExec(ForkJoinPool.java:1182) ~[?:?]
	at java.util.concurrent.ForkJoinPool.scan(ForkJoinPool.java:1655) ~[?:?]
	at java.util.concurrent.ForkJoinPool.runWorker(ForkJoinPool.java:1622) ~[?:?]
	at java.util.concurrent.ForkJoinWorkerThread.run(ForkJoinWorkerThread.java:165) ~[?:?]
Caused by: com.google.gson.stream.MalformedJsonException: Use JsonReader.setLenient(true) to accept malformed JSON at line 21 column 8 path $.pools[0].entries[1]
	at com.google.gson.stream.JsonReader.syntaxError(JsonReader.java:1657) ~[gson-2.10.jar%2372!/:?]
	at com.google.gson.stream.JsonReader.checkLenient(JsonReader.java:1463) ~[gson-2.10.jar%2372!/:?]
	at com.google.gson.stream.JsonReader.doPeek(JsonReader.java:569) ~[gson-2.10.jar%2372!/:?]
	at com.google.gson.stream.JsonReader.hasNext(JsonReader.java:422) ~[gson-2.10.jar%2372!/:?]
	at com.google.gson.internal.bind.TypeAdapters$28.read(TypeAdapters.java:779) ~[gson-2.10.jar%2372!/:?]
	at com.google.gson.internal.bind.TypeAdapters$28.read(TypeAdapters.java:725) ~[gson-2.10.jar%2372!/:?]
	at com.google.gson.internal.bind.TypeAdapters$34$1.read(TypeAdapters.java:1007) ~[gson-2.10.jar%2372!/:?]
	at net.minecraft.util.GsonHelper.m_13780_(GsonHelper.java:524) ~[server-1.20.1-20230612.114412-srg.jar%23420!/:?]
	... 11 more
[06Jun2026 05:46:30.493] [Worker-Main-3/ERROR] [net.minecraft.server.packs.resources.SimpleJsonResourceReloadListener/]: Couldn't parse data file irons_spellbooks:entities/additional_blaze_loot from irons_spellbooks:loot_tables/entities/additional_blaze_loot.json
com.google.gson.JsonParseException: java.io.EOFException: End of input at line 1 column 1 path $
	at net.minecraft.util.GsonHelper.m_13780_(GsonHelper.java:526) ~[server-1.20.1-20230612.114412-srg.jar%23420!/:?]
	at net.minecraft.util.GsonHelper.m_263475_(GsonHelper.java:531) ~[server-1.20.1-20230612.114412-srg.jar%23420!/:?]
	at net.minecraft.util.GsonHelper.m_13776_(GsonHelper.java:581) ~[server-1.20.1-20230612.114412-srg.jar%23420!/:?]
	at net.minecraft.server.packs.resources.SimpleJsonResourceReloadListener.m_278771_(SimpleJsonResourceReloadListener.java:41) ~[server-1.20.1-20230612.114412-srg.jar%23420!/:?]
	at net.minecraft.world.level.storage.loot.LootDataManager.m_278660_(LootDataManager.java:54) ~[server-1.20.1-20230612.114412-srg.jar%23420!/:?]
	at java.util.concurrent.CompletableFuture$AsyncRun.run(CompletableFuture.java:1804) ~[?:?]
	at java.util.concurrent.CompletableFuture$AsyncRun.exec(CompletableFuture.java:1796) ~[?:?]
	at java.util.concurrent.ForkJoinTask.doExec(ForkJoinTask.java:373) ~[?:?]
	at java.util.concurrent.ForkJoinPool$WorkQueue.topLevelExec(ForkJoinPool.java:1182) ~[?:?]
	at java.util.concurrent.ForkJoinPool.scan(ForkJoinPool.java:1655) ~[?:?]
	at java.util.concurrent.ForkJoinPool.runWorker(ForkJoinPool.java:1622) ~[?:?]
	at java.util.concurrent.ForkJoinWorkerThread.run(ForkJoinWorkerThread.java:165) ~[?:?]
Caused by: java.io.EOFException: End of input at line 1 column 1 path $
	at com.google.gson.stream.JsonReader.nextNonWhitespace(JsonReader.java:1455) ~[gson-2.10.jar%2372!/:?]
	at com.google.gson.stream.JsonReader.doPeek(JsonReader.java:558) ~[gson-2.10.jar%2372!/:?]
	at com.google.gson.stream.JsonReader.peek(JsonReader.java:433) ~[gson-2.10.jar%2372!/:?]
	at com.google.gson.internal.bind.TypeAdapters$28.read(TypeAdapters.java:769) ~[gson-2.10.jar%2372!/:?]
	at com.google.gson.internal.bind.TypeAdapters$28.read(TypeAdapters.java:725) ~[gson-2.10.jar%2372!/:?]
	at com.google.gson.internal.bind.TypeAdapters$34$1.read(TypeAdapters.java:1007) ~[gson-2.10.jar%2372!/:?]
	at net.minecraft.util.GsonHelper.m_13780_(GsonHelper.java:524) ~[server-1.20.1-20230612.114412-srg.jar%23420!/:?]
	... 11 more
[06Jun2026 05:46:30.494] [Worker-Main-3/ERROR] [net.minecraft.server.packs.resources.SimpleJsonResourceReloadListener/]: Couldn't parse data file irons_spellbooks:entities/additional_evoker_loot from irons_spellbooks:loot_tables/entities/additional_evoker_loot.json
com.google.gson.JsonParseException: java.io.EOFException: End of input at line 1 column 1 path $
	at net.minecraft.util.GsonHelper.m_13780_(GsonHelper.java:526) ~[server-1.20.1-20230612.114412-srg.jar%23420!/:?]
	at net.minecraft.util.GsonHelper.m_263475_(GsonHelper.java:531) ~[server-1.20.1-20230612.114412-srg.jar%23420!/:?]
	at net.minecraft.util.GsonHelper.m_13776_(GsonHelper.java:581) ~[server-1.20.1-20230612.114412-srg.jar%23420!/:?]
	at net.minecraft.server.packs.resources.SimpleJsonResourceReloadListener.m_278771_(SimpleJsonResourceReloadListener.java:41) ~[server-1.20.1-20230612.114412-srg.jar%23420!/:?]
	at net.minecraft.world.level.storage.loot.LootDataManager.m_278660_(LootDataManager.java:54) ~[server-1.20.1-20230612.114412-srg.jar%23420!/:?]
	at java.util.concurrent.CompletableFuture$AsyncRun.run(CompletableFuture.java:1804) ~[?:?]
	at java.util.concurrent.CompletableFuture$AsyncRun.exec(CompletableFuture.java:1796) ~[?:?]
	at java.util.concurrent.ForkJoinTask.doExec(ForkJoinTask.java:373) ~[?:?]
	at java.util.concurrent.ForkJoinPool$WorkQueue.topLevelExec(ForkJoinPool.java:1182) ~[?:?]
	at java.util.concurrent.ForkJoinPool.scan(ForkJoinPool.java:1655) ~[?:?]
	at java.util.concurrent.ForkJoinPool.runWorker(ForkJoinPool.java:1622) ~[?:?]
	at java.util.concurrent.ForkJoinWorkerThread.run(ForkJoinWorkerThread.java:165) ~[?:?]
Caused by: java.io.EOFException: End of input at line 1 column 1 path $
	at com.google.gson.stream.JsonReader.nextNonWhitespace(JsonReader.java:1455) ~[gson-2.10.jar%2372!/:?]
	at com.google.gson.stream.JsonReader.doPeek(JsonReader.java:558) ~[gson-2.10.jar%2372!/:?]
	at com.google.gson.stream.JsonReader.peek(JsonReader.java:433) ~[gson-2.10.jar%2372!/:?]
	at com.google.gson.internal.bind.TypeAdapters$28.read(TypeAdapters.java:769) ~[gson-2.10.jar%2372!/:?]
	at com.google.gson.internal.bind.TypeAdapters$28.read(TypeAdapters.java:725) ~[gson-2.10.jar%2372!/:?]
	at com.google.gson.internal.bind.TypeAdapters$34$1.read(TypeAdapters.java:1007) ~[gson-2.10.jar%2372!/:?]
	at net.minecraft.util.GsonHelper.m_13780_(GsonHelper.java:524) ~[server-1.20.1-20230612.114412-srg.jar%23420!/:?]
	... 11 more
[06Jun2026 05:46:30.498] [Worker-Main-3/ERROR] [net.minecraft.server.packs.resources.SimpleJsonResourceReloadListener/]: Couldn't parse data file cataclysm_spellbooks:entities/burning_knowledge_fragments from cataclysm_spellbooks:loot_tables/entities/burning_knowledge_fragments.json
com.google.gson.JsonParseException: java.io.EOFException: End of input at line 1 column 1 path $
	at net.minecraft.util.GsonHelper.m_13780_(GsonHelper.java:526) ~[server-1.20.1-20230612.114412-srg.jar%23420!/:?]
	at net.minecraft.util.GsonHelper.m_263475_(GsonHelper.java:531) ~[server-1.20.1-20230612.114412-srg.jar%23420!/:?]
	at net.minecraft.util.GsonHelper.m_13776_(GsonHelper.java:581) ~[server-1.20.1-20230612.114412-srg.jar%23420!/:?]
	at net.minecraft.server.packs.resources.SimpleJsonResourceReloadListener.m_278771_(SimpleJsonResourceReloadListener.java:41) ~[server-1.20.1-20230612.114412-srg.jar%23420!/:?]
	at net.minecraft.world.level.storage.loot.LootDataManager.m_278660_(LootDataManager.java:54) ~[server-1.20.1-20230612.114412-srg.jar%23420!/:?]
	at java.util.concurrent.CompletableFuture$AsyncRun.run(CompletableFuture.java:1804) ~[?:?]
	at java.util.concurrent.CompletableFuture$AsyncRun.exec(CompletableFuture.java:1796) ~[?:?]
	at java.util.concurrent.ForkJoinTask.doExec(ForkJoinTask.java:373) ~[?:?]
	at java.util.concurrent.ForkJoinPool$WorkQueue.topLevelExec(ForkJoinPool.java:1182) ~[?:?]
	at java.util.concurrent.ForkJoinPool.scan(ForkJoinPool.java:1655) ~[?:?]
	at java.util.concurrent.ForkJoinPool.runWorker(ForkJoinPool.java:1622) ~[?:?]
	at java.util.concurrent.ForkJoinWorkerThread.run(ForkJoinWorkerThread.java:165) ~[?:?]
Caused by: java.io.EOFException: End of input at line 1 column 1 path $
	at com.google.gson.stream.JsonReader.nextNonWhitespace(JsonReader.java:1455) ~[gson-2.10.jar%2372!/:?]
	at com.google.gson.stream.JsonReader.doPeek(JsonReader.java:558) ~[gson-2.10.jar%2372!/:?]
	at com.google.gson.stream.JsonReader.peek(JsonReader.java:433) ~[gson-2.10.jar%2372!/:?]
	at com.google.gson.internal.bind.TypeAdapters$28.read(TypeAdapters.java:769) ~[gson-2.10.jar%2372!/:?]
	at com.google.gson.internal.bind.TypeAdapters$28.read(TypeAdapters.java:725) ~[gson-2.10.jar%2372!/:?]
	at com.google.gson.internal.bind.TypeAdapters$34$1.read(TypeAdapters.java:1007) ~[gson-2.10.jar%2372!/:?]
	at net.minecraft.util.GsonHelper.m_13780_(GsonHelper.java:524) ~[server-1.20.1-20230612.114412-srg.jar%23420!/:?]
	... 11 more
[06Jun2026 05:46:30.505] [Worker-Main-3/ERROR] [net.minecraft.server.packs.resources.SimpleJsonResourceReloadListener/]: Couldn't parse data file cataclysm_spellbooks:entities/desert_spellbook from cataclysm_spellbooks:loot_tables/entities/desert_spellbook.json
com.google.gson.JsonParseException: java.io.EOFException: End of input at line 1 column 1 path $
	at net.minecraft.util.GsonHelper.m_13780_(GsonHelper.java:526) ~[server-1.20.1-20230612.114412-srg.jar%23420!/:?]
	at net.minecraft.util.GsonHelper.m_263475_(GsonHelper.java:531) ~[server-1.20.1-20230612.114412-srg.jar%23420!/:?]
	at net.minecraft.util.GsonHelper.m_13776_(GsonHelper.java:581) ~[server-1.20.1-20230612.114412-srg.jar%23420!/:?]
	at net.minecraft.server.packs.resources.SimpleJsonResourceReloadListener.m_278771_(SimpleJsonResourceReloadListener.java:41) ~[server-1.20.1-20230612.114412-srg.jar%23420!/:?]
	at net.minecraft.world.level.storage.loot.LootDataManager.m_278660_(LootDataManager.java:54) ~[server-1.20.1-20230612.114412-srg.jar%23420!/:?]
	at java.util.concurrent.CompletableFuture$AsyncRun.run(CompletableFuture.java:1804) ~[?:?]
	at java.util.concurrent.CompletableFuture$AsyncRun.exec(CompletableFuture.java:1796) ~[?:?]
	at java.util.concurrent.ForkJoinTask.doExec(ForkJoinTask.java:373) ~[?:?]
	at java.util.concurrent.ForkJoinPool$WorkQueue.topLevelExec(ForkJoinPool.java:1182) ~[?:?]
	at java.util.concurrent.ForkJoinPool.scan(ForkJoinPool.java:1655) ~[?:?]
	at java.util.concurrent.ForkJoinPool.runWorker(ForkJoinPool.java:1622) ~[?:?]
	at java.util.concurrent.ForkJoinWorkerThread.run(ForkJoinWorkerThread.java:165) ~[?:?]
Caused by: java.io.EOFException: End of input at line 1 column 1 path $
	at com.google.gson.stream.JsonReader.nextNonWhitespace(JsonReader.java:1455) ~[gson-2.10.jar%2372!/:?]
	at com.google.gson.stream.JsonReader.doPeek(JsonReader.java:558) ~[gson-2.10.jar%2372!/:?]
	at com.google.gson.stream.JsonReader.peek(JsonReader.java:433) ~[gson-2.10.jar%2372!/:?]
	at com.google.gson.internal.bind.TypeAdapters$28.read(TypeAdapters.java:769) ~[gson-2.10.jar%2372!/:?]
	at com.google.gson.internal.bind.TypeAdapters$28.read(TypeAdapters.java:725) ~[gson-2.10.jar%2372!/:?]
	at com.google.gson.internal.bind.TypeAdapters$34$1.read(TypeAdapters.java:1007) ~[gson-2.10.jar%2372!/:?]
	at net.minecraft.util.GsonHelper.m_13780_(GsonHelper.java:524) ~[server-1.20.1-20230612.114412-srg.jar%23420!/:?]
	... 11 more
[06Jun2026 05:46:30.506] [Worker-Main-3/ERROR] [net.minecraft.server.packs.resources.SimpleJsonResourceReloadListener/]: Couldn't parse data file alexsmobs:entities/enderiophage from alexsmobs:loot_tables/entities/enderiophage.json
com.google.gson.JsonParseException: java.io.EOFException: End of input at line 1 column 1 path $
	at net.minecraft.util.GsonHelper.m_13780_(GsonHelper.java:526) ~[server-1.20.1-20230612.114412-srg.jar%23420!/:?]
	at net.minecraft.util.GsonHelper.m_263475_(GsonHelper.java:531) ~[server-1.20.1-20230612.114412-srg.jar%23420!/:?]
	at net.minecraft.util.GsonHelper.m_13776_(GsonHelper.java:581) ~[server-1.20.1-20230612.114412-srg.jar%23420!/:?]
	at net.minecraft.server.packs.resources.SimpleJsonResourceReloadListener.m_278771_(SimpleJsonResourceReloadListener.java:41) ~[server-1.20.1-20230612.114412-srg.jar%23420!/:?]
	at net.minecraft.world.level.storage.loot.LootDataManager.m_278660_(LootDataManager.java:54) ~[server-1.20.1-20230612.114412-srg.jar%23420!/:?]
	at java.util.concurrent.CompletableFuture$AsyncRun.run(CompletableFuture.java:1804) ~[?:?]
	at java.util.concurrent.CompletableFuture$AsyncRun.exec(CompletableFuture.java:1796) ~[?:?]
	at java.util.concurrent.ForkJoinTask.doExec(ForkJoinTask.java:373) ~[?:?]
	at java.util.concurrent.ForkJoinPool$WorkQueue.topLevelExec(ForkJoinPool.java:1182) ~[?:?]
	at java.util.concurrent.ForkJoinPool.scan(ForkJoinPool.java:1655) ~[?:?]
	at java.util.concurrent.ForkJoinPool.runWorker(ForkJoinPool.java:1622) ~[?:?]
	at java.util.concurrent.ForkJoinWorkerThread.run(ForkJoinWorkerThread.java:165) ~[?:?]
Caused by: java.io.EOFException: End of input at line 1 column 1 path $
	at com.google.gson.stream.JsonReader.nextNonWhitespace(JsonReader.java:1455) ~[gson-2.10.jar%2372!/:?]
	at com.google.gson.stream.JsonReader.doPeek(JsonReader.java:558) ~[gson-2.10.jar%2372!/:?]
	at com.google.gson.stream.JsonReader.peek(JsonReader.java:433) ~[gson-2.10.jar%2372!/:?]
	at com.google.gson.internal.bind.TypeAdapters$28.read(TypeAdapters.java:769) ~[gson-2.10.jar%2372!/:?]
	at com.google.gson.internal.bind.TypeAdapters$28.read(TypeAdapters.java:725) ~[gson-2.10.jar%2372!/:?]
	at com.google.gson.internal.bind.TypeAdapters$34$1.read(TypeAdapters.java:1007) ~[gson-2.10.jar%2372!/:?]
	at net.minecraft.util.GsonHelper.m_13780_(GsonHelper.java:524) ~[server-1.20.1-20230612.114412-srg.jar%23420!/:?]
	... 11 more
[06Jun2026 05:46:30.509] [Worker-Main-3/ERROR] [net.minecraft.server.packs.resources.SimpleJsonResourceReloadListener/]: Couldn't parse data file cataclysm_spellbooks:entities/frozen_knowledge_fragments from cataclysm_spellbooks:loot_tables/entities/frozen_knowledge_fragments.json
com.google.gson.JsonParseException: java.io.EOFException: End of input at line 1 column 1 path $
	at net.minecraft.util.GsonHelper.m_13780_(GsonHelper.java:526) ~[server-1.20.1-20230612.114412-srg.jar%23420!/:?]
	at net.minecraft.util.GsonHelper.m_263475_(GsonHelper.java:531) ~[server-1.20.1-20230612.114412-srg.jar%23420!/:?]
	at net.minecraft.util.GsonHelper.m_13776_(GsonHelper.java:581) ~[server-1.20.1-20230612.114412-srg.jar%23420!/:?]
	at net.minecraft.server.packs.resources.SimpleJsonResourceReloadListener.m_278771_(SimpleJsonResourceReloadListener.java:41) ~[server-1.20.1-20230612.114412-srg.jar%23420!/:?]
	at net.minecraft.world.level.storage.loot.LootDataManager.m_278660_(LootDataManager.java:54) ~[server-1.20.1-20230612.114412-srg.jar%23420!/:?]
	at java.util.concurrent.CompletableFuture$AsyncRun.run(CompletableFuture.java:1804) ~[?:?]
	at java.util.concurrent.CompletableFuture$AsyncRun.exec(CompletableFuture.java:1796) ~[?:?]
	at java.util.concurrent.ForkJoinTask.doExec(ForkJoinTask.java:373) ~[?:?]
	at java.util.concurrent.ForkJoinPool$WorkQueue.topLevelExec(ForkJoinPool.java:1182) ~[?:?]
	at java.util.concurrent.ForkJoinPool.scan(ForkJoinPool.java:1655) ~[?:?]
	at java.util.concurrent.ForkJoinPool.runWorker(ForkJoinPool.java:1622) ~[?:?]
	at java.util.concurrent.ForkJoinWorkerThread.run(ForkJoinWorkerThread.java:165) ~[?:?]
Caused by: java.io.EOFException: End of input at line 1 column 1 path $
	at com.google.gson.stream.JsonReader.nextNonWhitespace(JsonReader.java:1455) ~[gson-2.10.jar%2372!/:?]
	at com.google.gson.stream.JsonReader.doPeek(JsonReader.java:558) ~[gson-2.10.jar%2372!/:?]
	at com.google.gson.stream.JsonReader.peek(JsonReader.java:433) ~[gson-2.10.jar%2372!/:?]
	at com.google.gson.internal.bind.TypeAdapters$28.read(TypeAdapters.java:769) ~[gson-2.10.jar%2372!/:?]
	at com.google.gson.internal.bind.TypeAdapters$28.read(TypeAdapters.java:725) ~[gson-2.10.jar%2372!/:?]
	at com.google.gson.internal.bind.TypeAdapters$34$1.read(TypeAdapters.java:1007) ~[gson-2.10.jar%2372!/:?]
	at net.minecraft.util.GsonHelper.m_13780_(GsonHelper.java:524) ~[server-1.20.1-20230612.114412-srg.jar%23420!/:?]
	... 11 more
[06Jun2026 05:46:30.512] [Worker-Main-3/ERROR] [net.minecraft.server.packs.resources.SimpleJsonResourceReloadListener/]: Couldn't parse data file cataclysm_spellbooks:entities/leviathans_blessing from cataclysm_spellbooks:loot_tables/entities/leviathans_blessing.json
com.google.gson.JsonParseException: java.io.EOFException: End of input at line 1 column 1 path $
	at net.minecraft.util.GsonHelper.m_13780_(GsonHelper.java:526) ~[server-1.20.1-20230612.114412-srg.jar%23420!/:?]
	at net.minecraft.util.GsonHelper.m_263475_(GsonHelper.java:531) ~[server-1.20.1-20230612.114412-srg.jar%23420!/:?]
	at net.minecraft.util.GsonHelper.m_13776_(GsonHelper.java:581) ~[server-1.20.1-20230612.114412-srg.jar%23420!/:?]
	at net.minecraft.server.packs.resources.SimpleJsonResourceReloadListener.m_278771_(SimpleJsonResourceReloadListener.java:41) ~[server-1.20.1-20230612.114412-srg.jar%23420!/:?]
	at net.minecraft.world.level.storage.loot.LootDataManager.m_278660_(LootDataManager.java:54) ~[server-1.20.1-20230612.114412-srg.jar%23420!/:?]
	at java.util.concurrent.CompletableFuture$AsyncRun.run(CompletableFuture.java:1804) ~[?:?]
	at java.util.concurrent.CompletableFuture$AsyncRun.exec(CompletableFuture.java:1796) ~[?:?]
	at java.util.concurrent.ForkJoinTask.doExec(ForkJoinTask.java:373) ~[?:?]
	at java.util.concurrent.ForkJoinPool$WorkQueue.topLevelExec(ForkJoinPool.java:1182) ~[?:?]
	at java.util.concurrent.ForkJoinPool.scan(ForkJoinPool.java:1655) ~[?:?]
	at java.util.concurrent.ForkJoinPool.runWorker(ForkJoinPool.java:1622) ~[?:?]
	at java.util.concurrent.ForkJoinWorkerThread.run(ForkJoinWorkerThread.java:165) ~[?:?]
Caused by: java.io.EOFException: End of input at line 1 column 1 path $
	at com.google.gson.stream.JsonReader.nextNonWhitespace(JsonReader.java:1455) ~[gson-2.10.jar%2372!/:?]
	at com.google.gson.stream.JsonReader.doPeek(JsonReader.java:558) ~[gson-2.10.jar%2372!/:?]
	at com.google.gson.stream.JsonReader.peek(JsonReader.java:433) ~[gson-2.10.jar%2372!/:?]
	at com.google.gson.internal.bind.TypeAdapters$28.read(TypeAdapters.java:769) ~[gson-2.10.jar%2372!/:?]
	at com.google.gson.internal.bind.TypeAdapters$28.read(TypeAdapters.java:725) ~[gson-2.10.jar%2372!/:?]
	at com.google.gson.internal.bind.TypeAdapters$34$1.read(TypeAdapters.java:1007) ~[gson-2.10.jar%2372!/:?]
	at net.minecraft.util.GsonHelper.m_13780_(GsonHelper.java:524) ~[server-1.20.1-20230612.114412-srg.jar%23420!/:?]
	... 11 more
[06Jun2026 05:46:30.513] [Worker-Main-3/ERROR] [net.minecraft.server.packs.resources.SimpleJsonResourceReloadListener/]: Couldn't parse data file cataclysm_spellbooks:entities/mechanical_scrap from cataclysm_spellbooks:loot_tables/entities/mechanical_scrap.json
com.google.gson.JsonParseException: java.io.EOFException: End of input at line 1 column 1 path $
	at net.minecraft.util.GsonHelper.m_13780_(GsonHelper.java:526) ~[server-1.20.1-20230612.114412-srg.jar%23420!/:?]
	at net.minecraft.util.GsonHelper.m_263475_(GsonHelper.java:531) ~[server-1.20.1-20230612.114412-srg.jar%23420!/:?]
	at net.minecraft.util.GsonHelper.m_13776_(GsonHelper.java:581) ~[server-1.20.1-20230612.114412-srg.jar%23420!/:?]
	at net.minecraft.server.packs.resources.SimpleJsonResourceReloadListener.m_278771_(SimpleJsonResourceReloadListener.java:41) ~[server-1.20.1-20230612.114412-srg.jar%23420!/:?]
	at net.minecraft.world.level.storage.loot.LootDataManager.m_278660_(LootDataManager.java:54) ~[server-1.20.1-20230612.114412-srg.jar%23420!/:?]
	at java.util.concurrent.CompletableFuture$AsyncRun.run(CompletableFuture.java:1804) ~[?:?]
	at java.util.concurrent.CompletableFuture$AsyncRun.exec(CompletableFuture.java:1796) ~[?:?]
	at java.util.concurrent.ForkJoinTask.doExec(ForkJoinTask.java:373) ~[?:?]
	at java.util.concurrent.ForkJoinPool$WorkQueue.topLevelExec(ForkJoinPool.java:1182) ~[?:?]
	at java.util.concurrent.ForkJoinPool.scan(ForkJoinPool.java:1655) ~[?:?]
	at java.util.concurrent.ForkJoinPool.runWorker(ForkJoinPool.java:1622) ~[?:?]
	at java.util.concurrent.ForkJoinWorkerThread.run(ForkJoinWorkerThread.java:165) ~[?:?]
Caused by: java.io.EOFException: End of input at line 1 column 1 path $
	at com.google.gson.stream.JsonReader.nextNonWhitespace(JsonReader.java:1455) ~[gson-2.10.jar%2372!/:?]
	at com.google.gson.stream.JsonReader.doPeek(JsonReader.java:558) ~[gson-2.10.jar%2372!/:?]
	at com.google.gson.stream.JsonReader.peek(JsonReader.java:433) ~[gson-2.10.jar%2372!/:?]
	at com.google.gson.internal.bind.TypeAdapters$28.read(TypeAdapters.java:769) ~[gson-2.10.jar%2372!/:?]
	at com.google.gson.internal.bind.TypeAdapters$28.read(TypeAdapters.java:725) ~[gson-2.10.jar%2372!/:?]
	at com.google.gson.internal.bind.TypeAdapters$34$1.read(TypeAdapters.java:1007) ~[gson-2.10.jar%2372!/:?]
	at net.minecraft.util.GsonHelper.m_13780_(GsonHelper.java:524) ~[server-1.20.1-20230612.114412-srg.jar%23420!/:?]
	... 11 more
[06Jun2026 05:46:30.518] [Worker-Main-2/ERROR] [net.minecraft.server.packs.resources.SimpleJsonResourceReloadListener/]: Couldn't parse data file cataclysm:bulwark_of_the_flame from cataclysm:recipes/bulwark_of_the_flame.json
com.google.gson.JsonParseException: java.io.EOFException: End of input at line 1 column 1 path $
	at net.minecraft.util.GsonHelper.m_13780_(GsonHelper.java:526) ~[server-1.20.1-20230612.114412-srg.jar%23420!/:?]
	at net.minecraft.util.GsonHelper.m_263475_(GsonHelper.java:531) ~[server-1.20.1-20230612.114412-srg.jar%23420!/:?]
	at net.minecraft.util.GsonHelper.m_13776_(GsonHelper.java:581) ~[server-1.20.1-20230612.114412-srg.jar%23420!/:?]
	at net.minecraft.server.packs.resources.SimpleJsonResourceReloadListener.m_278771_(SimpleJsonResourceReloadListener.java:41) ~[server-1.20.1-20230612.114412-srg.jar%23420!/:?]
	at net.minecraft.server.packs.resources.SimpleJsonResourceReloadListener.m_5944_(SimpleJsonResourceReloadListener.java:29) ~[server-1.20.1-20230612.114412-srg.jar%23420!/:?]
	at net.minecraft.server.packs.resources.SimpleJsonResourceReloadListener.m_5944_(SimpleJsonResourceReloadListener.java:17) ~[server-1.20.1-20230612.114412-srg.jar%23420!/:?]
	at net.minecraft.server.packs.resources.SimplePreparableReloadListener.m_10786_(SimplePreparableReloadListener.java:11) ~[server-1.20.1-20230612.114412-srg.jar%23420!/:?]
	at java.util.concurrent.CompletableFuture$AsyncSupply.run(CompletableFuture.java:1768) ~[?:?]
	at java.util.concurrent.CompletableFuture$AsyncSupply.exec(CompletableFuture.java:1760) ~[?:?]
	at java.util.concurrent.ForkJoinTask.doExec(ForkJoinTask.java:373) ~[?:?]
	at java.util.concurrent.ForkJoinPool$WorkQueue.topLevelExec(ForkJoinPool.java:1182) ~[?:?]
	at java.util.concurrent.ForkJoinPool.scan(ForkJoinPool.java:1655) ~[?:?]
	at java.util.concurrent.ForkJoinPool.runWorker(ForkJoinPool.java:1622) ~[?:?]
	at java.util.concurrent.ForkJoinWorkerThread.run(ForkJoinWorkerThread.java:165) ~[?:?]
Caused by: java.io.EOFException: End of input at line 1 column 1 path $
	at com.google.gson.stream.JsonReader.nextNonWhitespace(JsonReader.java:1455) ~[gson-2.10.jar%2372!/:?]
	at com.google.gson.stream.JsonReader.doPeek(JsonReader.java:558) ~[gson-2.10.jar%2372!/:?]
	at com.google.gson.stream.JsonReader.peek(JsonReader.java:433) ~[gson-2.10.jar%2372!/:?]
	at com.google.gson.internal.bind.TypeAdapters$28.read(TypeAdapters.java:769) ~[gson-2.10.jar%2372!/:?]
	at com.google.gson.internal.bind.TypeAdapters$28.read(TypeAdapters.java:725) ~[gson-2.10.jar%2372!/:?]
	at com.google.gson.internal.bind.TypeAdapters$34$1.read(TypeAdapters.java:1007) ~[gson-2.10.jar%2372!/:?]
	at net.minecraft.util.GsonHelper.m_13780_(GsonHelper.java:524) ~[server-1.20.1-20230612.114412-srg.jar%23420!/:?]
	... 13 more
[06Jun2026 05:46:30.519] [Worker-Main-3/ERROR] [net.minecraft.server.packs.resources.SimpleJsonResourceReloadListener/]: Couldn't parse data file cataclysm_spellbooks:entities/wadjets_staff from cataclysm_spellbooks:loot_tables/entities/wadjets_staff.json
com.google.gson.JsonParseException: java.io.EOFException: End of input at line 1 column 1 path $
	at net.minecraft.util.GsonHelper.m_13780_(GsonHelper.java:526) ~[server-1.20.1-20230612.114412-srg.jar%23420!/:?]
	at net.minecraft.util.GsonHelper.m_263475_(GsonHelper.java:531) ~[server-1.20.1-20230612.114412-srg.jar%23420!/:?]
	at net.minecraft.util.GsonHelper.m_13776_(GsonHelper.java:581) ~[server-1.20.1-20230612.114412-srg.jar%23420!/:?]
	at net.minecraft.server.packs.resources.SimpleJsonResourceReloadListener.m_278771_(SimpleJsonResourceReloadListener.java:41) ~[server-1.20.1-20230612.114412-srg.jar%23420!/:?]
	at net.minecraft.world.level.storage.loot.LootDataManager.m_278660_(LootDataManager.java:54) ~[server-1.20.1-20230612.114412-srg.jar%23420!/:?]
	at java.util.concurrent.CompletableFuture$AsyncRun.run(CompletableFuture.java:1804) ~[?:?]
	at java.util.concurrent.CompletableFuture$AsyncRun.exec(CompletableFuture.java:1796) ~[?:?]
	at java.util.concurrent.ForkJoinTask.doExec(ForkJoinTask.java:373) ~[?:?]
	at java.util.concurrent.ForkJoinPool$WorkQueue.topLevelExec(ForkJoinPool.java:1182) ~[?:?]
	at java.util.concurrent.ForkJoinPool.scan(ForkJoinPool.java:1655) ~[?:?]
	at java.util.concurrent.ForkJoinPool.runWorker(ForkJoinPool.java:1622) ~[?:?]
	at java.util.concurrent.ForkJoinWorkerThread.run(ForkJoinWorkerThread.java:165) ~[?:?]
Caused by: java.io.EOFException: End of input at line 1 column 1 path $
	at com.google.gson.stream.JsonReader.nextNonWhitespace(JsonReader.java:1455) ~[gson-2.10.jar%2372!/:?]
	at com.google.gson.stream.JsonReader.doPeek(JsonReader.java:558) ~[gson-2.10.jar%2372!/:?]
	at com.google.gson.stream.JsonReader.peek(JsonReader.java:433) ~[gson-2.10.jar%2372!/:?]
	at com.google.gson.internal.bind.TypeAdapters$28.read(TypeAdapters.java:769) ~[gson-2.10.jar%2372!/:?]
	at com.google.gson.internal.bind.TypeAdapters$28.read(TypeAdapters.java:725) ~[gson-2.10.jar%2372!/:?]
	at com.google.gson.internal.bind.TypeAdapters$34$1.read(TypeAdapters.java:1007) ~[gson-2.10.jar%2372!/:?]
	at net.minecraft.util.GsonHelper.m_13780_(GsonHelper.java:524) ~[server-1.20.1-20230612.114412-srg.jar%23420!/:?]
	... 11 more
[06Jun2026 05:46:30.527] [Worker-Main-3/ERROR] [net.minecraft.server.packs.resources.SimpleJsonResourceReloadListener/]: Couldn't parse data file irons_spellbooks:magic_items/scroll_pouch from irons_spellbooks:loot_tables/magic_items/scroll_pouch.json
com.google.gson.JsonParseException: java.io.EOFException: End of input at line 1 column 1 path $
	at net.minecraft.util.GsonHelper.m_13780_(GsonHelper.java:526) ~[server-1.20.1-20230612.114412-srg.jar%23420!/:?]
	at net.minecraft.util.GsonHelper.m_263475_(GsonHelper.java:531) ~[server-1.20.1-20230612.114412-srg.jar%23420!/:?]
	at net.minecraft.util.GsonHelper.m_13776_(GsonHelper.java:581) ~[server-1.20.1-20230612.114412-srg.jar%23420!/:?]
	at net.minecraft.server.packs.resources.SimpleJsonResourceReloadListener.m_278771_(SimpleJsonResourceReloadListener.java:41) ~[server-1.20.1-20230612.114412-srg.jar%23420!/:?]
	at net.minecraft.world.level.storage.loot.LootDataManager.m_278660_(LootDataManager.java:54) ~[server-1.20.1-20230612.114412-srg.jar%23420!/:?]
	at java.util.concurrent.CompletableFuture$AsyncRun.run(CompletableFuture.java:1804) ~[?:?]
	at java.util.concurrent.CompletableFuture$AsyncRun.exec(CompletableFuture.java:1796) ~[?:?]
	at java.util.concurrent.ForkJoinTask.doExec(ForkJoinTask.java:373) ~[?:?]
	at java.util.concurrent.ForkJoinPool$WorkQueue.topLevelExec(ForkJoinPool.java:1182) ~[?:?]
	at java.util.concurrent.ForkJoinPool.scan(ForkJoinPool.java:1655) ~[?:?]
	at java.util.concurrent.ForkJoinPool.runWorker(ForkJoinPool.java:1622) ~[?:?]
	at java.util.concurrent.ForkJoinWorkerThread.run(ForkJoinWorkerThread.java:165) ~[?:?]
Caused by: java.io.EOFException: End of input at line 1 column 1 path $
	at com.google.gson.stream.JsonReader.nextNonWhitespace(JsonReader.java:1455) ~[gson-2.10.jar%2372!/:?]
	at com.google.gson.stream.JsonReader.doPeek(JsonReader.java:558) ~[gson-2.10.jar%2372!/:?]
	at com.google.gson.stream.JsonReader.peek(JsonReader.java:433) ~[gson-2.10.jar%2372!/:?]
	at com.google.gson.internal.bind.TypeAdapters$28.read(TypeAdapters.java:769) ~[gson-2.10.jar%2372!/:?]
	at com.google.gson.internal.bind.TypeAdapters$28.read(TypeAdapters.java:725) ~[gson-2.10.jar%2372!/:?]
	at com.google.gson.internal.bind.TypeAdapters$34$1.read(TypeAdapters.java:1007) ~[gson-2.10.jar%2372!/:?]
	at net.minecraft.util.GsonHelper.m_13780_(GsonHelper.java:524) ~[server-1.20.1-20230612.114412-srg.jar%23420!/:?]
	... 11 more
[06Jun2026 05:46:30.527] [Worker-Main-2/ERROR] [net.minecraft.server.packs.resources.SimpleJsonResourceReloadListener/]: Couldn't parse data file efn:co_tachi from efn:recipes/co_tachi.json
com.google.gson.JsonParseException: java.io.EOFException: End of input at line 1 column 1 path $
	at net.minecraft.util.GsonHelper.m_13780_(GsonHelper.java:526) ~[server-1.20.1-20230612.114412-srg.jar%23420!/:?]
	at net.minecraft.util.GsonHelper.m_263475_(GsonHelper.java:531) ~[server-1.20.1-20230612.114412-srg.jar%23420!/:?]
	at net.minecraft.util.GsonHelper.m_13776_(GsonHelper.java:581) ~[server-1.20.1-20230612.114412-srg.jar%23420!/:?]
	at net.minecraft.server.packs.resources.SimpleJsonResourceReloadListener.m_278771_(SimpleJsonResourceReloadListener.java:41) ~[server-1.20.1-20230612.114412-srg.jar%23420!/:?]
	at net.minecraft.server.packs.resources.SimpleJsonResourceReloadListener.m_5944_(SimpleJsonResourceReloadListener.java:29) ~[server-1.20.1-20230612.114412-srg.jar%23420!/:?]
	at net.minecraft.server.packs.resources.SimpleJsonResourceReloadListener.m_5944_(SimpleJsonResourceReloadListener.java:17) ~[server-1.20.1-20230612.114412-srg.jar%23420!/:?]
	at net.minecraft.server.packs.resources.SimplePreparableReloadListener.m_10786_(SimplePreparableReloadListener.java:11) ~[server-1.20.1-20230612.114412-srg.jar%23420!/:?]
	at java.util.concurrent.CompletableFuture$AsyncSupply.run(CompletableFuture.java:1768) ~[?:?]
	at java.util.concurrent.CompletableFuture$AsyncSupply.exec(CompletableFuture.java:1760) ~[?:?]
	at java.util.concurrent.ForkJoinTask.doExec(ForkJoinTask.java:373) ~[?:?]
	at java.util.concurrent.ForkJoinPool$WorkQueue.topLevelExec(ForkJoinPool.java:1182) ~[?:?]
	at java.util.concurrent.ForkJoinPool.scan(ForkJoinPool.java:1655) ~[?:?]
	at java.util.concurrent.ForkJoinPool.runWorker(ForkJoinPool.java:1622) ~[?:?]
	at java.util.concurrent.ForkJoinWorkerThread.run(ForkJoinWorkerThread.java:165) ~[?:?]
Caused by: java.io.EOFException: End of input at line 1 column 1 path $
	at com.google.gson.stream.JsonReader.nextNonWhitespace(JsonReader.java:1455) ~[gson-2.10.jar%2372!/:?]
	at com.google.gson.stream.JsonReader.doPeek(JsonReader.java:558) ~[gson-2.10.jar%2372!/:?]
	at com.google.gson.stream.JsonReader.peek(JsonReader.java:433) ~[gson-2.10.jar%2372!/:?]
	at com.google.gson.internal.bind.TypeAdapters$28.read(TypeAdapters.java:769) ~[gson-2.10.jar%2372!/:?]
	at com.google.gson.internal.bind.TypeAdapters$28.read(TypeAdapters.java:725) ~[gson-2.10.jar%2372!/:?]
	at com.google.gson.internal.bind.TypeAdapters$34$1.read(TypeAdapters.java:1007) ~[gson-2.10.jar%2372!/:?]
	at net.minecraft.util.GsonHelper.m_13780_(GsonHelper.java:524) ~[server-1.20.1-20230612.114412-srg.jar%23420!/:?]
	... 13 more
[06Jun2026 05:46:30.528] [Worker-Main-2/ERROR] [net.minecraft.server.packs.resources.SimpleJsonResourceReloadListener/]: Couldn't parse data file efn:co_tachi_to_air from efn:recipes/co_tachi_to_air.json
com.google.gson.JsonParseException: java.io.EOFException: End of input at line 1 column 1 path $
	at net.minecraft.util.GsonHelper.m_13780_(GsonHelper.java:526) ~[server-1.20.1-20230612.114412-srg.jar%23420!/:?]
	at net.minecraft.util.GsonHelper.m_263475_(GsonHelper.java:531) ~[server-1.20.1-20230612.114412-srg.jar%23420!/:?]
	at net.minecraft.util.GsonHelper.m_13776_(GsonHelper.java:581) ~[server-1.20.1-20230612.114412-srg.jar%23420!/:?]
	at net.minecraft.server.packs.resources.SimpleJsonResourceReloadListener.m_278771_(SimpleJsonResourceReloadListener.java:41) ~[server-1.20.1-20230612.114412-srg.jar%23420!/:?]
	at net.minecraft.server.packs.resources.SimpleJsonResourceReloadListener.m_5944_(SimpleJsonResourceReloadListener.java:29) ~[server-1.20.1-20230612.114412-srg.jar%23420!/:?]
	at net.minecraft.server.packs.resources.SimpleJsonResourceReloadListener.m_5944_(SimpleJsonResourceReloadListener.java:17) ~[server-1.20.1-20230612.114412-srg.jar%23420!/:?]
	at net.minecraft.server.packs.resources.SimplePreparableReloadListener.m_10786_(SimplePreparableReloadListener.java:11) ~[server-1.20.1-20230612.114412-srg.jar%23420!/:?]
	at java.util.concurrent.CompletableFuture$AsyncSupply.run(CompletableFuture.java:1768) ~[?:?]
	at java.util.concurrent.CompletableFuture$AsyncSupply.exec(CompletableFuture.java:1760) ~[?:?]
	at java.util.concurrent.ForkJoinTask.doExec(ForkJoinTask.java:373) ~[?:?]
	at java.util.concurrent.ForkJoinPool$WorkQueue.topLevelExec(ForkJoinPool.java:1182) ~[?:?]
	at java.util.concurrent.ForkJoinPool.scan(ForkJoinPool.java:1655) ~[?:?]
	at java.util.concurrent.ForkJoinPool.runWorker(ForkJoinPool.java:1622) ~[?:?]
	at java.util.concurrent.ForkJoinWorkerThread.run(ForkJoinWorkerThread.java:165) ~[?:?]
Caused by: java.io.EOFException: End of input at line 1 column 1 path $
	at com.google.gson.stream.JsonReader.nextNonWhitespace(JsonReader.java:1455) ~[gson-2.10.jar%2372!/:?]
	at com.google.gson.stream.JsonReader.doPeek(JsonReader.java:558) ~[gson-2.10.jar%2372!/:?]
	at com.google.gson.stream.JsonReader.peek(JsonReader.java:433) ~[gson-2.10.jar%2372!/:?]
	at com.google.gson.internal.bind.TypeAdapters$28.read(TypeAdapters.java:769) ~[gson-2.10.jar%2372!/:?]
	at com.google.gson.internal.bind.TypeAdapters$28.read(TypeAdapters.java:725) ~[gson-2.10.jar%2372!/:?]
	at com.google.gson.internal.bind.TypeAdapters$34$1.read(TypeAdapters.java:1007) ~[gson-2.10.jar%2372!/:?]
	at net.minecraft.util.GsonHelper.m_13780_(GsonHelper.java:524) ~[server-1.20.1-20230612.114412-srg.jar%23420!/:?]
	... 13 more
[06Jun2026 05:46:30.530] [Worker-Main-2/ERROR] [net.minecraft.server.packs.resources.SimpleJsonResourceReloadListener/]: Couldn't parse data file epicfightx:combat_mastery_i from epicfightx:recipes/combat_mastery_i.json
com.google.gson.JsonParseException: java.io.EOFException: End of input at line 1 column 1 path $
	at net.minecraft.util.GsonHelper.m_13780_(GsonHelper.java:526) ~[server-1.20.1-20230612.114412-srg.jar%23420!/:?]
	at net.minecraft.util.GsonHelper.m_263475_(GsonHelper.java:531) ~[server-1.20.1-20230612.114412-srg.jar%23420!/:?]
	at net.minecraft.util.GsonHelper.m_13776_(GsonHelper.java:581) ~[server-1.20.1-20230612.114412-srg.jar%23420!/:?]
	at net.minecraft.server.packs.resources.SimpleJsonResourceReloadListener.m_278771_(SimpleJsonResourceReloadListener.java:41) ~[server-1.20.1-20230612.114412-srg.jar%23420!/:?]
	at net.minecraft.server.packs.resources.SimpleJsonResourceReloadListener.m_5944_(SimpleJsonResourceReloadListener.java:29) ~[server-1.20.1-20230612.114412-srg.jar%23420!/:?]
	at net.minecraft.server.packs.resources.SimpleJsonResourceReloadListener.m_5944_(SimpleJsonResourceReloadListener.java:17) ~[server-1.20.1-20230612.114412-srg.jar%23420!/:?]
	at net.minecraft.server.packs.resources.SimplePreparableReloadListener.m_10786_(SimplePreparableReloadListener.java:11) ~[server-1.20.1-20230612.114412-srg.jar%23420!/:?]
	at java.util.concurrent.CompletableFuture$AsyncSupply.run(CompletableFuture.java:1768) ~[?:?]
	at java.util.concurrent.CompletableFuture$AsyncSupply.exec(CompletableFuture.java:1760) ~[?:?]
	at java.util.concurrent.ForkJoinTask.doExec(ForkJoinTask.java:373) ~[?:?]
	at java.util.concurrent.ForkJoinPool$WorkQueue.topLevelExec(ForkJoinPool.java:1182) ~[?:?]
	at java.util.concurrent.ForkJoinPool.scan(ForkJoinPool.java:1655) ~[?:?]
	at java.util.concurrent.ForkJoinPool.runWorker(ForkJoinPool.java:1622) ~[?:?]
	at java.util.concurrent.ForkJoinWorkerThread.run(ForkJoinWorkerThread.java:165) ~[?:?]
Caused by: java.io.EOFException: End of input at line 1 column 1 path $
	at com.google.gson.stream.JsonReader.nextNonWhitespace(JsonReader.java:1455) ~[gson-2.10.jar%2372!/:?]
	at com.google.gson.stream.JsonReader.doPeek(JsonReader.java:558) ~[gson-2.10.jar%2372!/:?]
	at com.google.gson.stream.JsonReader.peek(JsonReader.java:433) ~[gson-2.10.jar%2372!/:?]
	at com.google.gson.internal.bind.TypeAdapters$28.read(TypeAdapters.java:769) ~[gson-2.10.jar%2372!/:?]
	at com.google.gson.internal.bind.TypeAdapters$28.read(TypeAdapters.java:725) ~[gson-2.10.jar%2372!/:?]
	at com.google.gson.internal.bind.TypeAdapters$34$1.read(TypeAdapters.java:1007) ~[gson-2.10.jar%2372!/:?]
	at net.minecraft.util.GsonHelper.m_13780_(GsonHelper.java:524) ~[server-1.20.1-20230612.114412-srg.jar%23420!/:?]
	... 13 more
[06Jun2026 05:46:30.534] [Worker-Main-2/ERROR] [net.minecraft.server.packs.resources.SimpleJsonResourceReloadListener/]: Couldn't parse data file irons_spellbooks:copper_spell_book from irons_spellbooks:recipes/copper_spell_book.json
com.google.gson.JsonParseException: java.io.EOFException: End of input at line 1 column 1 path $
	at net.minecraft.util.GsonHelper.m_13780_(GsonHelper.java:526) ~[server-1.20.1-20230612.114412-srg.jar%23420!/:?]
	at net.minecraft.util.GsonHelper.m_263475_(GsonHelper.java:531) ~[server-1.20.1-20230612.114412-srg.jar%23420!/:?]
	at net.minecraft.util.GsonHelper.m_13776_(GsonHelper.java:581) ~[server-1.20.1-20230612.114412-srg.jar%23420!/:?]
	at net.minecraft.server.packs.resources.SimpleJsonResourceReloadListener.m_278771_(SimpleJsonResourceReloadListener.java:41) ~[server-1.20.1-20230612.114412-srg.jar%23420!/:?]
	at net.minecraft.server.packs.resources.SimpleJsonResourceReloadListener.m_5944_(SimpleJsonResourceReloadListener.java:29) ~[server-1.20.1-20230612.114412-srg.jar%23420!/:?]
	at net.minecraft.server.packs.resources.SimpleJsonResourceReloadListener.m_5944_(SimpleJsonResourceReloadListener.java:17) ~[server-1.20.1-20230612.114412-srg.jar%23420!/:?]
	at net.minecraft.server.packs.resources.SimplePreparableReloadListener.m_10786_(SimplePreparableReloadListener.java:11) ~[server-1.20.1-20230612.114412-srg.jar%23420!/:?]
	at java.util.concurrent.CompletableFuture$AsyncSupply.run(CompletableFuture.java:1768) ~[?:?]
	at java.util.concurrent.CompletableFuture$AsyncSupply.exec(CompletableFuture.java:1760) ~[?:?]
	at java.util.concurrent.ForkJoinTask.doExec(ForkJoinTask.java:373) ~[?:?]
	at java.util.concurrent.ForkJoinPool$WorkQueue.topLevelExec(ForkJoinPool.java:1182) ~[?:?]
	at java.util.concurrent.ForkJoinPool.scan(ForkJoinPool.java:1655) ~[?:?]
	at java.util.concurrent.ForkJoinPool.runWorker(ForkJoinPool.java:1622) ~[?:?]
	at java.util.concurrent.ForkJoinWorkerThread.run(ForkJoinWorkerThread.java:165) ~[?:?]
Caused by: java.io.EOFException: End of input at line 1 column 1 path $
	at com.google.gson.stream.JsonReader.nextNonWhitespace(JsonReader.java:1455) ~[gson-2.10.jar%2372!/:?]
	at com.google.gson.stream.JsonReader.doPeek(JsonReader.java:558) ~[gson-2.10.jar%2372!/:?]
	at com.google.gson.stream.JsonReader.peek(JsonReader.java:433) ~[gson-2.10.jar%2372!/:?]
	at com.google.gson.internal.bind.TypeAdapters$28.read(TypeAdapters.java:769) ~[gson-2.10.jar%2372!/:?]
	at com.google.gson.internal.bind.TypeAdapters$28.read(TypeAdapters.java:725) ~[gson-2.10.jar%2372!/:?]
	at com.google.gson.internal.bind.TypeAdapters$34$1.read(TypeAdapters.java:1007) ~[gson-2.10.jar%2372!/:?]
	at net.minecraft.util.GsonHelper.m_13780_(GsonHelper.java:524) ~[server-1.20.1-20230612.114412-srg.jar%23420!/:?]
	... 13 more
[06Jun2026 05:46:30.535] [Worker-Main-2/ERROR] [net.minecraft.server.packs.resources.SimpleJsonResourceReloadListener/]: Couldn't parse data file cataclysm_spellbooks:coral_staff from cataclysm_spellbooks:recipes/coral_staff.json
com.google.gson.JsonParseException: java.io.EOFException: End of input at line 1 column 1 path $
	at net.minecraft.util.GsonHelper.m_13780_(GsonHelper.java:526) ~[server-1.20.1-20230612.114412-srg.jar%23420!/:?]
	at net.minecraft.util.GsonHelper.m_263475_(GsonHelper.java:531) ~[server-1.20.1-20230612.114412-srg.jar%23420!/:?]
	at net.minecraft.util.GsonHelper.m_13776_(GsonHelper.java:581) ~[server-1.20.1-20230612.114412-srg.jar%23420!/:?]
	at net.minecraft.server.packs.resources.SimpleJsonResourceReloadListener.m_278771_(SimpleJsonResourceReloadListener.java:41) ~[server-1.20.1-20230612.114412-srg.jar%23420!/:?]
	at net.minecraft.server.packs.resources.SimpleJsonResourceReloadListener.m_5944_(SimpleJsonResourceReloadListener.java:29) ~[server-1.20.1-20230612.114412-srg.jar%23420!/:?]
	at net.minecraft.server.packs.resources.SimpleJsonResourceReloadListener.m_5944_(SimpleJsonResourceReloadListener.java:17) ~[server-1.20.1-20230612.114412-srg.jar%23420!/:?]
	at net.minecraft.server.packs.resources.SimplePreparableReloadListener.m_10786_(SimplePreparableReloadListener.java:11) ~[server-1.20.1-20230612.114412-srg.jar%23420!/:?]
	at java.util.concurrent.CompletableFuture$AsyncSupply.run(CompletableFuture.java:1768) ~[?:?]
	at java.util.concurrent.CompletableFuture$AsyncSupply.exec(CompletableFuture.java:1760) ~[?:?]
	at java.util.concurrent.ForkJoinTask.doExec(ForkJoinTask.java:373) ~[?:?]
	at java.util.concurrent.ForkJoinPool$WorkQueue.topLevelExec(ForkJoinPool.java:1182) ~[?:?]
	at java.util.concurrent.ForkJoinPool.scan(ForkJoinPool.java:1655) ~[?:?]
	at java.util.concurrent.ForkJoinPool.runWorker(ForkJoinPool.java:1622) ~[?:?]
	at java.util.concurrent.ForkJoinWorkerThread.run(ForkJoinWorkerThread.java:165) ~[?:?]
Caused by: java.io.EOFException: End of input at line 1 column 1 path $
	at com.google.gson.stream.JsonReader.nextNonWhitespace(JsonReader.java:1455) ~[gson-2.10.jar%2372!/:?]
	at com.google.gson.stream.JsonReader.doPeek(JsonReader.java:558) ~[gson-2.10.jar%2372!/:?]
	at com.google.gson.stream.JsonReader.peek(JsonReader.java:433) ~[gson-2.10.jar%2372!/:?]
	at com.google.gson.internal.bind.TypeAdapters$28.read(TypeAdapters.java:769) ~[gson-2.10.jar%2372!/:?]
	at com.google.gson.internal.bind.TypeAdapters$28.read(TypeAdapters.java:725) ~[gson-2.10.jar%2372!/:?]
	at com.google.gson.internal.bind.TypeAdapters$34$1.read(TypeAdapters.java:1007) ~[gson-2.10.jar%2372!/:?]
	at net.minecraft.util.GsonHelper.m_13780_(GsonHelper.java:524) ~[server-1.20.1-20230612.114412-srg.jar%23420!/:?]
	... 13 more
[06Jun2026 05:46:30.537] [Worker-Main-2/ERROR] [net.minecraft.server.packs.resources.SimpleJsonResourceReloadListener/]: Couldn't parse data file efn:crescent_moon from efn:recipes/crescent_moon.json
com.google.gson.JsonParseException: java.io.EOFException: End of input at line 1 column 1 path $
	at net.minecraft.util.GsonHelper.m_13780_(GsonHelper.java:526) ~[server-1.20.1-20230612.114412-srg.jar%23420!/:?]
	at net.minecraft.util.GsonHelper.m_263475_(GsonHelper.java:531) ~[server-1.20.1-20230612.114412-srg.jar%23420!/:?]
	at net.minecraft.util.GsonHelper.m_13776_(GsonHelper.java:581) ~[server-1.20.1-20230612.114412-srg.jar%23420!/:?]
	at net.minecraft.server.packs.resources.SimpleJsonResourceReloadListener.m_278771_(SimpleJsonResourceReloadListener.java:41) ~[server-1.20.1-20230612.114412-srg.jar%23420!/:?]
	at net.minecraft.server.packs.resources.SimpleJsonResourceReloadListener.m_5944_(SimpleJsonResourceReloadListener.java:29) ~[server-1.20.1-20230612.114412-srg.jar%23420!/:?]
	at net.minecraft.server.packs.resources.SimpleJsonResourceReloadListener.m_5944_(SimpleJsonResourceReloadListener.java:17) ~[server-1.20.1-20230612.114412-srg.jar%23420!/:?]
	at net.minecraft.server.packs.resources.SimplePreparableReloadListener.m_10786_(SimplePreparableReloadListener.java:11) ~[server-1.20.1-20230612.114412-srg.jar%23420!/:?]
	at java.util.concurrent.CompletableFuture$AsyncSupply.run(CompletableFuture.java:1768) ~[?:?]
	at java.util.concurrent.CompletableFuture$AsyncSupply.exec(CompletableFuture.java:1760) ~[?:?]
	at java.util.concurrent.ForkJoinTask.doExec(ForkJoinTask.java:373) ~[?:?]
	at java.util.concurrent.ForkJoinPool$WorkQueue.topLevelExec(ForkJoinPool.java:1182) ~[?:?]
	at java.util.concurrent.ForkJoinPool.scan(ForkJoinPool.java:1655) ~[?:?]
	at java.util.concurrent.ForkJoinPool.runWorker(ForkJoinPool.java:1622) ~[?:?]
	at java.util.concurrent.ForkJoinWorkerThread.run(ForkJoinWorkerThread.java:165) ~[?:?]
Caused by: java.io.EOFException: End of input at line 1 column 1 path $
	at com.google.gson.stream.JsonReader.nextNonWhitespace(JsonReader.java:1455) ~[gson-2.10.jar%2372!/:?]
	at com.google.gson.stream.JsonReader.doPeek(JsonReader.java:558) ~[gson-2.10.jar%2372!/:?]
	at com.google.gson.stream.JsonReader.peek(JsonReader.java:433) ~[gson-2.10.jar%2372!/:?]
	at com.google.gson.internal.bind.TypeAdapters$28.read(TypeAdapters.java:769) ~[gson-2.10.jar%2372!/:?]
	at com.google.gson.internal.bind.TypeAdapters$28.read(TypeAdapters.java:725) ~[gson-2.10.jar%2372!/:?]
	at com.google.gson.internal.bind.TypeAdapters$34$1.read(TypeAdapters.java:1007) ~[gson-2.10.jar%2372!/:?]
	at net.minecraft.util.GsonHelper.m_13780_(GsonHelper.java:524) ~[server-1.20.1-20230612.114412-srg.jar%23420!/:?]
	... 13 more
[06Jun2026 05:46:30.539] [Worker-Main-2/ERROR] [net.minecraft.server.packs.resources.SimpleJsonResourceReloadListener/]: Couldn't parse data file efn:crimson_moon from efn:recipes/crimson_moon.json
com.google.gson.JsonParseException: java.io.EOFException: End of input at line 1 column 1 path $
	at net.minecraft.util.GsonHelper.m_13780_(GsonHelper.java:526) ~[server-1.20.1-20230612.114412-srg.jar%23420!/:?]
	at net.minecraft.util.GsonHelper.m_263475_(GsonHelper.java:531) ~[server-1.20.1-20230612.114412-srg.jar%23420!/:?]
	at net.minecraft.util.GsonHelper.m_13776_(GsonHelper.java:581) ~[server-1.20.1-20230612.114412-srg.jar%23420!/:?]
	at net.minecraft.server.packs.resources.SimpleJsonResourceReloadListener.m_278771_(SimpleJsonResourceReloadListener.java:41) ~[server-1.20.1-20230612.114412-srg.jar%23420!/:?]
	at net.minecraft.server.packs.resources.SimpleJsonResourceReloadListener.m_5944_(SimpleJsonResourceReloadListener.java:29) ~[server-1.20.1-20230612.114412-srg.jar%23420!/:?]
	at net.minecraft.server.packs.resources.SimpleJsonResourceReloadListener.m_5944_(SimpleJsonResourceReloadListener.java:17) ~[server-1.20.1-20230612.114412-srg.jar%23420!/:?]
	at net.minecraft.server.packs.resources.SimplePreparableReloadListener.m_10786_(SimplePreparableReloadListener.java:11) ~[server-1.20.1-20230612.114412-srg.jar%23420!/:?]
	at java.util.concurrent.CompletableFuture$AsyncSupply.run(CompletableFuture.java:1768) ~[?:?]
	at java.util.concurrent.CompletableFuture$AsyncSupply.exec(CompletableFuture.java:1760) ~[?:?]
	at java.util.concurrent.ForkJoinTask.doExec(ForkJoinTask.java:373) ~[?:?]
	at java.util.concurrent.ForkJoinPool$WorkQueue.topLevelExec(ForkJoinPool.java:1182) ~[?:?]
	at java.util.concurrent.ForkJoinPool.scan(ForkJoinPool.java:1655) ~[?:?]
	at java.util.concurrent.ForkJoinPool.runWorker(ForkJoinPool.java:1622) ~[?:?]
	at java.util.concurrent.ForkJoinWorkerThread.run(ForkJoinWorkerThread.java:165) ~[?:?]
Caused by: java.io.EOFException: End of input at line 1 column 1 path $
	at com.google.gson.stream.JsonReader.nextNonWhitespace(JsonReader.java:1455) ~[gson-2.10.jar%2372!/:?]
	at com.google.gson.stream.JsonReader.doPeek(JsonReader.java:558) ~[gson-2.10.jar%2372!/:?]
	at com.google.gson.stream.JsonReader.peek(JsonReader.java:433) ~[gson-2.10.jar%2372!/:?]
	at com.google.gson.internal.bind.TypeAdapters$28.read(TypeAdapters.java:769) ~[gson-2.10.jar%2372!/:?]
	at com.google.gson.internal.bind.TypeAdapters$28.read(TypeAdapters.java:725) ~[gson-2.10.jar%2372!/:?]
	at com.google.gson.internal.bind.TypeAdapters$34$1.read(TypeAdapters.java:1007) ~[gson-2.10.jar%2372!/:?]
	at net.minecraft.util.GsonHelper.m_13780_(GsonHelper.java:524) ~[server-1.20.1-20230612.114412-srg.jar%23420!/:?]
	... 13 more
[06Jun2026 05:46:30.540] [Worker-Main-2/ERROR] [net.minecraft.server.packs.resources.SimpleJsonResourceReloadListener/]: Couldn't parse data file fromtheshadows:crystallized_dagger from fromtheshadows:recipes/crystallized_dagger.json
com.google.gson.JsonParseException: java.io.EOFException: End of input at line 1 column 1 path $
	at net.minecraft.util.GsonHelper.m_13780_(GsonHelper.java:526) ~[server-1.20.1-20230612.114412-srg.jar%23420!/:?]
	at net.minecraft.util.GsonHelper.m_263475_(GsonHelper.java:531) ~[server-1.20.1-20230612.114412-srg.jar%23420!/:?]
	at net.minecraft.util.GsonHelper.m_13776_(GsonHelper.java:581) ~[server-1.20.1-20230612.114412-srg.jar%23420!/:?]
	at net.minecraft.server.packs.resources.SimpleJsonResourceReloadListener.m_278771_(SimpleJsonResourceReloadListener.java:41) ~[server-1.20.1-20230612.114412-srg.jar%23420!/:?]
	at net.minecraft.server.packs.resources.SimpleJsonResourceReloadListener.m_5944_(SimpleJsonResourceReloadListener.java:29) ~[server-1.20.1-20230612.114412-srg.jar%23420!/:?]
	at net.minecraft.server.packs.resources.SimpleJsonResourceReloadListener.m_5944_(SimpleJsonResourceReloadListener.java:17) ~[server-1.20.1-20230612.114412-srg.jar%23420!/:?]
	at net.minecraft.server.packs.resources.SimplePreparableReloadListener.m_10786_(SimplePreparableReloadListener.java:11) ~[server-1.20.1-20230612.114412-srg.jar%23420!/:?]
	at java.util.concurrent.CompletableFuture$AsyncSupply.run(CompletableFuture.java:1768) ~[?:?]
	at java.util.concurrent.CompletableFuture$AsyncSupply.exec(CompletableFuture.java:1760) ~[?:?]
	at java.util.concurrent.ForkJoinTask.doExec(ForkJoinTask.java:373) ~[?:?]
	at java.util.concurrent.ForkJoinPool$WorkQueue.topLevelExec(ForkJoinPool.java:1182) ~[?:?]
	at java.util.concurrent.ForkJoinPool.scan(ForkJoinPool.java:1655) ~[?:?]
	at java.util.concurrent.ForkJoinPool.runWorker(ForkJoinPool.java:1622) ~[?:?]
	at java.util.concurrent.ForkJoinWorkerThread.run(ForkJoinWorkerThread.java:165) ~[?:?]
Caused by: java.io.EOFException: End of input at line 1 column 1 path $
	at com.google.gson.stream.JsonReader.nextNonWhitespace(JsonReader.java:1455) ~[gson-2.10.jar%2372!/:?]
	at com.google.gson.stream.JsonReader.doPeek(JsonReader.java:558) ~[gson-2.10.jar%2372!/:?]
	at com.google.gson.stream.JsonReader.peek(JsonReader.java:433) ~[gson-2.10.jar%2372!/:?]
	at com.google.gson.internal.bind.TypeAdapters$28.read(TypeAdapters.java:769) ~[gson-2.10.jar%2372!/:?]
	at com.google.gson.internal.bind.TypeAdapters$28.read(TypeAdapters.java:725) ~[gson-2.10.jar%2372!/:?]
	at com.google.gson.internal.bind.TypeAdapters$34$1.read(TypeAdapters.java:1007) ~[gson-2.10.jar%2372!/:?]
	at net.minecraft.util.GsonHelper.m_13780_(GsonHelper.java:524) ~[server-1.20.1-20230612.114412-srg.jar%23420!/:?]
	... 13 more
[06Jun2026 05:46:30.541] [Worker-Main-2/ERROR] [net.minecraft.server.packs.resources.SimpleJsonResourceReloadListener/]: Couldn't parse data file cataclysm:cursed_bow from cataclysm:recipes/cursed_bow.json
com.google.gson.JsonParseException: java.io.EOFException: End of input at line 1 column 1 path $
	at net.minecraft.util.GsonHelper.m_13780_(GsonHelper.java:526) ~[server-1.20.1-20230612.114412-srg.jar%23420!/:?]
	at net.minecraft.util.GsonHelper.m_263475_(GsonHelper.java:531) ~[server-1.20.1-20230612.114412-srg.jar%23420!/:?]
	at net.minecraft.util.GsonHelper.m_13776_(GsonHelper.java:581) ~[server-1.20.1-20230612.114412-srg.jar%23420!/:?]
	at net.minecraft.server.packs.resources.SimpleJsonResourceReloadListener.m_278771_(SimpleJsonResourceReloadListener.java:41) ~[server-1.20.1-20230612.114412-srg.jar%23420!/:?]
	at net.minecraft.server.packs.resources.SimpleJsonResourceReloadListener.m_5944_(SimpleJsonResourceReloadListener.java:29) ~[server-1.20.1-20230612.114412-srg.jar%23420!/:?]
	at net.minecraft.server.packs.resources.SimpleJsonResourceReloadListener.m_5944_(SimpleJsonResourceReloadListener.java:17) ~[server-1.20.1-20230612.114412-srg.jar%23420!/:?]
	at net.minecraft.server.packs.resources.SimplePreparableReloadListener.m_10786_(SimplePreparableReloadListener.java:11) ~[server-1.20.1-20230612.114412-srg.jar%23420!/:?]
	at java.util.concurrent.CompletableFuture$AsyncSupply.run(CompletableFuture.java:1768) ~[?:?]
	at java.util.concurrent.CompletableFuture$AsyncSupply.exec(CompletableFuture.java:1760) ~[?:?]
	at java.util.concurrent.ForkJoinTask.doExec(ForkJoinTask.java:373) ~[?:?]
	at java.util.concurrent.ForkJoinPool$WorkQueue.topLevelExec(ForkJoinPool.java:1182) ~[?:?]
	at java.util.concurrent.ForkJoinPool.scan(ForkJoinPool.java:1655) ~[?:?]
	at java.util.concurrent.ForkJoinPool.runWorker(ForkJoinPool.java:1622) ~[?:?]
	at java.util.concurrent.ForkJoinWorkerThread.run(ForkJoinWorkerThread.java:165) ~[?:?]
Caused by: java.io.EOFException: End of input at line 1 column 1 path $
	at com.google.gson.stream.JsonReader.nextNonWhitespace(JsonReader.java:1455) ~[gson-2.10.jar%2372!/:?]
	at com.google.gson.stream.JsonReader.doPeek(JsonReader.java:558) ~[gson-2.10.jar%2372!/:?]
	at com.google.gson.stream.JsonReader.peek(JsonReader.java:433) ~[gson-2.10.jar%2372!/:?]
	at com.google.gson.internal.bind.TypeAdapters$28.read(TypeAdapters.java:769) ~[gson-2.10.jar%2372!/:?]
	at com.google.gson.internal.bind.TypeAdapters$28.read(TypeAdapters.java:725) ~[gson-2.10.jar%2372!/:?]
	at com.google.gson.internal.bind.TypeAdapters$34$1.read(TypeAdapters.java:1007) ~[gson-2.10.jar%2372!/:?]
	at net.minecraft.util.GsonHelper.m_13780_(GsonHelper.java:524) ~[server-1.20.1-20230612.114412-srg.jar%23420!/:?]
	... 13 more
[06Jun2026 05:46:30.542] [Worker-Main-2/ERROR] [net.minecraft.server.packs.resources.SimpleJsonResourceReloadListener/]: Couldn't parse data file irons_spellbooks:cursed_doll_spell_book from irons_spellbooks:recipes/cursed_doll_spell_book.json
com.google.gson.JsonParseException: java.io.EOFException: End of input at line 1 column 1 path $
	at net.minecraft.util.GsonHelper.m_13780_(GsonHelper.java:526) ~[server-1.20.1-20230612.114412-srg.jar%23420!/:?]
	at net.minecraft.util.GsonHelper.m_263475_(GsonHelper.java:531) ~[server-1.20.1-20230612.114412-srg.jar%23420!/:?]
	at net.minecraft.util.GsonHelper.m_13776_(GsonHelper.java:581) ~[server-1.20.1-20230612.114412-srg.jar%23420!/:?]
	at net.minecraft.server.packs.resources.SimpleJsonResourceReloadListener.m_278771_(SimpleJsonResourceReloadListener.java:41) ~[server-1.20.1-20230612.114412-srg.jar%23420!/:?]
	at net.minecraft.server.packs.resources.SimpleJsonResourceReloadListener.m_5944_(SimpleJsonResourceReloadListener.java:29) ~[server-1.20.1-20230612.114412-srg.jar%23420!/:?]
	at net.minecraft.server.packs.resources.SimpleJsonResourceReloadListener.m_5944_(SimpleJsonResourceReloadListener.java:17) ~[server-1.20.1-20230612.114412-srg.jar%23420!/:?]
	at net.minecraft.server.packs.resources.SimplePreparableReloadListener.m_10786_(SimplePreparableReloadListener.java:11) ~[server-1.20.1-20230612.114412-srg.jar%23420!/:?]
	at java.util.concurrent.CompletableFuture$AsyncSupply.run(CompletableFuture.java:1768) ~[?:?]
	at java.util.concurrent.CompletableFuture$AsyncSupply.exec(CompletableFuture.java:1760) ~[?:?]
	at java.util.concurrent.ForkJoinTask.doExec(ForkJoinTask.java:373) ~[?:?]
	at java.util.concurrent.ForkJoinPool$WorkQueue.topLevelExec(ForkJoinPool.java:1182) ~[?:?]
	at java.util.concurrent.ForkJoinPool.scan(ForkJoinPool.java:1655) ~[?:?]
	at java.util.concurrent.ForkJoinPool.runWorker(ForkJoinPool.java:1622) ~[?:?]
	at java.util.concurrent.ForkJoinWorkerThread.run(ForkJoinWorkerThread.java:165) ~[?:?]
Caused by: java.io.EOFException: End of input at line 1 column 1 path $
	at com.google.gson.stream.JsonReader.nextNonWhitespace(JsonReader.java:1455) ~[gson-2.10.jar%2372!/:?]
	at com.google.gson.stream.JsonReader.doPeek(JsonReader.java:558) ~[gson-2.10.jar%2372!/:?]
	at com.google.gson.stream.JsonReader.peek(JsonReader.java:433) ~[gson-2.10.jar%2372!/:?]
	at com.google.gson.internal.bind.TypeAdapters$28.read(TypeAdapters.java:769) ~[gson-2.10.jar%2372!/:?]
	at com.google.gson.internal.bind.TypeAdapters$28.read(TypeAdapters.java:725) ~[gson-2.10.jar%2372!/:?]
	at com.google.gson.internal.bind.TypeAdapters$34$1.read(TypeAdapters.java:1007) ~[gson-2.10.jar%2372!/:?]
	at net.minecraft.util.GsonHelper.m_13780_(GsonHelper.java:524) ~[server-1.20.1-20230612.114412-srg.jar%23420!/:?]
	... 13 more
[06Jun2026 05:46:30.557] [Worker-Main-2/ERROR] [net.minecraft.server.packs.resources.SimpleJsonResourceReloadListener/]: Couldn't parse data file irons_spellbooks:decrepit_scythe_repair from irons_spellbooks:recipes/decrepit_scythe_repair.json
com.google.gson.JsonParseException: java.io.EOFException: End of input at line 1 column 1 path $
	at net.minecraft.util.GsonHelper.m_13780_(GsonHelper.java:526) ~[server-1.20.1-20230612.114412-srg.jar%23420!/:?]
	at net.minecraft.util.GsonHelper.m_263475_(GsonHelper.java:531) ~[server-1.20.1-20230612.114412-srg.jar%23420!/:?]
	at net.minecraft.util.GsonHelper.m_13776_(GsonHelper.java:581) ~[server-1.20.1-20230612.114412-srg.jar%23420!/:?]
	at net.minecraft.server.packs.resources.SimpleJsonResourceReloadListener.m_278771_(SimpleJsonResourceReloadListener.java:41) ~[server-1.20.1-20230612.114412-srg.jar%23420!/:?]
	at net.minecraft.server.packs.resources.SimpleJsonResourceReloadListener.m_5944_(SimpleJsonResourceReloadListener.java:29) ~[server-1.20.1-20230612.114412-srg.jar%23420!/:?]
	at net.minecraft.server.packs.resources.SimpleJsonResourceReloadListener.m_5944_(SimpleJsonResourceReloadListener.java:17) ~[server-1.20.1-20230612.114412-srg.jar%23420!/:?]
	at net.minecraft.server.packs.resources.SimplePreparableReloadListener.m_10786_(SimplePreparableReloadListener.java:11) ~[server-1.20.1-20230612.114412-srg.jar%23420!/:?]
	at java.util.concurrent.CompletableFuture$AsyncSupply.run(CompletableFuture.java:1768) ~[?:?]
	at java.util.concurrent.CompletableFuture$AsyncSupply.exec(CompletableFuture.java:1760) ~[?:?]
	at java.util.concurrent.ForkJoinTask.doExec(ForkJoinTask.java:373) ~[?:?]
	at java.util.concurrent.ForkJoinPool$WorkQueue.topLevelExec(ForkJoinPool.java:1182) ~[?:?]
	at java.util.concurrent.ForkJoinPool.scan(ForkJoinPool.java:1655) ~[?:?]
	at java.util.concurrent.ForkJoinPool.runWorker(ForkJoinPool.java:1622) ~[?:?]
	at java.util.concurrent.ForkJoinWorkerThread.run(ForkJoinWorkerThread.java:165) ~[?:?]
Caused by: java.io.EOFException: End of input at line 1 column 1 path $
	at com.google.gson.stream.JsonReader.nextNonWhitespace(JsonReader.java:1455) ~[gson-2.10.jar%2372!/:?]
	at com.google.gson.stream.JsonReader.doPeek(JsonReader.java:558) ~[gson-2.10.jar%2372!/:?]
	at com.google.gson.stream.JsonReader.peek(JsonReader.java:433) ~[gson-2.10.jar%2372!/:?]
	at com.google.gson.internal.bind.TypeAdapters$28.read(TypeAdapters.java:769) ~[gson-2.10.jar%2372!/:?]
	at com.google.gson.internal.bind.TypeAdapters$28.read(TypeAdapters.java:725) ~[gson-2.10.jar%2372!/:?]
	at com.google.gson.internal.bind.TypeAdapters$34$1.read(TypeAdapters.java:1007) ~[gson-2.10.jar%2372!/:?]
	at net.minecraft.util.GsonHelper.m_13780_(GsonHelper.java:524) ~[server-1.20.1-20230612.114412-srg.jar%23420!/:?]
	... 13 more
[06Jun2026 05:46:30.559] [Worker-Main-2/ERROR] [net.minecraft.server.packs.resources.SimpleJsonResourceReloadListener/]: Couldn't parse data file fromtheshadows:devil_splitter from fromtheshadows:recipes/devil_splitter.json
com.google.gson.JsonParseException: java.io.EOFException: End of input at line 1 column 1 path $
	at net.minecraft.util.GsonHelper.m_13780_(GsonHelper.java:526) ~[server-1.20.1-20230612.114412-srg.jar%23420!/:?]
	at net.minecraft.util.GsonHelper.m_263475_(GsonHelper.java:531) ~[server-1.20.1-20230612.114412-srg.jar%23420!/:?]
	at net.minecraft.util.GsonHelper.m_13776_(GsonHelper.java:581) ~[server-1.20.1-20230612.114412-srg.jar%23420!/:?]
	at net.minecraft.server.packs.resources.SimpleJsonResourceReloadListener.m_278771_(SimpleJsonResourceReloadListener.java:41) ~[server-1.20.1-20230612.114412-srg.jar%23420!/:?]
	at net.minecraft.server.packs.resources.SimpleJsonResourceReloadListener.m_5944_(SimpleJsonResourceReloadListener.java:29) ~[server-1.20.1-20230612.114412-srg.jar%23420!/:?]
	at net.minecraft.server.packs.resources.SimpleJsonResourceReloadListener.m_5944_(SimpleJsonResourceReloadListener.java:17) ~[server-1.20.1-20230612.114412-srg.jar%23420!/:?]
	at net.minecraft.server.packs.resources.SimplePreparableReloadListener.m_10786_(SimplePreparableReloadListener.java:11) ~[server-1.20.1-20230612.114412-srg.jar%23420!/:?]
	at java.util.concurrent.CompletableFuture$AsyncSupply.run(CompletableFuture.java:1768) ~[?:?]
	at java.util.concurrent.CompletableFuture$AsyncSupply.exec(CompletableFuture.java:1760) ~[?:?]
	at java.util.concurrent.ForkJoinTask.doExec(ForkJoinTask.java:373) ~[?:?]
	at java.util.concurrent.ForkJoinPool$WorkQueue.topLevelExec(ForkJoinPool.java:1182) ~[?:?]
	at java.util.concurrent.ForkJoinPool.scan(ForkJoinPool.java:1655) ~[?:?]
	at java.util.concurrent.ForkJoinPool.runWorker(ForkJoinPool.java:1622) ~[?:?]
	at java.util.concurrent.ForkJoinWorkerThread.run(ForkJoinWorkerThread.java:165) ~[?:?]
Caused by: java.io.EOFException: End of input at line 1 column 1 path $
	at com.google.gson.stream.JsonReader.nextNonWhitespace(JsonReader.java:1455) ~[gson-2.10.jar%2372!/:?]
	at com.google.gson.stream.JsonReader.doPeek(JsonReader.java:558) ~[gson-2.10.jar%2372!/:?]
	at com.google.gson.stream.JsonReader.peek(JsonReader.java:433) ~[gson-2.10.jar%2372!/:?]
	at com.google.gson.internal.bind.TypeAdapters$28.read(TypeAdapters.java:769) ~[gson-2.10.jar%2372!/:?]
	at com.google.gson.internal.bind.TypeAdapters$28.read(TypeAdapters.java:725) ~[gson-2.10.jar%2372!/:?]
	at com.google.gson.internal.bind.TypeAdapters$34$1.read(TypeAdapters.java:1007) ~[gson-2.10.jar%2372!/:?]
	at net.minecraft.util.GsonHelper.m_13780_(GsonHelper.java:524) ~[server-1.20.1-20230612.114412-srg.jar%23420!/:?]
	... 13 more
[06Jun2026 05:46:30.562] [Worker-Main-2/ERROR] [net.minecraft.server.packs.resources.SimpleJsonResourceReloadListener/]: Couldn't parse data file irons_spellbooks:diamond_spell_book from irons_spellbooks:recipes/diamond_spell_book.json
com.google.gson.JsonParseException: java.io.EOFException: End of input at line 1 column 1 path $
	at net.minecraft.util.GsonHelper.m_13780_(GsonHelper.java:526) ~[server-1.20.1-20230612.114412-srg.jar%23420!/:?]
	at net.minecraft.util.GsonHelper.m_263475_(GsonHelper.java:531) ~[server-1.20.1-20230612.114412-srg.jar%23420!/:?]
	at net.minecraft.util.GsonHelper.m_13776_(GsonHelper.java:581) ~[server-1.20.1-20230612.114412-srg.jar%23420!/:?]
	at net.minecraft.server.packs.resources.SimpleJsonResourceReloadListener.m_278771_(SimpleJsonResourceReloadListener.java:41) ~[server-1.20.1-20230612.114412-srg.jar%23420!/:?]
	at net.minecraft.server.packs.resources.SimpleJsonResourceReloadListener.m_5944_(SimpleJsonResourceReloadListener.java:29) ~[server-1.20.1-20230612.114412-srg.jar%23420!/:?]
	at net.minecraft.server.packs.resources.SimpleJsonResourceReloadListener.m_5944_(SimpleJsonResourceReloadListener.java:17) ~[server-1.20.1-20230612.114412-srg.jar%23420!/:?]
	at net.minecraft.server.packs.resources.SimplePreparableReloadListener.m_10786_(SimplePreparableReloadListener.java:11) ~[server-1.20.1-20230612.114412-srg.jar%23420!/:?]
	at java.util.concurrent.CompletableFuture$AsyncSupply.run(CompletableFuture.java:1768) ~[?:?]
	at java.util.concurrent.CompletableFuture$AsyncSupply.exec(CompletableFuture.java:1760) ~[?:?]
	at java.util.concurrent.ForkJoinTask.doExec(ForkJoinTask.java:373) ~[?:?]
	at java.util.concurrent.ForkJoinPool$WorkQueue.topLevelExec(ForkJoinPool.java:1182) ~[?:?]
	at java.util.concurrent.ForkJoinPool.scan(ForkJoinPool.java:1655) ~[?:?]
	at java.util.concurrent.ForkJoinPool.runWorker(ForkJoinPool.java:1622) ~[?:?]
	at java.util.concurrent.ForkJoinWorkerThread.run(ForkJoinWorkerThread.java:165) ~[?:?]
Caused by: java.io.EOFException: End of input at line 1 column 1 path $
	at com.google.gson.stream.JsonReader.nextNonWhitespace(JsonReader.java:1455) ~[gson-2.10.jar%2372!/:?]
	at com.google.gson.stream.JsonReader.doPeek(JsonReader.java:558) ~[gson-2.10.jar%2372!/:?]
	at com.google.gson.stream.JsonReader.peek(JsonReader.java:433) ~[gson-2.10.jar%2372!/:?]
	at com.google.gson.internal.bind.TypeAdapters$28.read(TypeAdapters.java:769) ~[gson-2.10.jar%2372!/:?]
	at com.google.gson.internal.bind.TypeAdapters$28.read(TypeAdapters.java:725) ~[gson-2.10.jar%2372!/:?]
	at com.google.gson.internal.bind.TypeAdapters$34$1.read(TypeAdapters.java:1007) ~[gson-2.10.jar%2372!/:?]
	at net.minecraft.util.GsonHelper.m_13780_(GsonHelper.java:524) ~[server-1.20.1-20230612.114412-srg.jar%23420!/:?]
	... 13 more
[06Jun2026 05:46:30.563] [Worker-Main-2/ERROR] [net.minecraft.server.packs.resources.SimpleJsonResourceReloadListener/]: Couldn't parse data file irons_spellbooks:dragonskin_spell_book from irons_spellbooks:recipes/dragonskin_spell_book.json
com.google.gson.JsonParseException: java.io.EOFException: End of input at line 1 column 1 path $
	at net.minecraft.util.GsonHelper.m_13780_(GsonHelper.java:526) ~[server-1.20.1-20230612.114412-srg.jar%23420!/:?]
	at net.minecraft.util.GsonHelper.m_263475_(GsonHelper.java:531) ~[server-1.20.1-20230612.114412-srg.jar%23420!/:?]
	at net.minecraft.util.GsonHelper.m_13776_(GsonHelper.java:581) ~[server-1.20.1-20230612.114412-srg.jar%23420!/:?]
	at net.minecraft.server.packs.resources.SimpleJsonResourceReloadListener.m_278771_(SimpleJsonResourceReloadListener.java:41) ~[server-1.20.1-20230612.114412-srg.jar%23420!/:?]
	at net.minecraft.server.packs.resources.SimpleJsonResourceReloadListener.m_5944_(SimpleJsonResourceReloadListener.java:29) ~[server-1.20.1-20230612.114412-srg.jar%23420!/:?]
	at net.minecraft.server.packs.resources.SimpleJsonResourceReloadListener.m_5944_(SimpleJsonResourceReloadListener.java:17) ~[server-1.20.1-20230612.114412-srg.jar%23420!/:?]
	at net.minecraft.server.packs.resources.SimplePreparableReloadListener.m_10786_(SimplePreparableReloadListener.java:11) ~[server-1.20.1-20230612.114412-srg.jar%23420!/:?]
	at java.util.concurrent.CompletableFuture$AsyncSupply.run(CompletableFuture.java:1768) ~[?:?]
	at java.util.concurrent.CompletableFuture$AsyncSupply.exec(CompletableFuture.java:1760) ~[?:?]
	at java.util.concurrent.ForkJoinTask.doExec(ForkJoinTask.java:373) ~[?:?]
	at java.util.concurrent.ForkJoinPool$WorkQueue.topLevelExec(ForkJoinPool.java:1182) ~[?:?]
	at java.util.concurrent.ForkJoinPool.scan(ForkJoinPool.java:1655) ~[?:?]
	at java.util.concurrent.ForkJoinPool.runWorker(ForkJoinPool.java:1622) ~[?:?]
	at java.util.concurrent.ForkJoinWorkerThread.run(ForkJoinWorkerThread.java:165) ~[?:?]
Caused by: java.io.EOFException: End of input at line 1 column 1 path $
	at com.google.gson.stream.JsonReader.nextNonWhitespace(JsonReader.java:1455) ~[gson-2.10.jar%2372!/:?]
	at com.google.gson.stream.JsonReader.doPeek(JsonReader.java:558) ~[gson-2.10.jar%2372!/:?]
	at com.google.gson.stream.JsonReader.peek(JsonReader.java:433) ~[gson-2.10.jar%2372!/:?]
	at com.google.gson.internal.bind.TypeAdapters$28.read(TypeAdapters.java:769) ~[gson-2.10.jar%2372!/:?]
	at com.google.gson.internal.bind.TypeAdapters$28.read(TypeAdapters.java:725) ~[gson-2.10.jar%2372!/:?]
	at com.google.gson.internal.bind.TypeAdapters$34$1.read(TypeAdapters.java:1007) ~[gson-2.10.jar%2372!/:?]
	at net.minecraft.util.GsonHelper.m_13780_(GsonHelper.java:524) ~[server-1.20.1-20230612.114412-srg.jar%23420!/:?]
	... 13 more
[06Jun2026 05:46:30.566] [Worker-Main-2/ERROR] [net.minecraft.server.packs.resources.SimpleJsonResourceReloadListener/]: Couldn't parse data file irons_spellbooks:druidic_spell_book from irons_spellbooks:recipes/druidic_spell_book.json
com.google.gson.JsonParseException: java.io.EOFException: End of input at line 1 column 1 path $
	at net.minecraft.util.GsonHelper.m_13780_(GsonHelper.java:526) ~[server-1.20.1-20230612.114412-srg.jar%23420!/:?]
	at net.minecraft.util.GsonHelper.m_263475_(GsonHelper.java:531) ~[server-1.20.1-20230612.114412-srg.jar%23420!/:?]
	at net.minecraft.util.GsonHelper.m_13776_(GsonHelper.java:581) ~[server-1.20.1-20230612.114412-srg.jar%23420!/:?]
	at net.minecraft.server.packs.resources.SimpleJsonResourceReloadListener.m_278771_(SimpleJsonResourceReloadListener.java:41) ~[server-1.20.1-20230612.114412-srg.jar%23420!/:?]
	at net.minecraft.server.packs.resources.SimpleJsonResourceReloadListener.m_5944_(SimpleJsonResourceReloadListener.java:29) ~[server-1.20.1-20230612.114412-srg.jar%23420!/:?]
	at net.minecraft.server.packs.resources.SimpleJsonResourceReloadListener.m_5944_(SimpleJsonResourceReloadListener.java:17) ~[server-1.20.1-20230612.114412-srg.jar%23420!/:?]
	at net.minecraft.server.packs.resources.SimplePreparableReloadListener.m_10786_(SimplePreparableReloadListener.java:11) ~[server-1.20.1-20230612.114412-srg.jar%23420!/:?]
	at java.util.concurrent.CompletableFuture$AsyncSupply.run(CompletableFuture.java:1768) ~[?:?]
	at java.util.concurrent.CompletableFuture$AsyncSupply.exec(CompletableFuture.java:1760) ~[?:?]
	at java.util.concurrent.ForkJoinTask.doExec(ForkJoinTask.java:373) ~[?:?]
	at java.util.concurrent.ForkJoinPool$WorkQueue.topLevelExec(ForkJoinPool.java:1182) ~[?:?]
	at java.util.concurrent.ForkJoinPool.scan(ForkJoinPool.java:1655) ~[?:?]
	at java.util.concurrent.ForkJoinPool.runWorker(ForkJoinPool.java:1622) ~[?:?]
	at java.util.concurrent.ForkJoinWorkerThread.run(ForkJoinWorkerThread.java:165) ~[?:?]
Caused by: java.io.EOFException: End of input at line 1 column 1 path $
	at com.google.gson.stream.JsonReader.nextNonWhitespace(JsonReader.java:1455) ~[gson-2.10.jar%2372!/:?]
	at com.google.gson.stream.JsonReader.doPeek(JsonReader.java:558) ~[gson-2.10.jar%2372!/:?]
	at com.google.gson.stream.JsonReader.peek(JsonReader.java:433) ~[gson-2.10.jar%2372!/:?]
	at com.google.gson.internal.bind.TypeAdapters$28.read(TypeAdapters.java:769) ~[gson-2.10.jar%2372!/:?]
	at com.google.gson.internal.bind.TypeAdapters$28.read(TypeAdapters.java:725) ~[gson-2.10.jar%2372!/:?]
	at com.google.gson.internal.bind.TypeAdapters$34$1.read(TypeAdapters.java:1007) ~[gson-2.10.jar%2372!/:?]
	at net.minecraft.util.GsonHelper.m_13780_(GsonHelper.java:524) ~[server-1.20.1-20230612.114412-srg.jar%23420!/:?]
	... 13 more
[06Jun2026 05:46:30.567] [Worker-Main-2/ERROR] [net.minecraft.server.packs.resources.SimpleJsonResourceReloadListener/]: Couldn't parse data file efn:duskfire_boots from efn:recipes/duskfire_boots.json
com.google.gson.JsonParseException: java.io.EOFException: End of input at line 1 column 1 path $
	at net.minecraft.util.GsonHelper.m_13780_(GsonHelper.java:526) ~[server-1.20.1-20230612.114412-srg.jar%23420!/:?]
	at net.minecraft.util.GsonHelper.m_263475_(GsonHelper.java:531) ~[server-1.20.1-20230612.114412-srg.jar%23420!/:?]
	at net.minecraft.util.GsonHelper.m_13776_(GsonHelper.java:581) ~[server-1.20.1-20230612.114412-srg.jar%23420!/:?]
	at net.minecraft.server.packs.resources.SimpleJsonResourceReloadListener.m_278771_(SimpleJsonResourceReloadListener.java:41) ~[server-1.20.1-20230612.114412-srg.jar%23420!/:?]
	at net.minecraft.server.packs.resources.SimpleJsonResourceReloadListener.m_5944_(SimpleJsonResourceReloadListener.java:29) ~[server-1.20.1-20230612.114412-srg.jar%23420!/:?]
	at net.minecraft.server.packs.resources.SimpleJsonResourceReloadListener.m_5944_(SimpleJsonResourceReloadListener.java:17) ~[server-1.20.1-20230612.114412-srg.jar%23420!/:?]
	at net.minecraft.server.packs.resources.SimplePreparableReloadListener.m_10786_(SimplePreparableReloadListener.java:11) ~[server-1.20.1-20230612.114412-srg.jar%23420!/:?]
	at java.util.concurrent.CompletableFuture$AsyncSupply.run(CompletableFuture.java:1768) ~[?:?]
	at java.util.concurrent.CompletableFuture$AsyncSupply.exec(CompletableFuture.java:1760) ~[?:?]
	at java.util.concurrent.ForkJoinTask.doExec(ForkJoinTask.java:373) ~[?:?]
	at java.util.concurrent.ForkJoinPool$WorkQueue.topLevelExec(ForkJoinPool.java:1182) ~[?:?]
	at java.util.concurrent.ForkJoinPool.scan(ForkJoinPool.java:1655) ~[?:?]
	at java.util.concurrent.ForkJoinPool.runWorker(ForkJoinPool.java:1622) ~[?:?]
	at java.util.concurrent.ForkJoinWorkerThread.run(ForkJoinWorkerThread.java:165) ~[?:?]
Caused by: java.io.EOFException: End of input at line 1 column 1 path $
	at com.google.gson.stream.JsonReader.nextNonWhitespace(JsonReader.java:1455) ~[gson-2.10.jar%2372!/:?]
	at com.google.gson.stream.JsonReader.doPeek(JsonReader.java:558) ~[gson-2.10.jar%2372!/:?]
	at com.google.gson.stream.JsonReader.peek(JsonReader.java:433) ~[gson-2.10.jar%2372!/:?]
	at com.google.gson.internal.bind.TypeAdapters$28.read(TypeAdapters.java:769) ~[gson-2.10.jar%2372!/:?]
	at com.google.gson.internal.bind.TypeAdapters$28.read(TypeAdapters.java:725) ~[gson-2.10.jar%2372!/:?]
	at com.google.gson.internal.bind.TypeAdapters$34$1.read(TypeAdapters.java:1007) ~[gson-2.10.jar%2372!/:?]
	at net.minecraft.util.GsonHelper.m_13780_(GsonHelper.java:524) ~[server-1.20.1-20230612.114412-srg.jar%23420!/:?]
	... 13 more
[06Jun2026 05:46:30.567] [Worker-Main-2/ERROR] [net.minecraft.server.packs.resources.SimpleJsonResourceReloadListener/]: Couldn't parse data file efn:duskfire_chestplate from efn:recipes/duskfire_chestplate.json
com.google.gson.JsonParseException: java.io.EOFException: End of input at line 1 column 1 path $
	at net.minecraft.util.GsonHelper.m_13780_(GsonHelper.java:526) ~[server-1.20.1-20230612.114412-srg.jar%23420!/:?]
	at net.minecraft.util.GsonHelper.m_263475_(GsonHelper.java:531) ~[server-1.20.1-20230612.114412-srg.jar%23420!/:?]
	at net.minecraft.util.GsonHelper.m_13776_(GsonHelper.java:581) ~[server-1.20.1-20230612.114412-srg.jar%23420!/:?]
	at net.minecraft.server.packs.resources.SimpleJsonResourceReloadListener.m_278771_(SimpleJsonResourceReloadListener.java:41) ~[server-1.20.1-20230612.114412-srg.jar%23420!/:?]
	at net.minecraft.server.packs.resources.SimpleJsonResourceReloadListener.m_5944_(SimpleJsonResourceReloadListener.java:29) ~[server-1.20.1-20230612.114412-srg.jar%23420!/:?]
	at net.minecraft.server.packs.resources.SimpleJsonResourceReloadListener.m_5944_(SimpleJsonResourceReloadListener.java:17) ~[server-1.20.1-20230612.114412-srg.jar%23420!/:?]
	at net.minecraft.server.packs.resources.SimplePreparableReloadListener.m_10786_(SimplePreparableReloadListener.java:11) ~[server-1.20.1-20230612.114412-srg.jar%23420!/:?]
	at java.util.concurrent.CompletableFuture$AsyncSupply.run(CompletableFuture.java:1768) ~[?:?]
	at java.util.concurrent.CompletableFuture$AsyncSupply.exec(CompletableFuture.java:1760) ~[?:?]
	at java.util.concurrent.ForkJoinTask.doExec(ForkJoinTask.java:373) ~[?:?]
	at java.util.concurrent.ForkJoinPool$WorkQueue.topLevelExec(ForkJoinPool.java:1182) ~[?:?]
	at java.util.concurrent.ForkJoinPool.scan(ForkJoinPool.java:1655) ~[?:?]
	at java.util.concurrent.ForkJoinPool.runWorker(ForkJoinPool.java:1622) ~[?:?]
	at java.util.concurrent.ForkJoinWorkerThread.run(ForkJoinWorkerThread.java:165) ~[?:?]
Caused by: java.io.EOFException: End of input at line 1 column 1 path $
	at com.google.gson.stream.JsonReader.nextNonWhitespace(JsonReader.java:1455) ~[gson-2.10.jar%2372!/:?]
	at com.google.gson.stream.JsonReader.doPeek(JsonReader.java:558) ~[gson-2.10.jar%2372!/:?]
	at com.google.gson.stream.JsonReader.peek(JsonReader.java:433) ~[gson-2.10.jar%2372!/:?]
	at com.google.gson.internal.bind.TypeAdapters$28.read(TypeAdapters.java:769) ~[gson-2.10.jar%2372!/:?]
	at com.google.gson.internal.bind.TypeAdapters$28.read(TypeAdapters.java:725) ~[gson-2.10.jar%2372!/:?]
	at com.google.gson.internal.bind.TypeAdapters$34$1.read(TypeAdapters.java:1007) ~[gson-2.10.jar%2372!/:?]
	at net.minecraft.util.GsonHelper.m_13780_(GsonHelper.java:524) ~[server-1.20.1-20230612.114412-srg.jar%23420!/:?]
	... 13 more
[06Jun2026 05:46:30.568] [Worker-Main-2/ERROR] [net.minecraft.server.packs.resources.SimpleJsonResourceReloadListener/]: Couldn't parse data file efn:duskfire_helmet from efn:recipes/duskfire_helmet.json
com.google.gson.JsonParseException: java.io.EOFException: End of input at line 1 column 1 path $
	at net.minecraft.util.GsonHelper.m_13780_(GsonHelper.java:526) ~[server-1.20.1-20230612.114412-srg.jar%23420!/:?]
	at net.minecraft.util.GsonHelper.m_263475_(GsonHelper.java:531) ~[server-1.20.1-20230612.114412-srg.jar%23420!/:?]
	at net.minecraft.util.GsonHelper.m_13776_(GsonHelper.java:581) ~[server-1.20.1-20230612.114412-srg.jar%23420!/:?]
	at net.minecraft.server.packs.resources.SimpleJsonResourceReloadListener.m_278771_(SimpleJsonResourceReloadListener.java:41) ~[server-1.20.1-20230612.114412-srg.jar%23420!/:?]
	at net.minecraft.server.packs.resources.SimpleJsonResourceReloadListener.m_5944_(SimpleJsonResourceReloadListener.java:29) ~[server-1.20.1-20230612.114412-srg.jar%23420!/:?]
	at net.minecraft.server.packs.resources.SimpleJsonResourceReloadListener.m_5944_(SimpleJsonResourceReloadListener.java:17) ~[server-1.20.1-20230612.114412-srg.jar%23420!/:?]
	at net.minecraft.server.packs.resources.SimplePreparableReloadListener.m_10786_(SimplePreparableReloadListener.java:11) ~[server-1.20.1-20230612.114412-srg.jar%23420!/:?]
	at java.util.concurrent.CompletableFuture$AsyncSupply.run(CompletableFuture.java:1768) ~[?:?]
	at java.util.concurrent.CompletableFuture$AsyncSupply.exec(CompletableFuture.java:1760) ~[?:?]
	at java.util.concurrent.ForkJoinTask.doExec(ForkJoinTask.java:373) ~[?:?]
	at java.util.concurrent.ForkJoinPool$WorkQueue.topLevelExec(ForkJoinPool.java:1182) ~[?:?]
	at java.util.concurrent.ForkJoinPool.scan(ForkJoinPool.java:1655) ~[?:?]
	at java.util.concurrent.ForkJoinPool.runWorker(ForkJoinPool.java:1622) ~[?:?]
	at java.util.concurrent.ForkJoinWorkerThread.run(ForkJoinWorkerThread.java:165) ~[?:?]
Caused by: java.io.EOFException: End of input at line 1 column 1 path $
	at com.google.gson.stream.JsonReader.nextNonWhitespace(JsonReader.java:1455) ~[gson-2.10.jar%2372!/:?]
	at com.google.gson.stream.JsonReader.doPeek(JsonReader.java:558) ~[gson-2.10.jar%2372!/:?]
	at com.google.gson.stream.JsonReader.peek(JsonReader.java:433) ~[gson-2.10.jar%2372!/:?]
	at com.google.gson.internal.bind.TypeAdapters$28.read(TypeAdapters.java:769) ~[gson-2.10.jar%2372!/:?]
	at com.google.gson.internal.bind.TypeAdapters$28.read(TypeAdapters.java:725) ~[gson-2.10.jar%2372!/:?]
	at com.google.gson.internal.bind.TypeAdapters$34$1.read(TypeAdapters.java:1007) ~[gson-2.10.jar%2372!/:?]
	at net.minecraft.util.GsonHelper.m_13780_(GsonHelper.java:524) ~[server-1.20.1-20230612.114412-srg.jar%23420!/:?]
	... 13 more
[06Jun2026 05:46:30.568] [Worker-Main-2/ERROR] [net.minecraft.server.packs.resources.SimpleJsonResourceReloadListener/]: Couldn't parse data file efn:duskfire_leggings from efn:recipes/duskfire_leggings.json
com.google.gson.JsonParseException: java.io.EOFException: End of input at line 1 column 1 path $
	at net.minecraft.util.GsonHelper.m_13780_(GsonHelper.java:526) ~[server-1.20.1-20230612.114412-srg.jar%23420!/:?]
	at net.minecraft.util.GsonHelper.m_263475_(GsonHelper.java:531) ~[server-1.20.1-20230612.114412-srg.jar%23420!/:?]
	at net.minecraft.util.GsonHelper.m_13776_(GsonHelper.java:581) ~[server-1.20.1-20230612.114412-srg.jar%23420!/:?]
	at net.minecraft.server.packs.resources.SimpleJsonResourceReloadListener.m_278771_(SimpleJsonResourceReloadListener.java:41) ~[server-1.20.1-20230612.114412-srg.jar%23420!/:?]
	at net.minecraft.server.packs.resources.SimpleJsonResourceReloadListener.m_5944_(SimpleJsonResourceReloadListener.java:29) ~[server-1.20.1-20230612.114412-srg.jar%23420!/:?]
	at net.minecraft.server.packs.resources.SimpleJsonResourceReloadListener.m_5944_(SimpleJsonResourceReloadListener.java:17) ~[server-1.20.1-20230612.114412-srg.jar%23420!/:?]
	at net.minecraft.server.packs.resources.SimplePreparableReloadListener.m_10786_(SimplePreparableReloadListener.java:11) ~[server-1.20.1-20230612.114412-srg.jar%23420!/:?]
	at java.util.concurrent.CompletableFuture$AsyncSupply.run(CompletableFuture.java:1768) ~[?:?]
	at java.util.concurrent.CompletableFuture$AsyncSupply.exec(CompletableFuture.java:1760) ~[?:?]
	at java.util.concurrent.ForkJoinTask.doExec(ForkJoinTask.java:373) ~[?:?]
	at java.util.concurrent.ForkJoinPool$WorkQueue.topLevelExec(ForkJoinPool.java:1182) ~[?:?]
	at java.util.concurrent.ForkJoinPool.scan(ForkJoinPool.java:1655) ~[?:?]
	at java.util.concurrent.ForkJoinPool.runWorker(ForkJoinPool.java:1622) ~[?:?]
	at java.util.concurrent.ForkJoinWorkerThread.run(ForkJoinWorkerThread.java:165) ~[?:?]
Caused by: java.io.EOFException: End of input at line 1 column 1 path $
	at com.google.gson.stream.JsonReader.nextNonWhitespace(JsonReader.java:1455) ~[gson-2.10.jar%2372!/:?]
	at com.google.gson.stream.JsonReader.doPeek(JsonReader.java:558) ~[gson-2.10.jar%2372!/:?]
	at com.google.gson.stream.JsonReader.peek(JsonReader.java:433) ~[gson-2.10.jar%2372!/:?]
	at com.google.gson.internal.bind.TypeAdapters$28.read(TypeAdapters.java:769) ~[gson-2.10.jar%2372!/:?]
	at com.google.gson.internal.bind.TypeAdapters$28.read(TypeAdapters.java:725) ~[gson-2.10.jar%2372!/:?]
	at com.google.gson.internal.bind.TypeAdapters$34$1.read(TypeAdapters.java:1007) ~[gson-2.10.jar%2372!/:?]
	at net.minecraft.util.GsonHelper.m_13780_(GsonHelper.java:524) ~[server-1.20.1-20230612.114412-srg.jar%23420!/:?]
	... 13 more
[06Jun2026 05:46:30.573] [Worker-Main-2/ERROR] [net.minecraft.server.packs.resources.SimpleJsonResourceReloadListener/]: Couldn't parse data file efn:efn_dodge from efn:recipes/efn_dodge.json
com.google.gson.JsonParseException: java.io.EOFException: End of input at line 1 column 1 path $
	at net.minecraft.util.GsonHelper.m_13780_(GsonHelper.java:526) ~[server-1.20.1-20230612.114412-srg.jar%23420!/:?]
	at net.minecraft.util.GsonHelper.m_263475_(GsonHelper.java:531) ~[server-1.20.1-20230612.114412-srg.jar%23420!/:?]
	at net.minecraft.util.GsonHelper.m_13776_(GsonHelper.java:581) ~[server-1.20.1-20230612.114412-srg.jar%23420!/:?]
	at net.minecraft.server.packs.resources.SimpleJsonResourceReloadListener.m_278771_(SimpleJsonResourceReloadListener.java:41) ~[server-1.20.1-20230612.114412-srg.jar%23420!/:?]
	at net.minecraft.server.packs.resources.SimpleJsonResourceReloadListener.m_5944_(SimpleJsonResourceReloadListener.java:29) ~[server-1.20.1-20230612.114412-srg.jar%23420!/:?]
	at net.minecraft.server.packs.resources.SimpleJsonResourceReloadListener.m_5944_(SimpleJsonResourceReloadListener.java:17) ~[server-1.20.1-20230612.114412-srg.jar%23420!/:?]
	at net.minecraft.server.packs.resources.SimplePreparableReloadListener.m_10786_(SimplePreparableReloadListener.java:11) ~[server-1.20.1-20230612.114412-srg.jar%23420!/:?]
	at java.util.concurrent.CompletableFuture$AsyncSupply.run(CompletableFuture.java:1768) ~[?:?]
	at java.util.concurrent.CompletableFuture$AsyncSupply.exec(CompletableFuture.java:1760) ~[?:?]
	at java.util.concurrent.ForkJoinTask.doExec(ForkJoinTask.java:373) ~[?:?]
	at java.util.concurrent.ForkJoinPool$WorkQueue.topLevelExec(ForkJoinPool.java:1182) ~[?:?]
	at java.util.concurrent.ForkJoinPool.scan(ForkJoinPool.java:1655) ~[?:?]
	at java.util.concurrent.ForkJoinPool.runWorker(ForkJoinPool.java:1622) ~[?:?]
	at java.util.concurrent.ForkJoinWorkerThread.run(ForkJoinWorkerThread.java:165) ~[?:?]
Caused by: java.io.EOFException: End of input at line 1 column 1 path $
	at com.google.gson.stream.JsonReader.nextNonWhitespace(JsonReader.java:1455) ~[gson-2.10.jar%2372!/:?]
	at com.google.gson.stream.JsonReader.doPeek(JsonReader.java:558) ~[gson-2.10.jar%2372!/:?]
	at com.google.gson.stream.JsonReader.peek(JsonReader.java:433) ~[gson-2.10.jar%2372!/:?]
	at com.google.gson.internal.bind.TypeAdapters$28.read(TypeAdapters.java:769) ~[gson-2.10.jar%2372!/:?]
	at com.google.gson.internal.bind.TypeAdapters$28.read(TypeAdapters.java:725) ~[gson-2.10.jar%2372!/:?]
	at com.google.gson.internal.bind.TypeAdapters$34$1.read(TypeAdapters.java:1007) ~[gson-2.10.jar%2372!/:?]
	at net.minecraft.util.GsonHelper.m_13780_(GsonHelper.java:524) ~[server-1.20.1-20230612.114412-srg.jar%23420!/:?]
	... 13 more
[06Jun2026 05:46:30.575] [Worker-Main-2/ERROR] [net.minecraft.server.packs.resources.SimpleJsonResourceReloadListener/]: Couldn't parse data file efn:efn_step from efn:recipes/efn_step.json
com.google.gson.JsonParseException: java.io.EOFException: End of input at line 1 column 1 path $
	at net.minecraft.util.GsonHelper.m_13780_(GsonHelper.java:526) ~[server-1.20.1-20230612.114412-srg.jar%23420!/:?]
	at net.minecraft.util.GsonHelper.m_263475_(GsonHelper.java:531) ~[server-1.20.1-20230612.114412-srg.jar%23420!/:?]
	at net.minecraft.util.GsonHelper.m_13776_(GsonHelper.java:581) ~[server-1.20.1-20230612.114412-srg.jar%23420!/:?]
	at net.minecraft.server.packs.resources.SimpleJsonResourceReloadListener.m_278771_(SimpleJsonResourceReloadListener.java:41) ~[server-1.20.1-20230612.114412-srg.jar%23420!/:?]
	at net.minecraft.server.packs.resources.SimpleJsonResourceReloadListener.m_5944_(SimpleJsonResourceReloadListener.java:29) ~[server-1.20.1-20230612.114412-srg.jar%23420!/:?]
	at net.minecraft.server.packs.resources.SimpleJsonResourceReloadListener.m_5944_(SimpleJsonResourceReloadListener.java:17) ~[server-1.20.1-20230612.114412-srg.jar%23420!/:?]
	at net.minecraft.server.packs.resources.SimplePreparableReloadListener.m_10786_(SimplePreparableReloadListener.java:11) ~[server-1.20.1-20230612.114412-srg.jar%23420!/:?]
	at java.util.concurrent.CompletableFuture$AsyncSupply.run(CompletableFuture.java:1768) ~[?:?]
	at java.util.concurrent.CompletableFuture$AsyncSupply.exec(CompletableFuture.java:1760) ~[?:?]
	at java.util.concurrent.ForkJoinTask.doExec(ForkJoinTask.java:373) ~[?:?]
	at java.util.concurrent.ForkJoinPool$WorkQueue.topLevelExec(ForkJoinPool.java:1182) ~[?:?]
	at java.util.concurrent.ForkJoinPool.scan(ForkJoinPool.java:1655) ~[?:?]
	at java.util.concurrent.ForkJoinPool.runWorker(ForkJoinPool.java:1622) ~[?:?]
	at java.util.concurrent.ForkJoinWorkerThread.run(ForkJoinWorkerThread.java:165) ~[?:?]
Caused by: java.io.EOFException: End of input at line 1 column 1 path $
	at com.google.gson.stream.JsonReader.nextNonWhitespace(JsonReader.java:1455) ~[gson-2.10.jar%2372!/:?]
	at com.google.gson.stream.JsonReader.doPeek(JsonReader.java:558) ~[gson-2.10.jar%2372!/:?]
	at com.google.gson.stream.JsonReader.peek(JsonReader.java:433) ~[gson-2.10.jar%2372!/:?]
	at com.google.gson.internal.bind.TypeAdapters$28.read(TypeAdapters.java:769) ~[gson-2.10.jar%2372!/:?]
	at com.google.gson.internal.bind.TypeAdapters$28.read(TypeAdapters.java:725) ~[gson-2.10.jar%2372!/:?]
	at com.google.gson.internal.bind.TypeAdapters$34$1.read(TypeAdapters.java:1007) ~[gson-2.10.jar%2372!/:?]
	at net.minecraft.util.GsonHelper.m_13780_(GsonHelper.java:524) ~[server-1.20.1-20230612.114412-srg.jar%23420!/:?]
	... 13 more
[06Jun2026 05:46:30.580] [Worker-Main-2/ERROR] [net.minecraft.server.packs.resources.SimpleJsonResourceReloadListener/]: Couldn't parse data file irons_spellbooks:energized_core from irons_spellbooks:recipes/energized_core.json
com.google.gson.JsonParseException: java.io.EOFException: End of input at line 1 column 1 path $
	at net.minecraft.util.GsonHelper.m_13780_(GsonHelper.java:526) ~[server-1.20.1-20230612.114412-srg.jar%23420!/:?]
	at net.minecraft.util.GsonHelper.m_263475_(GsonHelper.java:531) ~[server-1.20.1-20230612.114412-srg.jar%23420!/:?]
	at net.minecraft.util.GsonHelper.m_13776_(GsonHelper.java:581) ~[server-1.20.1-20230612.114412-srg.jar%23420!/:?]
	at net.minecraft.server.packs.resources.SimpleJsonResourceReloadListener.m_278771_(SimpleJsonResourceReloadListener.java:41) ~[server-1.20.1-20230612.114412-srg.jar%23420!/:?]
	at net.minecraft.server.packs.resources.SimpleJsonResourceReloadListener.m_5944_(SimpleJsonResourceReloadListener.java:29) ~[server-1.20.1-20230612.114412-srg.jar%23420!/:?]
	at net.minecraft.server.packs.resources.SimpleJsonResourceReloadListener.m_5944_(SimpleJsonResourceReloadListener.java:17) ~[server-1.20.1-20230612.114412-srg.jar%23420!/:?]
	at net.minecraft.server.packs.resources.SimplePreparableReloadListener.m_10786_(SimplePreparableReloadListener.java:11) ~[server-1.20.1-20230612.114412-srg.jar%23420!/:?]
	at java.util.concurrent.CompletableFuture$AsyncSupply.run(CompletableFuture.java:1768) ~[?:?]
	at java.util.concurrent.CompletableFuture$AsyncSupply.exec(CompletableFuture.java:1760) ~[?:?]
	at java.util.concurrent.ForkJoinTask.doExec(ForkJoinTask.java:373) ~[?:?]
	at java.util.concurrent.ForkJoinPool$WorkQueue.topLevelExec(ForkJoinPool.java:1182) ~[?:?]
	at java.util.concurrent.ForkJoinPool.scan(ForkJoinPool.java:1655) ~[?:?]
	at java.util.concurrent.ForkJoinPool.runWorker(ForkJoinPool.java:1622) ~[?:?]
	at java.util.concurrent.ForkJoinWorkerThread.run(ForkJoinWorkerThread.java:165) ~[?:?]
Caused by: java.io.EOFException: End of input at line 1 column 1 path $
	at com.google.gson.stream.JsonReader.nextNonWhitespace(JsonReader.java:1455) ~[gson-2.10.jar%2372!/:?]
	at com.google.gson.stream.JsonReader.doPeek(JsonReader.java:558) ~[gson-2.10.jar%2372!/:?]
	at com.google.gson.stream.JsonReader.peek(JsonReader.java:433) ~[gson-2.10.jar%2372!/:?]
	at com.google.gson.internal.bind.TypeAdapters$28.read(TypeAdapters.java:769) ~[gson-2.10.jar%2372!/:?]
	at com.google.gson.internal.bind.TypeAdapters$28.read(TypeAdapters.java:725) ~[gson-2.10.jar%2372!/:?]
	at com.google.gson.internal.bind.TypeAdapters$34$1.read(TypeAdapters.java:1007) ~[gson-2.10.jar%2372!/:?]
	at net.minecraft.util.GsonHelper.m_13780_(GsonHelper.java:524) ~[server-1.20.1-20230612.114412-srg.jar%23420!/:?]
	... 13 more
[06Jun2026 05:46:30.582] [Worker-Main-2/ERROR] [net.minecraft.server.packs.resources.SimpleJsonResourceReloadListener/]: Couldn't parse data file efn:exsiliumgladius from efn:recipes/exsiliumgladius.json
com.google.gson.JsonParseException: java.io.EOFException: End of input at line 1 column 1 path $
	at net.minecraft.util.GsonHelper.m_13780_(GsonHelper.java:526) ~[server-1.20.1-20230612.114412-srg.jar%23420!/:?]
	at net.minecraft.util.GsonHelper.m_263475_(GsonHelper.java:531) ~[server-1.20.1-20230612.114412-srg.jar%23420!/:?]
	at net.minecraft.util.GsonHelper.m_13776_(GsonHelper.java:581) ~[server-1.20.1-20230612.114412-srg.jar%23420!/:?]
	at net.minecraft.server.packs.resources.SimpleJsonResourceReloadListener.m_278771_(SimpleJsonResourceReloadListener.java:41) ~[server-1.20.1-20230612.114412-srg.jar%23420!/:?]
	at net.minecraft.server.packs.resources.SimpleJsonResourceReloadListener.m_5944_(SimpleJsonResourceReloadListener.java:29) ~[server-1.20.1-20230612.114412-srg.jar%23420!/:?]
	at net.minecraft.server.packs.resources.SimpleJsonResourceReloadListener.m_5944_(SimpleJsonResourceReloadListener.java:17) ~[server-1.20.1-20230612.114412-srg.jar%23420!/:?]
	at net.minecraft.server.packs.resources.SimplePreparableReloadListener.m_10786_(SimplePreparableReloadListener.java:11) ~[server-1.20.1-20230612.114412-srg.jar%23420!/:?]
	at java.util.concurrent.CompletableFuture$AsyncSupply.run(CompletableFuture.java:1768) ~[?:?]
	at java.util.concurrent.CompletableFuture$AsyncSupply.exec(CompletableFuture.java:1760) ~[?:?]
	at java.util.concurrent.ForkJoinTask.doExec(ForkJoinTask.java:373) ~[?:?]
	at java.util.concurrent.ForkJoinPool$WorkQueue.topLevelExec(ForkJoinPool.java:1182) ~[?:?]
	at java.util.concurrent.ForkJoinPool.scan(ForkJoinPool.java:1655) ~[?:?]
	at java.util.concurrent.ForkJoinPool.runWorker(ForkJoinPool.java:1622) ~[?:?]
	at java.util.concurrent.ForkJoinWorkerThread.run(ForkJoinWorkerThread.java:165) ~[?:?]
Caused by: java.io.EOFException: End of input at line 1 column 1 path $
	at com.google.gson.stream.JsonReader.nextNonWhitespace(JsonReader.java:1455) ~[gson-2.10.jar%2372!/:?]
	at com.google.gson.stream.JsonReader.doPeek(JsonReader.java:558) ~[gson-2.10.jar%2372!/:?]
	at com.google.gson.stream.JsonReader.peek(JsonReader.java:433) ~[gson-2.10.jar%2372!/:?]
	at com.google.gson.internal.bind.TypeAdapters$28.read(TypeAdapters.java:769) ~[gson-2.10.jar%2372!/:?]
	at com.google.gson.internal.bind.TypeAdapters$28.read(TypeAdapters.java:725) ~[gson-2.10.jar%2372!/:?]
	at com.google.gson.internal.bind.TypeAdapters$34$1.read(TypeAdapters.java:1007) ~[gson-2.10.jar%2372!/:?]
	at net.minecraft.util.GsonHelper.m_13780_(GsonHelper.java:524) ~[server-1.20.1-20230612.114412-srg.jar%23420!/:?]
	... 13 more
[06Jun2026 05:46:30.727] [Worker-Main-2/ERROR] [net.minecraft.server.packs.resources.SimpleJsonResourceReloadListener/]: Couldn't parse data file efn:fire_exsiliumgladius from efn:recipes/fire_exsiliumgladius.json
com.google.gson.JsonParseException: java.io.EOFException: End of input at line 1 column 1 path $
	at net.minecraft.util.GsonHelper.m_13780_(GsonHelper.java:526) ~[server-1.20.1-20230612.114412-srg.jar%23420!/:?]
	at net.minecraft.util.GsonHelper.m_263475_(GsonHelper.java:531) ~[server-1.20.1-20230612.114412-srg.jar%23420!/:?]
	at net.minecraft.util.GsonHelper.m_13776_(GsonHelper.java:581) ~[server-1.20.1-20230612.114412-srg.jar%23420!/:?]
	at net.minecraft.server.packs.resources.SimpleJsonResourceReloadListener.m_278771_(SimpleJsonResourceReloadListener.java:41) ~[server-1.20.1-20230612.114412-srg.jar%23420!/:?]
	at net.minecraft.server.packs.resources.SimpleJsonResourceReloadListener.m_5944_(SimpleJsonResourceReloadListener.java:29) ~[server-1.20.1-20230612.114412-srg.jar%23420!/:?]
	at net.minecraft.server.packs.resources.SimpleJsonResourceReloadListener.m_5944_(SimpleJsonResourceReloadListener.java:17) ~[server-1.20.1-20230612.114412-srg.jar%23420!/:?]
	at net.minecraft.server.packs.resources.SimplePreparableReloadListener.m_10786_(SimplePreparableReloadListener.java:11) ~[server-1.20.1-20230612.114412-srg.jar%23420!/:?]
	at java.util.concurrent.CompletableFuture$AsyncSupply.run(CompletableFuture.java:1768) ~[?:?]
	at java.util.concurrent.CompletableFuture$AsyncSupply.exec(CompletableFuture.java:1760) ~[?:?]
	at java.util.concurrent.ForkJoinTask.doExec(ForkJoinTask.java:373) ~[?:?]
	at java.util.concurrent.ForkJoinPool$WorkQueue.topLevelExec(ForkJoinPool.java:1182) ~[?:?]
	at java.util.concurrent.ForkJoinPool.scan(ForkJoinPool.java:1655) ~[?:?]
	at java.util.concurrent.ForkJoinPool.runWorker(ForkJoinPool.java:1622) ~[?:?]
	at java.util.concurrent.ForkJoinWorkerThread.run(ForkJoinWorkerThread.java:165) ~[?:?]
Caused by: java.io.EOFException: End of input at line 1 column 1 path $
	at com.google.gson.stream.JsonReader.nextNonWhitespace(JsonReader.java:1455) ~[gson-2.10.jar%2372!/:?]
	at com.google.gson.stream.JsonReader.doPeek(JsonReader.java:558) ~[gson-2.10.jar%2372!/:?]
	at com.google.gson.stream.JsonReader.peek(JsonReader.java:433) ~[gson-2.10.jar%2372!/:?]
	at com.google.gson.internal.bind.TypeAdapters$28.read(TypeAdapters.java:769) ~[gson-2.10.jar%2372!/:?]
	at com.google.gson.internal.bind.TypeAdapters$28.read(TypeAdapters.java:725) ~[gson-2.10.jar%2372!/:?]
	at com.google.gson.internal.bind.TypeAdapters$34$1.read(TypeAdapters.java:1007) ~[gson-2.10.jar%2372!/:?]
	at net.minecraft.util.GsonHelper.m_13780_(GsonHelper.java:524) ~[server-1.20.1-20230612.114412-srg.jar%23420!/:?]
	... 13 more
[06Jun2026 05:46:30.607] [Worker-Main-1/ERROR] [net.minecraft.server.packs.resources.SimpleJsonResourceReloadListener/]: Couldn't parse data file aether:gloves_loot_chain from aether:loot_modifiers/gloves_loot_chain.json
com.google.gson.JsonParseException: java.io.EOFException: End of input at line 1 column 1 path $
	at net.minecraft.util.GsonHelper.m_13780_(GsonHelper.java:526) ~[server-1.20.1-20230612.114412-srg.jar%23420!/:?]
	at net.minecraft.util.GsonHelper.m_263475_(GsonHelper.java:531) ~[server-1.20.1-20230612.114412-srg.jar%23420!/:?]
	at net.minecraft.util.GsonHelper.m_13776_(GsonHelper.java:581) ~[server-1.20.1-20230612.114412-srg.jar%23420!/:?]
	at net.minecraft.server.packs.resources.SimpleJsonResourceReloadListener.m_278771_(SimpleJsonResourceReloadListener.java:41) ~[server-1.20.1-20230612.114412-srg.jar%23420!/:?]
	at net.minecraft.server.packs.resources.SimpleJsonResourceReloadListener.m_5944_(SimpleJsonResourceReloadListener.java:29) ~[server-1.20.1-20230612.114412-srg.jar%23420!/:?]
	at net.minecraft.server.packs.resources.SimpleJsonResourceReloadListener.m_5944_(SimpleJsonResourceReloadListener.java:17) ~[server-1.20.1-20230612.114412-srg.jar%23420!/:?]
	at net.minecraft.server.packs.resources.SimplePreparableReloadListener.m_10786_(SimplePreparableReloadListener.java:11) ~[server-1.20.1-20230612.114412-srg.jar%23420!/:?]
	at java.util.concurrent.CompletableFuture$AsyncSupply.run(CompletableFuture.java:1768) ~[?:?]
	at java.util.concurrent.CompletableFuture$AsyncSupply.exec(CompletableFuture.java:1760) ~[?:?]
	at java.util.concurrent.ForkJoinTask.doExec(ForkJoinTask.java:373) ~[?:?]
	at java.util.concurrent.ForkJoinPool$WorkQueue.topLevelExec(ForkJoinPool.java:1182) ~[?:?]
	at java.util.concurrent.ForkJoinPool.scan(ForkJoinPool.java:1655) ~[?:?]
	at java.util.concurrent.ForkJoinPool.runWorker(ForkJoinPool.java:1622) ~[?:?]
	at java.util.concurrent.ForkJoinWorkerThread.run(ForkJoinWorkerThread.java:165) ~[?:?]
Caused by: java.io.EOFException: End of input at line 1 column 1 path $
	at com.google.gson.stream.JsonReader.nextNonWhitespace(JsonReader.java:1455) ~[gson-2.10.jar%2372!/:?]
	at com.google.gson.stream.JsonReader.doPeek(JsonReader.java:558) ~[gson-2.10.jar%2372!/:?]
	at com.google.gson.stream.JsonReader.peek(JsonReader.java:433) ~[gson-2.10.jar%2372!/:?]
	at com.google.gson.internal.bind.TypeAdapters$28.read(TypeAdapters.java:769) ~[gson-2.10.jar%2372!/:?]
	at com.google.gson.internal.bind.TypeAdapters$28.read(TypeAdapters.java:725) ~[gson-2.10.jar%2372!/:?]
	at com.google.gson.internal.bind.TypeAdapters$34$1.read(TypeAdapters.java:1007) ~[gson-2.10.jar%2372!/:?]
	at net.minecraft.util.GsonHelper.m_13780_(GsonHelper.java:524) ~[server-1.20.1-20230612.114412-srg.jar%23420!/:?]
	... 13 more
[06Jun2026 05:46:30.728] [Worker-Main-1/ERROR] [net.minecraft.server.packs.resources.SimpleJsonResourceReloadListener/]: Couldn't parse data file aether:gloves_loot_diamond from aether:loot_modifiers/gloves_loot_diamond.json
com.google.gson.JsonParseException: java.io.EOFException: End of input at line 1 column 1 path $
	at net.minecraft.util.GsonHelper.m_13780_(GsonHelper.java:526) ~[server-1.20.1-20230612.114412-srg.jar%23420!/:?]
	at net.minecraft.util.GsonHelper.m_263475_(GsonHelper.java:531) ~[server-1.20.1-20230612.114412-srg.jar%23420!/:?]
	at net.minecraft.util.GsonHelper.m_13776_(GsonHelper.java:581) ~[server-1.20.1-20230612.114412-srg.jar%23420!/:?]
	at net.minecraft.server.packs.resources.SimpleJsonResourceReloadListener.m_278771_(SimpleJsonResourceReloadListener.java:41) ~[server-1.20.1-20230612.114412-srg.jar%23420!/:?]
	at net.minecraft.server.packs.resources.SimpleJsonResourceReloadListener.m_5944_(SimpleJsonResourceReloadListener.java:29) ~[server-1.20.1-20230612.114412-srg.jar%23420!/:?]
	at net.minecraft.server.packs.resources.SimpleJsonResourceReloadListener.m_5944_(SimpleJsonResourceReloadListener.java:17) ~[server-1.20.1-20230612.114412-srg.jar%23420!/:?]
	at net.minecraft.server.packs.resources.SimplePreparableReloadListener.m_10786_(SimplePreparableReloadListener.java:11) ~[server-1.20.1-20230612.114412-srg.jar%23420!/:?]
	at java.util.concurrent.CompletableFuture$AsyncSupply.run(CompletableFuture.java:1768) ~[?:?]
	at java.util.concurrent.CompletableFuture$AsyncSupply.exec(CompletableFuture.java:1760) ~[?:?]
	at java.util.concurrent.ForkJoinTask.doExec(ForkJoinTask.java:373) ~[?:?]
	at java.util.concurrent.ForkJoinPool$WorkQueue.topLevelExec(ForkJoinPool.java:1182) ~[?:?]
	at java.util.concurrent.ForkJoinPool.scan(ForkJoinPool.java:1655) ~[?:?]
	at java.util.concurrent.ForkJoinPool.runWorker(ForkJoinPool.java:1622) ~[?:?]
	at java.util.concurrent.ForkJoinWorkerThread.run(ForkJoinWorkerThread.java:165) ~[?:?]
Caused by: java.io.EOFException: End of input at line 1 column 1 path $
	at com.google.gson.stream.JsonReader.nextNonWhitespace(JsonReader.java:1455) ~[gson-2.10.jar%2372!/:?]
	at com.google.gson.stream.JsonReader.doPeek(JsonReader.java:558) ~[gson-2.10.jar%2372!/:?]
	at com.google.gson.stream.JsonReader.peek(JsonReader.java:433) ~[gson-2.10.jar%2372!/:?]
	at com.google.gson.internal.bind.TypeAdapters$28.read(TypeAdapters.java:769) ~[gson-2.10.jar%2372!/:?]
	at com.google.gson.internal.bind.TypeAdapters$28.read(TypeAdapters.java:725) ~[gson-2.10.jar%2372!/:?]
	at com.google.gson.internal.bind.TypeAdapters$34$1.read(TypeAdapters.java:1007) ~[gson-2.10.jar%2372!/:?]
	at net.minecraft.util.GsonHelper.m_13780_(GsonHelper.java:524) ~[server-1.20.1-20230612.114412-srg.jar%23420!/:?]
	... 13 more
[06Jun2026 05:46:30.729] [Worker-Main-1/ERROR] [net.minecraft.server.packs.resources.SimpleJsonResourceReloadListener/]: Couldn't parse data file aether:gloves_loot_gold from aether:loot_modifiers/gloves_loot_gold.json
com.google.gson.JsonParseException: java.io.EOFException: End of input at line 1 column 1 path $
	at net.minecraft.util.GsonHelper.m_13780_(GsonHelper.java:526) ~[server-1.20.1-20230612.114412-srg.jar%23420!/:?]
	at net.minecraft.util.GsonHelper.m_263475_(GsonHelper.java:531) ~[server-1.20.1-20230612.114412-srg.jar%23420!/:?]
	at net.minecraft.util.GsonHelper.m_13776_(GsonHelper.java:581) ~[server-1.20.1-20230612.114412-srg.jar%23420!/:?]
	at net.minecraft.server.packs.resources.SimpleJsonResourceReloadListener.m_278771_(SimpleJsonResourceReloadListener.java:41) ~[server-1.20.1-20230612.114412-srg.jar%23420!/:?]
	at net.minecraft.server.packs.resources.SimpleJsonResourceReloadListener.m_5944_(SimpleJsonResourceReloadListener.java:29) ~[server-1.20.1-20230612.114412-srg.jar%23420!/:?]
	at net.minecraft.server.packs.resources.SimpleJsonResourceReloadListener.m_5944_(SimpleJsonResourceReloadListener.java:17) ~[server-1.20.1-20230612.114412-srg.jar%23420!/:?]
	at net.minecraft.server.packs.resources.SimplePreparableReloadListener.m_10786_(SimplePreparableReloadListener.java:11) ~[server-1.20.1-20230612.114412-srg.jar%23420!/:?]
	at java.util.concurrent.CompletableFuture$AsyncSupply.run(CompletableFuture.java:1768) ~[?:?]
	at java.util.concurrent.CompletableFuture$AsyncSupply.exec(CompletableFuture.java:1760) ~[?:?]
	at java.util.concurrent.ForkJoinTask.doExec(ForkJoinTask.java:373) ~[?:?]
	at java.util.concurrent.ForkJoinPool$WorkQueue.topLevelExec(ForkJoinPool.java:1182) ~[?:?]
	at java.util.concurrent.ForkJoinPool.scan(ForkJoinPool.java:1655) ~[?:?]
	at java.util.concurrent.ForkJoinPool.runWorker(ForkJoinPool.java:1622) ~[?:?]
	at java.util.concurrent.ForkJoinWorkerThread.run(ForkJoinWorkerThread.java:165) ~[?:?]
Caused by: java.io.EOFException: End of input at line 1 column 1 path $
	at com.google.gson.stream.JsonReader.nextNonWhitespace(JsonReader.java:1455) ~[gson-2.10.jar%2372!/:?]
	at com.google.gson.stream.JsonReader.doPeek(JsonReader.java:558) ~[gson-2.10.jar%2372!/:?]
	at com.google.gson.stream.JsonReader.peek(JsonReader.java:433) ~[gson-2.10.jar%2372!/:?]
	at com.google.gson.internal.bind.TypeAdapters$28.read(TypeAdapters.java:769) ~[gson-2.10.jar%2372!/:?]
	at com.google.gson.internal.bind.TypeAdapters$28.read(TypeAdapters.java:725) ~[gson-2.10.jar%2372!/:?]
	at com.google.gson.internal.bind.TypeAdapters$34$1.read(TypeAdapters.java:1007) ~[gson-2.10.jar%2372!/:?]
	at net.minecraft.util.GsonHelper.m_13780_(GsonHelper.java:524) ~[server-1.20.1-20230612.114412-srg.jar%23420!/:?]
	... 13 more
[06Jun2026 05:46:30.729] [Worker-Main-1/ERROR] [net.minecraft.server.packs.resources.SimpleJsonResourceReloadListener/]: Couldn't parse data file aether:gloves_loot_iron from aether:loot_modifiers/gloves_loot_iron.json
com.google.gson.JsonParseException: java.io.EOFException: End of input at line 1 column 1 path $
	at net.minecraft.util.GsonHelper.m_13780_(GsonHelper.java:526) ~[server-1.20.1-20230612.114412-srg.jar%23420!/:?]
	at net.minecraft.util.GsonHelper.m_263475_(GsonHelper.java:531) ~[server-1.20.1-20230612.114412-srg.jar%23420!/:?]
	at net.minecraft.util.GsonHelper.m_13776_(GsonHelper.java:581) ~[server-1.20.1-20230612.114412-srg.jar%23420!/:?]
	at net.minecraft.server.packs.resources.SimpleJsonResourceReloadListener.m_278771_(SimpleJsonResourceReloadListener.java:41) ~[server-1.20.1-20230612.114412-srg.jar%23420!/:?]
	at net.minecraft.server.packs.resources.SimpleJsonResourceReloadListener.m_5944_(SimpleJsonResourceReloadListener.java:29) ~[server-1.20.1-20230612.114412-srg.jar%23420!/:?]
	at net.minecraft.server.packs.resources.SimpleJsonResourceReloadListener.m_5944_(SimpleJsonResourceReloadListener.java:17) ~[server-1.20.1-20230612.114412-srg.jar%23420!/:?]
	at net.minecraft.server.packs.resources.SimplePreparableReloadListener.m_10786_(SimplePreparableReloadListener.java:11) ~[server-1.20.1-20230612.114412-srg.jar%23420!/:?]
	at java.util.concurrent.CompletableFuture$AsyncSupply.run(CompletableFuture.java:1768) ~[?:?]
	at java.util.concurrent.CompletableFuture$AsyncSupply.exec(CompletableFuture.java:1760) ~[?:?]
	at java.util.concurrent.ForkJoinTask.doExec(ForkJoinTask.java:373) ~[?:?]
	at java.util.concurrent.ForkJoinPool$WorkQueue.topLevelExec(ForkJoinPool.java:1182) ~[?:?]
	at java.util.concurrent.ForkJoinPool.scan(ForkJoinPool.java:1655) ~[?:?]
	at java.util.concurrent.ForkJoinPool.runWorker(ForkJoinPool.java:1622) ~[?:?]
	at java.util.concurrent.ForkJoinWorkerThread.run(ForkJoinWorkerThread.java:165) ~[?:?]
Caused by: java.io.EOFException: End of input at line 1 column 1 path $
	at com.google.gson.stream.JsonReader.nextNonWhitespace(JsonReader.java:1455) ~[gson-2.10.jar%2372!/:?]
	at com.google.gson.stream.JsonReader.doPeek(JsonReader.java:558) ~[gson-2.10.jar%2372!/:?]
	at com.google.gson.stream.JsonReader.peek(JsonReader.java:433) ~[gson-2.10.jar%2372!/:?]
	at com.google.gson.internal.bind.TypeAdapters$28.read(TypeAdapters.java:769) ~[gson-2.10.jar%2372!/:?]
	at com.google.gson.internal.bind.TypeAdapters$28.read(TypeAdapters.java:725) ~[gson-2.10.jar%2372!/:?]
	at com.google.gson.internal.bind.TypeAdapters$34$1.read(TypeAdapters.java:1007) ~[gson-2.10.jar%2372!/:?]
	at net.minecraft.util.GsonHelper.m_13780_(GsonHelper.java:524) ~[server-1.20.1-20230612.114412-srg.jar%23420!/:?]
	... 13 more
[06Jun2026 05:46:30.730] [Worker-Main-1/ERROR] [net.minecraft.server.packs.resources.SimpleJsonResourceReloadListener/]: Couldn't parse data file aether:gloves_loot_leather from aether:loot_modifiers/gloves_loot_leather.json
com.google.gson.JsonParseException: java.io.EOFException: End of input at line 1 column 1 path $
	at net.minecraft.util.GsonHelper.m_13780_(GsonHelper.java:526) ~[server-1.20.1-20230612.114412-srg.jar%23420!/:?]
	at net.minecraft.util.GsonHelper.m_263475_(GsonHelper.java:531) ~[server-1.20.1-20230612.114412-srg.jar%23420!/:?]
	at net.minecraft.util.GsonHelper.m_13776_(GsonHelper.java:581) ~[server-1.20.1-20230612.114412-srg.jar%23420!/:?]
	at net.minecraft.server.packs.resources.SimpleJsonResourceReloadListener.m_278771_(SimpleJsonResourceReloadListener.java:41) ~[server-1.20.1-20230612.114412-srg.jar%23420!/:?]
	at net.minecraft.server.packs.resources.SimpleJsonResourceReloadListener.m_5944_(SimpleJsonResourceReloadListener.java:29) ~[server-1.20.1-20230612.114412-srg.jar%23420!/:?]
	at net.minecraft.server.packs.resources.SimpleJsonResourceReloadListener.m_5944_(SimpleJsonResourceReloadListener.java:17) ~[server-1.20.1-20230612.114412-srg.jar%23420!/:?]
	at net.minecraft.server.packs.resources.SimplePreparableReloadListener.m_10786_(SimplePreparableReloadListener.java:11) ~[server-1.20.1-20230612.114412-srg.jar%23420!/:?]
	at java.util.concurrent.CompletableFuture$AsyncSupply.run(CompletableFuture.java:1768) ~[?:?]
	at java.util.concurrent.CompletableFuture$AsyncSupply.exec(CompletableFuture.java:1760) ~[?:?]
	at java.util.concurrent.ForkJoinTask.doExec(ForkJoinTask.java:373) ~[?:?]
	at java.util.concurrent.ForkJoinPool$WorkQueue.topLevelExec(ForkJoinPool.java:1182) ~[?:?]
	at java.util.concurrent.ForkJoinPool.scan(ForkJoinPool.java:1655) ~[?:?]
	at java.util.concurrent.ForkJoinPool.runWorker(ForkJoinPool.java:1622) ~[?:?]
	at java.util.concurrent.ForkJoinWorkerThread.run(ForkJoinWorkerThread.java:165) ~[?:?]
Caused by: java.io.EOFException: End of input at line 1 column 1 path $
	at com.google.gson.stream.JsonReader.nextNonWhitespace(JsonReader.java:1455) ~[gson-2.10.jar%2372!/:?]
	at com.google.gson.stream.JsonReader.doPeek(JsonReader.java:558) ~[gson-2.10.jar%2372!/:?]
	at com.google.gson.stream.JsonReader.peek(JsonReader.java:433) ~[gson-2.10.jar%2372!/:?]
	at com.google.gson.internal.bind.TypeAdapters$28.read(TypeAdapters.java:769) ~[gson-2.10.jar%2372!/:?]
	at com.google.gson.internal.bind.TypeAdapters$28.read(TypeAdapters.java:725) ~[gson-2.10.jar%2372!/:?]
	at com.google.gson.internal.bind.TypeAdapters$34$1.read(TypeAdapters.java:1007) ~[gson-2.10.jar%2372!/:?]
	at net.minecraft.util.GsonHelper.m_13780_(GsonHelper.java:524) ~[server-1.20.1-20230612.114412-srg.jar%23420!/:?]
	... 13 more
[06Jun2026 05:46:30.736] [Worker-Main-2/ERROR] [net.minecraft.server.packs.resources.SimpleJsonResourceReloadListener/]: Couldn't parse data file irons_spellbooks:gold_spell_book from irons_spellbooks:recipes/gold_spell_book.json
com.google.gson.JsonParseException: java.io.EOFException: End of input at line 1 column 1 path $
	at net.minecraft.util.GsonHelper.m_13780_(GsonHelper.java:526) ~[server-1.20.1-20230612.114412-srg.jar%23420!/:?]
	at net.minecraft.util.GsonHelper.m_263475_(GsonHelper.java:531) ~[server-1.20.1-20230612.114412-srg.jar%23420!/:?]
	at net.minecraft.util.GsonHelper.m_13776_(GsonHelper.java:581) ~[server-1.20.1-20230612.114412-srg.jar%23420!/:?]
	at net.minecraft.server.packs.resources.SimpleJsonResourceReloadListener.m_278771_(SimpleJsonResourceReloadListener.java:41) ~[server-1.20.1-20230612.114412-srg.jar%23420!/:?]
	at net.minecraft.server.packs.resources.SimpleJsonResourceReloadListener.m_5944_(SimpleJsonResourceReloadListener.java:29) ~[server-1.20.1-20230612.114412-srg.jar%23420!/:?]
	at net.minecraft.server.packs.resources.SimpleJsonResourceReloadListener.m_5944_(SimpleJsonResourceReloadListener.java:17) ~[server-1.20.1-20230612.114412-srg.jar%23420!/:?]
	at net.minecraft.server.packs.resources.SimplePreparableReloadListener.m_10786_(SimplePreparableReloadListener.java:11) ~[server-1.20.1-20230612.114412-srg.jar%23420!/:?]
	at java.util.concurrent.CompletableFuture$AsyncSupply.run(CompletableFuture.java:1768) ~[?:?]
	at java.util.concurrent.CompletableFuture$AsyncSupply.exec(CompletableFuture.java:1760) ~[?:?]
	at java.util.concurrent.ForkJoinTask.doExec(ForkJoinTask.java:373) ~[?:?]
	at java.util.concurrent.ForkJoinPool$WorkQueue.topLevelExec(ForkJoinPool.java:1182) ~[?:?]
	at java.util.concurrent.ForkJoinPool.scan(ForkJoinPool.java:1655) ~[?:?]
	at java.util.concurrent.ForkJoinPool.runWorker(ForkJoinPool.java:1622) ~[?:?]
	at java.util.concurrent.ForkJoinWorkerThread.run(ForkJoinWorkerThread.java:165) ~[?:?]
Caused by: java.io.EOFException: End of input at line 1 column 1 path $
	at com.google.gson.stream.JsonReader.nextNonWhitespace(JsonReader.java:1455) ~[gson-2.10.jar%2372!/:?]
	at com.google.gson.stream.JsonReader.doPeek(JsonReader.java:558) ~[gson-2.10.jar%2372!/:?]
	at com.google.gson.stream.JsonReader.peek(JsonReader.java:433) ~[gson-2.10.jar%2372!/:?]
	at com.google.gson.internal.bind.TypeAdapters$28.read(TypeAdapters.java:769) ~[gson-2.10.jar%2372!/:?]
	at com.google.gson.internal.bind.TypeAdapters$28.read(TypeAdapters.java:725) ~[gson-2.10.jar%2372!/:?]
	at com.google.gson.internal.bind.TypeAdapters$34$1.read(TypeAdapters.java:1007) ~[gson-2.10.jar%2372!/:?]
	at net.minecraft.util.GsonHelper.m_13780_(GsonHelper.java:524) ~[server-1.20.1-20230612.114412-srg.jar%23420!/:?]
	... 13 more
[06Jun2026 05:46:30.739] [Worker-Main-1/ERROR] [net.minecraft.server.packs.resources.SimpleJsonResourceReloadListener/]: Couldn't parse data file aether:gloves_loot_netherite from aether:loot_modifiers/gloves_loot_netherite.json
com.google.gson.JsonParseException: java.io.EOFException: End of input at line 1 column 1 path $
	at net.minecraft.util.GsonHelper.m_13780_(GsonHelper.java:526) ~[server-1.20.1-20230612.114412-srg.jar%23420!/:?]
	at net.minecraft.util.GsonHelper.m_263475_(GsonHelper.java:531) ~[server-1.20.1-20230612.114412-srg.jar%23420!/:?]
	at net.minecraft.util.GsonHelper.m_13776_(GsonHelper.java:581) ~[server-1.20.1-20230612.114412-srg.jar%23420!/:?]
	at net.minecraft.server.packs.resources.SimpleJsonResourceReloadListener.m_278771_(SimpleJsonResourceReloadListener.java:41) ~[server-1.20.1-20230612.114412-srg.jar%23420!/:?]
	at net.minecraft.server.packs.resources.SimpleJsonResourceReloadListener.m_5944_(SimpleJsonResourceReloadListener.java:29) ~[server-1.20.1-20230612.114412-srg.jar%23420!/:?]
	at net.minecraft.server.packs.resources.SimpleJsonResourceReloadListener.m_5944_(SimpleJsonResourceReloadListener.java:17) ~[server-1.20.1-20230612.114412-srg.jar%23420!/:?]
	at net.minecraft.server.packs.resources.SimplePreparableReloadListener.m_10786_(SimplePreparableReloadListener.java:11) ~[server-1.20.1-20230612.114412-srg.jar%23420!/:?]
	at java.util.concurrent.CompletableFuture$AsyncSupply.run(CompletableFuture.java:1768) ~[?:?]
	at java.util.concurrent.CompletableFuture$AsyncSupply.exec(CompletableFuture.java:1760) ~[?:?]
	at java.util.concurrent.ForkJoinTask.doExec(ForkJoinTask.java:373) ~[?:?]
	at java.util.concurrent.ForkJoinPool$WorkQueue.topLevelExec(ForkJoinPool.java:1182) ~[?:?]
	at java.util.concurrent.ForkJoinPool.scan(ForkJoinPool.java:1655) ~[?:?]
	at java.util.concurrent.ForkJoinPool.runWorker(ForkJoinPool.java:1622) ~[?:?]
	at java.util.concurrent.ForkJoinWorkerThread.run(ForkJoinWorkerThread.java:165) ~[?:?]
Caused by: java.io.EOFException: End of input at line 1 column 1 path $
	at com.google.gson.stream.JsonReader.nextNonWhitespace(JsonReader.java:1455) ~[gson-2.10.jar%2372!/:?]
	at com.google.gson.stream.JsonReader.doPeek(JsonReader.java:558) ~[gson-2.10.jar%2372!/:?]
	at com.google.gson.stream.JsonReader.peek(JsonReader.java:433) ~[gson-2.10.jar%2372!/:?]
	at com.google.gson.internal.bind.TypeAdapters$28.read(TypeAdapters.java:769) ~[gson-2.10.jar%2372!/:?]
	at com.google.gson.internal.bind.TypeAdapters$28.read(TypeAdapters.java:725) ~[gson-2.10.jar%2372!/:?]
	at com.google.gson.internal.bind.TypeAdapters$34$1.read(TypeAdapters.java:1007) ~[gson-2.10.jar%2372!/:?]
	at net.minecraft.util.GsonHelper.m_13780_(GsonHelper.java:524) ~[server-1.20.1-20230612.114412-srg.jar%23420!/:?]
	... 13 more
[06Jun2026 05:46:30.742] [Worker-Main-2/ERROR] [net.minecraft.server.packs.resources.SimpleJsonResourceReloadListener/]: Couldn't parse data file irons_spellbooks:graybeard_staff from irons_spellbooks:recipes/graybeard_staff.json
com.google.gson.JsonParseException: java.io.EOFException: End of input at line 1 column 1 path $
	at net.minecraft.util.GsonHelper.m_13780_(GsonHelper.java:526) ~[server-1.20.1-20230612.114412-srg.jar%23420!/:?]
	at net.minecraft.util.GsonHelper.m_263475_(GsonHelper.java:531) ~[server-1.20.1-20230612.114412-srg.jar%23420!/:?]
	at net.minecraft.util.GsonHelper.m_13776_(GsonHelper.java:581) ~[server-1.20.1-20230612.114412-srg.jar%23420!/:?]
	at net.minecraft.server.packs.resources.SimpleJsonResourceReloadListener.m_278771_(SimpleJsonResourceReloadListener.java:41) ~[server-1.20.1-20230612.114412-srg.jar%23420!/:?]
	at net.minecraft.server.packs.resources.SimpleJsonResourceReloadListener.m_5944_(SimpleJsonResourceReloadListener.java:29) ~[server-1.20.1-20230612.114412-srg.jar%23420!/:?]
	at net.minecraft.server.packs.resources.SimpleJsonResourceReloadListener.m_5944_(SimpleJsonResourceReloadListener.java:17) ~[server-1.20.1-20230612.114412-srg.jar%23420!/:?]
	at net.minecraft.server.packs.resources.SimplePreparableReloadListener.m_10786_(SimplePreparableReloadListener.java:11) ~[server-1.20.1-20230612.114412-srg.jar%23420!/:?]
	at java.util.concurrent.CompletableFuture$AsyncSupply.run(CompletableFuture.java:1768) ~[?:?]
	at java.util.concurrent.CompletableFuture$AsyncSupply.exec(CompletableFuture.java:1760) ~[?:?]
	at java.util.concurrent.ForkJoinTask.doExec(ForkJoinTask.java:373) ~[?:?]
	at java.util.concurrent.ForkJoinPool$WorkQueue.topLevelExec(ForkJoinPool.java:1182) ~[?:?]
	at java.util.concurrent.ForkJoinPool.scan(ForkJoinPool.java:1655) ~[?:?]
	at java.util.concurrent.ForkJoinPool.runWorker(ForkJoinPool.java:1622) ~[?:?]
	at java.util.concurrent.ForkJoinWorkerThread.run(ForkJoinWorkerThread.java:165) ~[?:?]
Caused by: java.io.EOFException: End of input at line 1 column 1 path $
	at com.google.gson.stream.JsonReader.nextNonWhitespace(JsonReader.java:1455) ~[gson-2.10.jar%2372!/:?]
	at com.google.gson.stream.JsonReader.doPeek(JsonReader.java:558) ~[gson-2.10.jar%2372!/:?]
	at com.google.gson.stream.JsonReader.peek(JsonReader.java:433) ~[gson-2.10.jar%2372!/:?]
	at com.google.gson.internal.bind.TypeAdapters$28.read(TypeAdapters.java:769) ~[gson-2.10.jar%2372!/:?]
	at com.google.gson.internal.bind.TypeAdapters$28.read(TypeAdapters.java:725) ~[gson-2.10.jar%2372!/:?]
	at com.google.gson.internal.bind.TypeAdapters$34$1.read(TypeAdapters.java:1007) ~[gson-2.10.jar%2372!/:?]
	at net.minecraft.util.GsonHelper.m_13780_(GsonHelper.java:524) ~[server-1.20.1-20230612.114412-srg.jar%23420!/:?]
	... 13 more
[06Jun2026 05:46:30.750] [Worker-Main-2/ERROR] [net.minecraft.server.packs.resources.SimpleJsonResourceReloadListener/]: Couldn't parse data file irons_spellbooks:ice_spell_book from irons_spellbooks:recipes/ice_spell_book.json
com.google.gson.JsonParseException: java.io.EOFException: End of input at line 1 column 1 path $
	at net.minecraft.util.GsonHelper.m_13780_(GsonHelper.java:526) ~[server-1.20.1-20230612.114412-srg.jar%23420!/:?]
	at net.minecraft.util.GsonHelper.m_263475_(GsonHelper.java:531) ~[server-1.20.1-20230612.114412-srg.jar%23420!/:?]
	at net.minecraft.util.GsonHelper.m_13776_(GsonHelper.java:581) ~[server-1.20.1-20230612.114412-srg.jar%23420!/:?]
	at net.minecraft.server.packs.resources.SimpleJsonResourceReloadListener.m_278771_(SimpleJsonResourceReloadListener.java:41) ~[server-1.20.1-20230612.114412-srg.jar%23420!/:?]
	at net.minecraft.server.packs.resources.SimpleJsonResourceReloadListener.m_5944_(SimpleJsonResourceReloadListener.java:29) ~[server-1.20.1-20230612.114412-srg.jar%23420!/:?]
	at net.minecraft.server.packs.resources.SimpleJsonResourceReloadListener.m_5944_(SimpleJsonResourceReloadListener.java:17) ~[server-1.20.1-20230612.114412-srg.jar%23420!/:?]
	at net.minecraft.server.packs.resources.SimplePreparableReloadListener.m_10786_(SimplePreparableReloadListener.java:11) ~[server-1.20.1-20230612.114412-srg.jar%23420!/:?]
	at java.util.concurrent.CompletableFuture$AsyncSupply.run(CompletableFuture.java:1768) ~[?:?]
	at java.util.concurrent.CompletableFuture$AsyncSupply.exec(CompletableFuture.java:1760) ~[?:?]
	at java.util.concurrent.ForkJoinTask.doExec(ForkJoinTask.java:373) ~[?:?]
	at java.util.concurrent.ForkJoinPool$WorkQueue.topLevelExec(ForkJoinPool.java:1182) ~[?:?]
	at java.util.concurrent.ForkJoinPool.scan(ForkJoinPool.java:1655) ~[?:?]
	at java.util.concurrent.ForkJoinPool.runWorker(ForkJoinPool.java:1622) ~[?:?]
	at java.util.concurrent.ForkJoinWorkerThread.run(ForkJoinWorkerThread.java:165) ~[?:?]
Caused by: java.io.EOFException: End of input at line 1 column 1 path $
	at com.google.gson.stream.JsonReader.nextNonWhitespace(JsonReader.java:1455) ~[gson-2.10.jar%2372!/:?]
	at com.google.gson.stream.JsonReader.doPeek(JsonReader.java:558) ~[gson-2.10.jar%2372!/:?]
	at com.google.gson.stream.JsonReader.peek(JsonReader.java:433) ~[gson-2.10.jar%2372!/:?]
	at com.google.gson.internal.bind.TypeAdapters$28.read(TypeAdapters.java:769) ~[gson-2.10.jar%2372!/:?]
	at com.google.gson.internal.bind.TypeAdapters$28.read(TypeAdapters.java:725) ~[gson-2.10.jar%2372!/:?]
	at com.google.gson.internal.bind.TypeAdapters$34$1.read(TypeAdapters.java:1007) ~[gson-2.10.jar%2372!/:?]
	at net.minecraft.util.GsonHelper.m_13780_(GsonHelper.java:524) ~[server-1.20.1-20230612.114412-srg.jar%23420!/:?]
	... 13 more
[06Jun2026 05:46:30.752] [Worker-Main-2/ERROR] [net.minecraft.server.packs.resources.SimpleJsonResourceReloadListener/]: Couldn't parse data file irons_spellbooks:ice_staff from irons_spellbooks:recipes/ice_staff.json
com.google.gson.JsonParseException: java.io.EOFException: End of input at line 1 column 1 path $
	at net.minecraft.util.GsonHelper.m_13780_(GsonHelper.java:526) ~[server-1.20.1-20230612.114412-srg.jar%23420!/:?]
	at net.minecraft.util.GsonHelper.m_263475_(GsonHelper.java:531) ~[server-1.20.1-20230612.114412-srg.jar%23420!/:?]
	at net.minecraft.util.GsonHelper.m_13776_(GsonHelper.java:581) ~[server-1.20.1-20230612.114412-srg.jar%23420!/:?]
	at net.minecraft.server.packs.resources.SimpleJsonResourceReloadListener.m_278771_(SimpleJsonResourceReloadListener.java:41) ~[server-1.20.1-20230612.114412-srg.jar%23420!/:?]
	at net.minecraft.server.packs.resources.SimpleJsonResourceReloadListener.m_5944_(SimpleJsonResourceReloadListener.java:29) ~[server-1.20.1-20230612.114412-srg.jar%23420!/:?]
	at net.minecraft.server.packs.resources.SimpleJsonResourceReloadListener.m_5944_(SimpleJsonResourceReloadListener.java:17) ~[server-1.20.1-20230612.114412-srg.jar%23420!/:?]
	at net.minecraft.server.packs.resources.SimplePreparableReloadListener.m_10786_(SimplePreparableReloadListener.java:11) ~[server-1.20.1-20230612.114412-srg.jar%23420!/:?]
	at java.util.concurrent.CompletableFuture$AsyncSupply.run(CompletableFuture.java:1768) ~[?:?]
	at java.util.concurrent.CompletableFuture$AsyncSupply.exec(CompletableFuture.java:1760) ~[?:?]
	at java.util.concurrent.ForkJoinTask.doExec(ForkJoinTask.java:373) ~[?:?]
	at java.util.concurrent.ForkJoinPool$WorkQueue.topLevelExec(ForkJoinPool.java:1182) ~[?:?]
	at java.util.concurrent.ForkJoinPool.scan(ForkJoinPool.java:1655) ~[?:?]
	at java.util.concurrent.ForkJoinPool.runWorker(ForkJoinPool.java:1622) ~[?:?]
	at java.util.concurrent.ForkJoinWorkerThread.run(ForkJoinWorkerThread.java:165) ~[?:?]
Caused by: java.io.EOFException: End of input at line 1 column 1 path $
	at com.google.gson.stream.JsonReader.nextNonWhitespace(JsonReader.java:1455) ~[gson-2.10.jar%2372!/:?]
	at com.google.gson.stream.JsonReader.doPeek(JsonReader.java:558) ~[gson-2.10.jar%2372!/:?]
	at com.google.gson.stream.JsonReader.peek(JsonReader.java:433) ~[gson-2.10.jar%2372!/:?]
	at com.google.gson.internal.bind.TypeAdapters$28.read(TypeAdapters.java:769) ~[gson-2.10.jar%2372!/:?]
	at com.google.gson.internal.bind.TypeAdapters$28.read(TypeAdapters.java:725) ~[gson-2.10.jar%2372!/:?]
	at com.google.gson.internal.bind.TypeAdapters$34$1.read(TypeAdapters.java:1007) ~[gson-2.10.jar%2372!/:?]
	at net.minecraft.util.GsonHelper.m_13780_(GsonHelper.java:524) ~[server-1.20.1-20230612.114412-srg.jar%23420!/:?]
	... 13 more
[06Jun2026 05:46:30.755] [Worker-Main-2/ERROR] [net.minecraft.server.packs.resources.SimpleJsonResourceReloadListener/]: Couldn't parse data file irons_spellbooks:inscription_table from irons_spellbooks:recipes/inscription_table.json
com.google.gson.JsonParseException: java.io.EOFException: End of input at line 1 column 1 path $
	at net.minecraft.util.GsonHelper.m_13780_(GsonHelper.java:526) ~[server-1.20.1-20230612.114412-srg.jar%23420!/:?]
	at net.minecraft.util.GsonHelper.m_263475_(GsonHelper.java:531) ~[server-1.20.1-20230612.114412-srg.jar%23420!/:?]
	at net.minecraft.util.GsonHelper.m_13776_(GsonHelper.java:581) ~[server-1.20.1-20230612.114412-srg.jar%23420!/:?]
	at net.minecraft.server.packs.resources.SimpleJsonResourceReloadListener.m_278771_(SimpleJsonResourceReloadListener.java:41) ~[server-1.20.1-20230612.114412-srg.jar%23420!/:?]
	at net.minecraft.server.packs.resources.SimpleJsonResourceReloadListener.m_5944_(SimpleJsonResourceReloadListener.java:29) ~[server-1.20.1-20230612.114412-srg.jar%23420!/:?]
	at net.minecraft.server.packs.resources.SimpleJsonResourceReloadListener.m_5944_(SimpleJsonResourceReloadListener.java:17) ~[server-1.20.1-20230612.114412-srg.jar%23420!/:?]
	at net.minecraft.server.packs.resources.SimplePreparableReloadListener.m_10786_(SimplePreparableReloadListener.java:11) ~[server-1.20.1-20230612.114412-srg.jar%23420!/:?]
	at java.util.concurrent.CompletableFuture$AsyncSupply.run(CompletableFuture.java:1768) ~[?:?]
	at java.util.concurrent.CompletableFuture$AsyncSupply.exec(CompletableFuture.java:1760) ~[?:?]
	at java.util.concurrent.ForkJoinTask.doExec(ForkJoinTask.java:373) ~[?:?]
	at java.util.concurrent.ForkJoinPool$WorkQueue.topLevelExec(ForkJoinPool.java:1182) ~[?:?]
	at java.util.concurrent.ForkJoinPool.scan(ForkJoinPool.java:1655) ~[?:?]
	at java.util.concurrent.ForkJoinPool.runWorker(ForkJoinPool.java:1622) ~[?:?]
	at java.util.concurrent.ForkJoinWorkerThread.run(ForkJoinWorkerThread.java:165) ~[?:?]
Caused by: java.io.EOFException: End of input at line 1 column 1 path $
	at com.google.gson.stream.JsonReader.nextNonWhitespace(JsonReader.java:1455) ~[gson-2.10.jar%2372!/:?]
	at com.google.gson.stream.JsonReader.doPeek(JsonReader.java:558) ~[gson-2.10.jar%2372!/:?]
	at com.google.gson.stream.JsonReader.peek(JsonReader.java:433) ~[gson-2.10.jar%2372!/:?]
	at com.google.gson.internal.bind.TypeAdapters$28.read(TypeAdapters.java:769) ~[gson-2.10.jar%2372!/:?]
	at com.google.gson.internal.bind.TypeAdapters$28.read(TypeAdapters.java:725) ~[gson-2.10.jar%2372!/:?]
	at com.google.gson.internal.bind.TypeAdapters$34$1.read(TypeAdapters.java:1007) ~[gson-2.10.jar%2372!/:?]
	at net.minecraft.util.GsonHelper.m_13780_(GsonHelper.java:524) ~[server-1.20.1-20230612.114412-srg.jar%23420!/:?]
	... 13 more
[06Jun2026 05:46:30.760] [Worker-Main-2/ERROR] [net.minecraft.server.packs.resources.SimpleJsonResourceReloadListener/]: Couldn't parse data file irons_spellbooks:iron_spell_book from irons_spellbooks:recipes/iron_spell_book.json
com.google.gson.JsonParseException: java.io.EOFException: End of input at line 1 column 1 path $
	at net.minecraft.util.GsonHelper.m_13780_(GsonHelper.java:526) ~[server-1.20.1-20230612.114412-srg.jar%23420!/:?]
	at net.minecraft.util.GsonHelper.m_263475_(GsonHelper.java:531) ~[server-1.20.1-20230612.114412-srg.jar%23420!/:?]
	at net.minecraft.util.GsonHelper.m_13776_(GsonHelper.java:581) ~[server-1.20.1-20230612.114412-srg.jar%23420!/:?]
	at net.minecraft.server.packs.resources.SimpleJsonResourceReloadListener.m_278771_(SimpleJsonResourceReloadListener.java:41) ~[server-1.20.1-20230612.114412-srg.jar%23420!/:?]
	at net.minecraft.server.packs.resources.SimpleJsonResourceReloadListener.m_5944_(SimpleJsonResourceReloadListener.java:29) ~[server-1.20.1-20230612.114412-srg.jar%23420!/:?]
	at net.minecraft.server.packs.resources.SimpleJsonResourceReloadListener.m_5944_(SimpleJsonResourceReloadListener.java:17) ~[server-1.20.1-20230612.114412-srg.jar%23420!/:?]
	at net.minecraft.server.packs.resources.SimplePreparableReloadListener.m_10786_(SimplePreparableReloadListener.java:11) ~[server-1.20.1-20230612.114412-srg.jar%23420!/:?]
	at java.util.concurrent.CompletableFuture$AsyncSupply.run(CompletableFuture.java:1768) ~[?:?]
	at java.util.concurrent.CompletableFuture$AsyncSupply.exec(CompletableFuture.java:1760) ~[?:?]
	at java.util.concurrent.ForkJoinTask.doExec(ForkJoinTask.java:373) ~[?:?]
	at java.util.concurrent.ForkJoinPool$WorkQueue.topLevelExec(ForkJoinPool.java:1182) ~[?:?]
	at java.util.concurrent.ForkJoinPool.scan(ForkJoinPool.java:1655) ~[?:?]
	at java.util.concurrent.ForkJoinPool.runWorker(ForkJoinPool.java:1622) ~[?:?]
	at java.util.concurrent.ForkJoinWorkerThread.run(ForkJoinWorkerThread.java:165) ~[?:?]
Caused by: java.io.EOFException: End of input at line 1 column 1 path $
	at com.google.gson.stream.JsonReader.nextNonWhitespace(JsonReader.java:1455) ~[gson-2.10.jar%2372!/:?]
	at com.google.gson.stream.JsonReader.doPeek(JsonReader.java:558) ~[gson-2.10.jar%2372!/:?]
	at com.google.gson.stream.JsonReader.peek(JsonReader.java:433) ~[gson-2.10.jar%2372!/:?]
	at com.google.gson.internal.bind.TypeAdapters$28.read(TypeAdapters.java:769) ~[gson-2.10.jar%2372!/:?]
	at com.google.gson.internal.bind.TypeAdapters$28.read(TypeAdapters.java:725) ~[gson-2.10.jar%2372!/:?]
	at com.google.gson.internal.bind.TypeAdapters$34$1.read(TypeAdapters.java:1007) ~[gson-2.10.jar%2372!/:?]
	at net.minecraft.util.GsonHelper.m_13780_(GsonHelper.java:524) ~[server-1.20.1-20230612.114412-srg.jar%23420!/:?]
	... 13 more
[06Jun2026 05:46:30.766] [Worker-Main-2/ERROR] [net.minecraft.server.packs.resources.SimpleJsonResourceReloadListener/]: Couldn't parse data file efn:kusabimaru from efn:recipes/kusabimaru.json
com.google.gson.JsonParseException: java.io.EOFException: End of input at line 1 column 1 path $
	at net.minecraft.util.GsonHelper.m_13780_(GsonHelper.java:526) ~[server-1.20.1-20230612.114412-srg.jar%23420!/:?]
	at net.minecraft.util.GsonHelper.m_263475_(GsonHelper.java:531) ~[server-1.20.1-20230612.114412-srg.jar%23420!/:?]
	at net.minecraft.util.GsonHelper.m_13776_(GsonHelper.java:581) ~[server-1.20.1-20230612.114412-srg.jar%23420!/:?]
	at net.minecraft.server.packs.resources.SimpleJsonResourceReloadListener.m_278771_(SimpleJsonResourceReloadListener.java:41) ~[server-1.20.1-20230612.114412-srg.jar%23420!/:?]
	at net.minecraft.server.packs.resources.SimpleJsonResourceReloadListener.m_5944_(SimpleJsonResourceReloadListener.java:29) ~[server-1.20.1-20230612.114412-srg.jar%23420!/:?]
	at net.minecraft.server.packs.resources.SimpleJsonResourceReloadListener.m_5944_(SimpleJsonResourceReloadListener.java:17) ~[server-1.20.1-20230612.114412-srg.jar%23420!/:?]
	at net.minecraft.server.packs.resources.SimplePreparableReloadListener.m_10786_(SimplePreparableReloadListener.java:11) ~[server-1.20.1-20230612.114412-srg.jar%23420!/:?]
	at java.util.concurrent.CompletableFuture$AsyncSupply.run(CompletableFuture.java:1768) ~[?:?]
	at java.util.concurrent.CompletableFuture$AsyncSupply.exec(CompletableFuture.java:1760) ~[?:?]
	at java.util.concurrent.ForkJoinTask.doExec(ForkJoinTask.java:373) ~[?:?]
	at java.util.concurrent.ForkJoinPool$WorkQueue.topLevelExec(ForkJoinPool.java:1182) ~[?:?]
	at java.util.concurrent.ForkJoinPool.scan(ForkJoinPool.java:1655) ~[?:?]
	at java.util.concurrent.ForkJoinPool.runWorker(ForkJoinPool.java:1622) ~[?:?]
	at java.util.concurrent.ForkJoinWorkerThread.run(ForkJoinWorkerThread.java:165) ~[?:?]
Caused by: java.io.EOFException: End of input at line 1 column 1 path $
	at com.google.gson.stream.JsonReader.nextNonWhitespace(JsonReader.java:1455) ~[gson-2.10.jar%2372!/:?]
	at com.google.gson.stream.JsonReader.doPeek(JsonReader.java:558) ~[gson-2.10.jar%2372!/:?]
	at com.google.gson.stream.JsonReader.peek(JsonReader.java:433) ~[gson-2.10.jar%2372!/:?]
	at com.google.gson.internal.bind.TypeAdapters$28.read(TypeAdapters.java:769) ~[gson-2.10.jar%2372!/:?]
	at com.google.gson.internal.bind.TypeAdapters$28.read(TypeAdapters.java:725) ~[gson-2.10.jar%2372!/:?]
	at com.google.gson.internal.bind.TypeAdapters$34$1.read(TypeAdapters.java:1007) ~[gson-2.10.jar%2372!/:?]
	at net.minecraft.util.GsonHelper.m_13780_(GsonHelper.java:524) ~[server-1.20.1-20230612.114412-srg.jar%23420!/:?]
	... 13 more
[06Jun2026 05:46:30.767] [Worker-Main-2/ERROR] [net.minecraft.server.packs.resources.SimpleJsonResourceReloadListener/]: Couldn't parse data file cataclysm:laser_gatling from cataclysm:recipes/laser_gatling.json
com.google.gson.JsonParseException: java.io.EOFException: End of input at line 1 column 1 path $
	at net.minecraft.util.GsonHelper.m_13780_(GsonHelper.java:526) ~[server-1.20.1-20230612.114412-srg.jar%23420!/:?]
	at net.minecraft.util.GsonHelper.m_263475_(GsonHelper.java:531) ~[server-1.20.1-20230612.114412-srg.jar%23420!/:?]
	at net.minecraft.util.GsonHelper.m_13776_(GsonHelper.java:581) ~[server-1.20.1-20230612.114412-srg.jar%23420!/:?]
	at net.minecraft.server.packs.resources.SimpleJsonResourceReloadListener.m_278771_(SimpleJsonResourceReloadListener.java:41) ~[server-1.20.1-20230612.114412-srg.jar%23420!/:?]
	at net.minecraft.server.packs.resources.SimpleJsonResourceReloadListener.m_5944_(SimpleJsonResourceReloadListener.java:29) ~[server-1.20.1-20230612.114412-srg.jar%23420!/:?]
	at net.minecraft.server.packs.resources.SimpleJsonResourceReloadListener.m_5944_(SimpleJsonResourceReloadListener.java:17) ~[server-1.20.1-20230612.114412-srg.jar%23420!/:?]
	at net.minecraft.server.packs.resources.SimplePreparableReloadListener.m_10786_(SimplePreparableReloadListener.java:11) ~[server-1.20.1-20230612.114412-srg.jar%23420!/:?]
	at java.util.concurrent.CompletableFuture$AsyncSupply.run(CompletableFuture.java:1768) ~[?:?]
	at java.util.concurrent.CompletableFuture$AsyncSupply.exec(CompletableFuture.java:1760) ~[?:?]
	at java.util.concurrent.ForkJoinTask.doExec(ForkJoinTask.java:373) ~[?:?]
	at java.util.concurrent.ForkJoinPool$WorkQueue.topLevelExec(ForkJoinPool.java:1182) ~[?:?]
	at java.util.concurrent.ForkJoinPool.scan(ForkJoinPool.java:1655) ~[?:?]
	at java.util.concurrent.ForkJoinPool.runWorker(ForkJoinPool.java:1622) ~[?:?]
	at java.util.concurrent.ForkJoinWorkerThread.run(ForkJoinWorkerThread.java:165) ~[?:?]
Caused by: java.io.EOFException: End of input at line 1 column 1 path $
	at com.google.gson.stream.JsonReader.nextNonWhitespace(JsonReader.java:1455) ~[gson-2.10.jar%2372!/:?]
	at com.google.gson.stream.JsonReader.doPeek(JsonReader.java:558) ~[gson-2.10.jar%2372!/:?]
	at com.google.gson.stream.JsonReader.peek(JsonReader.java:433) ~[gson-2.10.jar%2372!/:?]
	at com.google.gson.internal.bind.TypeAdapters$28.read(TypeAdapters.java:769) ~[gson-2.10.jar%2372!/:?]
	at com.google.gson.internal.bind.TypeAdapters$28.read(TypeAdapters.java:725) ~[gson-2.10.jar%2372!/:?]
	at com.google.gson.internal.bind.TypeAdapters$34$1.read(TypeAdapters.java:1007) ~[gson-2.10.jar%2372!/:?]
	at net.minecraft.util.GsonHelper.m_13780_(GsonHelper.java:524) ~[server-1.20.1-20230612.114412-srg.jar%23420!/:?]
	... 13 more
[06Jun2026 05:46:30.770] [Worker-Main-2/ERROR] [net.minecraft.server.packs.resources.SimpleJsonResourceReloadListener/]: Couldn't parse data file irons_spellbooks:legionnaire_flamberge_repair from irons_spellbooks:recipes/legionnaire_flamberge_repair.json
com.google.gson.JsonParseException: java.io.EOFException: End of input at line 1 column 1 path $
	at net.minecraft.util.GsonHelper.m_13780_(GsonHelper.java:526) ~[server-1.20.1-20230612.114412-srg.jar%23420!/:?]
	at net.minecraft.util.GsonHelper.m_263475_(GsonHelper.java:531) ~[server-1.20.1-20230612.114412-srg.jar%23420!/:?]
	at net.minecraft.util.GsonHelper.m_13776_(GsonHelper.java:581) ~[server-1.20.1-20230612.114412-srg.jar%23420!/:?]
	at net.minecraft.server.packs.resources.SimpleJsonResourceReloadListener.m_278771_(SimpleJsonResourceReloadListener.java:41) ~[server-1.20.1-20230612.114412-srg.jar%23420!/:?]
	at net.minecraft.server.packs.resources.SimpleJsonResourceReloadListener.m_5944_(SimpleJsonResourceReloadListener.java:29) ~[server-1.20.1-20230612.114412-srg.jar%23420!/:?]
	at net.minecraft.server.packs.resources.SimpleJsonResourceReloadListener.m_5944_(SimpleJsonResourceReloadListener.java:17) ~[server-1.20.1-20230612.114412-srg.jar%23420!/:?]
	at net.minecraft.server.packs.resources.SimplePreparableReloadListener.m_10786_(SimplePreparableReloadListener.java:11) ~[server-1.20.1-20230612.114412-srg.jar%23420!/:?]
	at java.util.concurrent.CompletableFuture$AsyncSupply.run(CompletableFuture.java:1768) ~[?:?]
	at java.util.concurrent.CompletableFuture$AsyncSupply.exec(CompletableFuture.java:1760) ~[?:?]
	at java.util.concurrent.ForkJoinTask.doExec(ForkJoinTask.java:373) ~[?:?]
	at java.util.concurrent.ForkJoinPool$WorkQueue.topLevelExec(ForkJoinPool.java:1182) ~[?:?]
	at java.util.concurrent.ForkJoinPool.scan(ForkJoinPool.java:1655) ~[?:?]
	at java.util.concurrent.ForkJoinPool.runWorker(ForkJoinPool.java:1622) ~[?:?]
	at java.util.concurrent.ForkJoinWorkerThread.run(ForkJoinWorkerThread.java:165) ~[?:?]
Caused by: java.io.EOFException: End of input at line 1 column 1 path $
	at com.google.gson.stream.JsonReader.nextNonWhitespace(JsonReader.java:1455) ~[gson-2.10.jar%2372!/:?]
	at com.google.gson.stream.JsonReader.doPeek(JsonReader.java:558) ~[gson-2.10.jar%2372!/:?]
	at com.google.gson.stream.JsonReader.peek(JsonReader.java:433) ~[gson-2.10.jar%2372!/:?]
	at com.google.gson.internal.bind.TypeAdapters$28.read(TypeAdapters.java:769) ~[gson-2.10.jar%2372!/:?]
	at com.google.gson.internal.bind.TypeAdapters$28.read(TypeAdapters.java:725) ~[gson-2.10.jar%2372!/:?]
	at com.google.gson.internal.bind.TypeAdapters$34$1.read(TypeAdapters.java:1007) ~[gson-2.10.jar%2372!/:?]
	at net.minecraft.util.GsonHelper.m_13780_(GsonHelper.java:524) ~[server-1.20.1-20230612.114412-srg.jar%23420!/:?]
	... 13 more
[06Jun2026 05:46:30.784] [Worker-Main-1/ERROR] [net.minecraft.server.packs.resources.SimpleJsonResourceReloadListener/]: Couldn't parse data file alexsmobs:shattered_dimensional_carver from alexsmobs:capsid_recipes/shattered_dimensional_carver.json
com.google.gson.JsonParseException: java.io.EOFException: End of input at line 1 column 1 path $
	at net.minecraft.util.GsonHelper.m_13780_(GsonHelper.java:526) ~[server-1.20.1-20230612.114412-srg.jar%23420!/:?]
	at net.minecraft.util.GsonHelper.m_263475_(GsonHelper.java:531) ~[server-1.20.1-20230612.114412-srg.jar%23420!/:?]
	at net.minecraft.util.GsonHelper.m_13776_(GsonHelper.java:581) ~[server-1.20.1-20230612.114412-srg.jar%23420!/:?]
	at net.minecraft.server.packs.resources.SimpleJsonResourceReloadListener.m_278771_(SimpleJsonResourceReloadListener.java:41) ~[server-1.20.1-20230612.114412-srg.jar%23420!/:?]
	at net.minecraft.server.packs.resources.SimpleJsonResourceReloadListener.m_5944_(SimpleJsonResourceReloadListener.java:29) ~[server-1.20.1-20230612.114412-srg.jar%23420!/:?]
	at net.minecraft.server.packs.resources.SimpleJsonResourceReloadListener.m_5944_(SimpleJsonResourceReloadListener.java:17) ~[server-1.20.1-20230612.114412-srg.jar%23420!/:?]
	at net.minecraft.server.packs.resources.SimplePreparableReloadListener.m_10786_(SimplePreparableReloadListener.java:11) ~[server-1.20.1-20230612.114412-srg.jar%23420!/:?]
	at java.util.concurrent.CompletableFuture$AsyncSupply.run(CompletableFuture.java:1768) ~[?:?]
	at java.util.concurrent.CompletableFuture$AsyncSupply.exec(CompletableFuture.java:1760) ~[?:?]
	at java.util.concurrent.ForkJoinTask.doExec(ForkJoinTask.java:373) ~[?:?]
	at java.util.concurrent.ForkJoinPool$WorkQueue.topLevelExec(ForkJoinPool.java:1182) ~[?:?]
	at java.util.concurrent.ForkJoinPool.scan(ForkJoinPool.java:1655) ~[?:?]
	at java.util.concurrent.ForkJoinPool.runWorker(ForkJoinPool.java:1622) ~[?:?]
	at java.util.concurrent.ForkJoinWorkerThread.run(ForkJoinWorkerThread.java:165) ~[?:?]
Caused by: java.io.EOFException: End of input at line 1 column 1 path $
	at com.google.gson.stream.JsonReader.nextNonWhitespace(JsonReader.java:1455) ~[gson-2.10.jar%2372!/:?]
	at com.google.gson.stream.JsonReader.doPeek(JsonReader.java:558) ~[gson-2.10.jar%2372!/:?]
	at com.google.gson.stream.JsonReader.peek(JsonReader.java:433) ~[gson-2.10.jar%2372!/:?]
	at com.google.gson.internal.bind.TypeAdapters$28.read(TypeAdapters.java:769) ~[gson-2.10.jar%2372!/:?]
	at com.google.gson.internal.bind.TypeAdapters$28.read(TypeAdapters.java:725) ~[gson-2.10.jar%2372!/:?]
	at com.google.gson.internal.bind.TypeAdapters$34$1.read(TypeAdapters.java:1007) ~[gson-2.10.jar%2372!/:?]
	at net.minecraft.util.GsonHelper.m_13780_(GsonHelper.java:524) ~[server-1.20.1-20230612.114412-srg.jar%23420!/:?]
	... 13 more
[06Jun2026 05:46:30.786] [Worker-Main-2/ERROR] [net.minecraft.server.packs.resources.SimpleJsonResourceReloadListener/]: Couldn't parse data file cataclysm:meat_shredder from cataclysm:recipes/meat_shredder.json
com.google.gson.JsonParseException: java.io.EOFException: End of input at line 1 column 1 path $
	at net.minecraft.util.GsonHelper.m_13780_(GsonHelper.java:526) ~[server-1.20.1-20230612.114412-srg.jar%23420!/:?]
	at net.minecraft.util.GsonHelper.m_263475_(GsonHelper.java:531) ~[server-1.20.1-20230612.114412-srg.jar%23420!/:?]
	at net.minecraft.util.GsonHelper.m_13776_(GsonHelper.java:581) ~[server-1.20.1-20230612.114412-srg.jar%23420!/:?]
	at net.minecraft.server.packs.resources.SimpleJsonResourceReloadListener.m_278771_(SimpleJsonResourceReloadListener.java:41) ~[server-1.20.1-20230612.114412-srg.jar%23420!/:?]
	at net.minecraft.server.packs.resources.SimpleJsonResourceReloadListener.m_5944_(SimpleJsonResourceReloadListener.java:29) ~[server-1.20.1-20230612.114412-srg.jar%23420!/:?]
	at net.minecraft.server.packs.resources.SimpleJsonResourceReloadListener.m_5944_(SimpleJsonResourceReloadListener.java:17) ~[server-1.20.1-20230612.114412-srg.jar%23420!/:?]
	at net.minecraft.server.packs.resources.SimplePreparableReloadListener.m_10786_(SimplePreparableReloadListener.java:11) ~[server-1.20.1-20230612.114412-srg.jar%23420!/:?]
	at java.util.concurrent.CompletableFuture$AsyncSupply.run(CompletableFuture.java:1768) ~[?:?]
	at java.util.concurrent.CompletableFuture$AsyncSupply.exec(CompletableFuture.java:1760) ~[?:?]
	at java.util.concurrent.ForkJoinTask.doExec(ForkJoinTask.java:373) ~[?:?]
	at java.util.concurrent.ForkJoinPool$WorkQueue.topLevelExec(ForkJoinPool.java:1182) ~[?:?]
	at java.util.concurrent.ForkJoinPool.scan(ForkJoinPool.java:1655) ~[?:?]
	at java.util.concurrent.ForkJoinPool.runWorker(ForkJoinPool.java:1622) ~[?:?]
	at java.util.concurrent.ForkJoinWorkerThread.run(ForkJoinWorkerThread.java:165) ~[?:?]
Caused by: java.io.EOFException: End of input at line 1 column 1 path $
	at com.google.gson.stream.JsonReader.nextNonWhitespace(JsonReader.java:1455) ~[gson-2.10.jar%2372!/:?]
	at com.google.gson.stream.JsonReader.doPeek(JsonReader.java:558) ~[gson-2.10.jar%2372!/:?]
	at com.google.gson.stream.JsonReader.peek(JsonReader.java:433) ~[gson-2.10.jar%2372!/:?]
	at com.google.gson.internal.bind.TypeAdapters$28.read(TypeAdapters.java:769) ~[gson-2.10.jar%2372!/:?]
	at com.google.gson.internal.bind.TypeAdapters$28.read(TypeAdapters.java:725) ~[gson-2.10.jar%2372!/:?]
	at com.google.gson.internal.bind.TypeAdapters$34$1.read(TypeAdapters.java:1007) ~[gson-2.10.jar%2372!/:?]
	at net.minecraft.util.GsonHelper.m_13780_(GsonHelper.java:524) ~[server-1.20.1-20230612.114412-srg.jar%23420!/:?]
	... 13 more
[06Jun2026 05:46:30.789] [Worker-Main-2/ERROR] [net.minecraft.server.packs.resources.SimpleJsonResourceReloadListener/]: Couldn't parse data file efn:meen_spear from efn:recipes/meen_spear.json
com.google.gson.JsonParseException: java.io.EOFException: End of input at line 1 column 1 path $
	at net.minecraft.util.GsonHelper.m_13780_(GsonHelper.java:526) ~[server-1.20.1-20230612.114412-srg.jar%23420!/:?]
	at net.minecraft.util.GsonHelper.m_263475_(GsonHelper.java:531) ~[server-1.20.1-20230612.114412-srg.jar%23420!/:?]
	at net.minecraft.util.GsonHelper.m_13776_(GsonHelper.java:581) ~[server-1.20.1-20230612.114412-srg.jar%23420!/:?]
	at net.minecraft.server.packs.resources.SimpleJsonResourceReloadListener.m_278771_(SimpleJsonResourceReloadListener.java:41) ~[server-1.20.1-20230612.114412-srg.jar%23420!/:?]
	at net.minecraft.server.packs.resources.SimpleJsonResourceReloadListener.m_5944_(SimpleJsonResourceReloadListener.java:29) ~[server-1.20.1-20230612.114412-srg.jar%23420!/:?]
	at net.minecraft.server.packs.resources.SimpleJsonResourceReloadListener.m_5944_(SimpleJsonResourceReloadListener.java:17) ~[server-1.20.1-20230612.114412-srg.jar%23420!/:?]
	at net.minecraft.server.packs.resources.SimplePreparableReloadListener.m_10786_(SimplePreparableReloadListener.java:11) ~[server-1.20.1-20230612.114412-srg.jar%23420!/:?]
	at java.util.concurrent.CompletableFuture$AsyncSupply.run(CompletableFuture.java:1768) ~[?:?]
	at java.util.concurrent.CompletableFuture$AsyncSupply.exec(CompletableFuture.java:1760) ~[?:?]
	at java.util.concurrent.ForkJoinTask.doExec(ForkJoinTask.java:373) ~[?:?]
	at java.util.concurrent.ForkJoinPool$WorkQueue.topLevelExec(ForkJoinPool.java:1182) ~[?:?]
	at java.util.concurrent.ForkJoinPool.scan(ForkJoinPool.java:1655) ~[?:?]
	at java.util.concurrent.ForkJoinPool.runWorker(ForkJoinPool.java:1622) ~[?:?]
	at java.util.concurrent.ForkJoinWorkerThread.run(ForkJoinWorkerThread.java:165) ~[?:?]
Caused by: java.io.EOFException: End of input at line 1 column 1 path $
	at com.google.gson.stream.JsonReader.nextNonWhitespace(JsonReader.java:1455) ~[gson-2.10.jar%2372!/:?]
	at com.google.gson.stream.JsonReader.doPeek(JsonReader.java:558) ~[gson-2.10.jar%2372!/:?]
	at com.google.gson.stream.JsonReader.peek(JsonReader.java:433) ~[gson-2.10.jar%2372!/:?]
	at com.google.gson.internal.bind.TypeAdapters$28.read(TypeAdapters.java:769) ~[gson-2.10.jar%2372!/:?]
	at com.google.gson.internal.bind.TypeAdapters$28.read(TypeAdapters.java:725) ~[gson-2.10.jar%2372!/:?]
	at com.google.gson.internal.bind.TypeAdapters$34$1.read(TypeAdapters.java:1007) ~[gson-2.10.jar%2372!/:?]
	at net.minecraft.util.GsonHelper.m_13780_(GsonHelper.java:524) ~[server-1.20.1-20230612.114412-srg.jar%23420!/:?]
	... 13 more
[06Jun2026 05:46:30.790] [Worker-Main-2/ERROR] [net.minecraft.server.packs.resources.SimpleJsonResourceReloadListener/]: Couldn't parse data file efn:mortal_blade from efn:recipes/mortal_blade.json
com.google.gson.JsonParseException: java.io.EOFException: End of input at line 1 column 1 path $
	at net.minecraft.util.GsonHelper.m_13780_(GsonHelper.java:526) ~[server-1.20.1-20230612.114412-srg.jar%23420!/:?]
	at net.minecraft.util.GsonHelper.m_263475_(GsonHelper.java:531) ~[server-1.20.1-20230612.114412-srg.jar%23420!/:?]
	at net.minecraft.util.GsonHelper.m_13776_(GsonHelper.java:581) ~[server-1.20.1-20230612.114412-srg.jar%23420!/:?]
	at net.minecraft.server.packs.resources.SimpleJsonResourceReloadListener.m_278771_(SimpleJsonResourceReloadListener.java:41) ~[server-1.20.1-20230612.114412-srg.jar%23420!/:?]
	at net.minecraft.server.packs.resources.SimpleJsonResourceReloadListener.m_5944_(SimpleJsonResourceReloadListener.java:29) ~[server-1.20.1-20230612.114412-srg.jar%23420!/:?]
	at net.minecraft.server.packs.resources.SimpleJsonResourceReloadListener.m_5944_(SimpleJsonResourceReloadListener.java:17) ~[server-1.20.1-20230612.114412-srg.jar%23420!/:?]
	at net.minecraft.server.packs.resources.SimplePreparableReloadListener.m_10786_(SimplePreparableReloadListener.java:11) ~[server-1.20.1-20230612.114412-srg.jar%23420!/:?]
	at java.util.concurrent.CompletableFuture$AsyncSupply.run(CompletableFuture.java:1768) ~[?:?]
	at java.util.concurrent.CompletableFuture$AsyncSupply.exec(CompletableFuture.java:1760) ~[?:?]
	at java.util.concurrent.ForkJoinTask.doExec(ForkJoinTask.java:373) ~[?:?]
	at java.util.concurrent.ForkJoinPool$WorkQueue.topLevelExec(ForkJoinPool.java:1182) ~[?:?]
	at java.util.concurrent.ForkJoinPool.scan(ForkJoinPool.java:1655) ~[?:?]
	at java.util.concurrent.ForkJoinPool.runWorker(ForkJoinPool.java:1622) ~[?:?]
	at java.util.concurrent.ForkJoinWorkerThread.run(ForkJoinWorkerThread.java:165) ~[?:?]
Caused by: java.io.EOFException: End of input at line 1 column 1 path $
	at com.google.gson.stream.JsonReader.nextNonWhitespace(JsonReader.java:1455) ~[gson-2.10.jar%2372!/:?]
	at com.google.gson.stream.JsonReader.doPeek(JsonReader.java:558) ~[gson-2.10.jar%2372!/:?]
	at com.google.gson.stream.JsonReader.peek(JsonReader.java:433) ~[gson-2.10.jar%2372!/:?]
	at com.google.gson.internal.bind.TypeAdapters$28.read(TypeAdapters.java:769) ~[gson-2.10.jar%2372!/:?]
	at com.google.gson.internal.bind.TypeAdapters$28.read(TypeAdapters.java:725) ~[gson-2.10.jar%2372!/:?]
	at com.google.gson.internal.bind.TypeAdapters$34$1.read(TypeAdapters.java:1007) ~[gson-2.10.jar%2372!/:?]
	at net.minecraft.util.GsonHelper.m_13780_(GsonHelper.java:524) ~[server-1.20.1-20230612.114412-srg.jar%23420!/:?]
	... 13 more
[06Jun2026 05:46:30.792] [Worker-Main-2/ERROR] [net.minecraft.server.packs.resources.SimpleJsonResourceReloadListener/]: Couldn't parse data file p1nero_bow:mortis_bow from p1nero_bow:recipes/mortis_bow.json
com.google.gson.JsonParseException: java.io.EOFException: End of input at line 1 column 1 path $
	at net.minecraft.util.GsonHelper.m_13780_(GsonHelper.java:526) ~[server-1.20.1-20230612.114412-srg.jar%23420!/:?]
	at net.minecraft.util.GsonHelper.m_263475_(GsonHelper.java:531) ~[server-1.20.1-20230612.114412-srg.jar%23420!/:?]
	at net.minecraft.util.GsonHelper.m_13776_(GsonHelper.java:581) ~[server-1.20.1-20230612.114412-srg.jar%23420!/:?]
	at net.minecraft.server.packs.resources.SimpleJsonResourceReloadListener.m_278771_(SimpleJsonResourceReloadListener.java:41) ~[server-1.20.1-20230612.114412-srg.jar%23420!/:?]
	at net.minecraft.server.packs.resources.SimpleJsonResourceReloadListener.m_5944_(SimpleJsonResourceReloadListener.java:29) ~[server-1.20.1-20230612.114412-srg.jar%23420!/:?]
	at net.minecraft.server.packs.resources.SimpleJsonResourceReloadListener.m_5944_(SimpleJsonResourceReloadListener.java:17) ~[server-1.20.1-20230612.114412-srg.jar%23420!/:?]
	at net.minecraft.server.packs.resources.SimplePreparableReloadListener.m_10786_(SimplePreparableReloadListener.java:11) ~[server-1.20.1-20230612.114412-srg.jar%23420!/:?]
	at java.util.concurrent.CompletableFuture$AsyncSupply.run(CompletableFuture.java:1768) ~[?:?]
	at java.util.concurrent.CompletableFuture$AsyncSupply.exec(CompletableFuture.java:1760) ~[?:?]
	at java.util.concurrent.ForkJoinTask.doExec(ForkJoinTask.java:373) ~[?:?]
	at java.util.concurrent.ForkJoinPool$WorkQueue.topLevelExec(ForkJoinPool.java:1182) ~[?:?]
	at java.util.concurrent.ForkJoinPool.scan(ForkJoinPool.java:1655) ~[?:?]
	at java.util.concurrent.ForkJoinPool.runWorker(ForkJoinPool.java:1622) ~[?:?]
	at java.util.concurrent.ForkJoinWorkerThread.run(ForkJoinWorkerThread.java:165) ~[?:?]
Caused by: java.io.EOFException: End of input at line 1 column 1 path $
	at com.google.gson.stream.JsonReader.nextNonWhitespace(JsonReader.java:1455) ~[gson-2.10.jar%2372!/:?]
	at com.google.gson.stream.JsonReader.doPeek(JsonReader.java:558) ~[gson-2.10.jar%2372!/:?]
	at com.google.gson.stream.JsonReader.peek(JsonReader.java:433) ~[gson-2.10.jar%2372!/:?]
	at com.google.gson.internal.bind.TypeAdapters$28.read(TypeAdapters.java:769) ~[gson-2.10.jar%2372!/:?]
	at com.google.gson.internal.bind.TypeAdapters$28.read(TypeAdapters.java:725) ~[gson-2.10.jar%2372!/:?]
	at com.google.gson.internal.bind.TypeAdapters$34$1.read(TypeAdapters.java:1007) ~[gson-2.10.jar%2372!/:?]
	at net.minecraft.util.GsonHelper.m_13780_(GsonHelper.java:524) ~[server-1.20.1-20230612.114412-srg.jar%23420!/:?]
	... 13 more
[06Jun2026 05:46:30.796] [Worker-Main-2/ERROR] [net.minecraft.server.packs.resources.SimpleJsonResourceReloadListener/]: Couldn't parse data file cataclysm_spellbooks:murasama from cataclysm_spellbooks:recipes/murasama.json
com.google.gson.JsonParseException: java.io.EOFException: End of input at line 1 column 1 path $
	at net.minecraft.util.GsonHelper.m_13780_(GsonHelper.java:526) ~[server-1.20.1-20230612.114412-srg.jar%23420!/:?]
	at net.minecraft.util.GsonHelper.m_263475_(GsonHelper.java:531) ~[server-1.20.1-20230612.114412-srg.jar%23420!/:?]
	at net.minecraft.util.GsonHelper.m_13776_(GsonHelper.java:581) ~[server-1.20.1-20230612.114412-srg.jar%23420!/:?]
	at net.minecraft.server.packs.resources.SimpleJsonResourceReloadListener.m_278771_(SimpleJsonResourceReloadListener.java:41) ~[server-1.20.1-20230612.114412-srg.jar%23420!/:?]
	at net.minecraft.server.packs.resources.SimpleJsonResourceReloadListener.m_5944_(SimpleJsonResourceReloadListener.java:29) ~[server-1.20.1-20230612.114412-srg.jar%23420!/:?]
	at net.minecraft.server.packs.resources.SimpleJsonResourceReloadListener.m_5944_(SimpleJsonResourceReloadListener.java:17) ~[server-1.20.1-20230612.114412-srg.jar%23420!/:?]
	at net.minecraft.server.packs.resources.SimplePreparableReloadListener.m_10786_(SimplePreparableReloadListener.java:11) ~[server-1.20.1-20230612.114412-srg.jar%23420!/:?]
	at java.util.concurrent.CompletableFuture$AsyncSupply.run(CompletableFuture.java:1768) ~[?:?]
	at java.util.concurrent.CompletableFuture$AsyncSupply.exec(CompletableFuture.java:1760) ~[?:?]
	at java.util.concurrent.ForkJoinTask.doExec(ForkJoinTask.java:373) ~[?:?]
	at java.util.concurrent.ForkJoinPool$WorkQueue.topLevelExec(ForkJoinPool.java:1182) ~[?:?]
	at java.util.concurrent.ForkJoinPool.scan(ForkJoinPool.java:1655) ~[?:?]
	at java.util.concurrent.ForkJoinPool.runWorker(ForkJoinPool.java:1622) ~[?:?]
	at java.util.concurrent.ForkJoinWorkerThread.run(ForkJoinWorkerThread.java:165) ~[?:?]
Caused by: java.io.EOFException: End of input at line 1 column 1 path $
	at com.google.gson.stream.JsonReader.nextNonWhitespace(JsonReader.java:1455) ~[gson-2.10.jar%2372!/:?]
	at com.google.gson.stream.JsonReader.doPeek(JsonReader.java:558) ~[gson-2.10.jar%2372!/:?]
	at com.google.gson.stream.JsonReader.peek(JsonReader.java:433) ~[gson-2.10.jar%2372!/:?]
	at com.google.gson.internal.bind.TypeAdapters$28.read(TypeAdapters.java:769) ~[gson-2.10.jar%2372!/:?]
	at com.google.gson.internal.bind.TypeAdapters$28.read(TypeAdapters.java:725) ~[gson-2.10.jar%2372!/:?]
	at com.google.gson.internal.bind.TypeAdapters$34$1.read(TypeAdapters.java:1007) ~[gson-2.10.jar%2372!/:?]
	at net.minecraft.util.GsonHelper.m_13780_(GsonHelper.java:524) ~[server-1.20.1-20230612.114412-srg.jar%23420!/:?]
	... 13 more
[06Jun2026 05:46:30.805] [Worker-Main-2/ERROR] [net.minecraft.server.packs.resources.SimpleJsonResourceReloadListener/]: Couldn't parse data file irons_spellbooks:netherite_spell_book from irons_spellbooks:recipes/netherite_spell_book.json
com.google.gson.JsonParseException: java.io.EOFException: End of input at line 1 column 1 path $
	at net.minecraft.util.GsonHelper.m_13780_(GsonHelper.java:526) ~[server-1.20.1-20230612.114412-srg.jar%23420!/:?]
	at net.minecraft.util.GsonHelper.m_263475_(GsonHelper.java:531) ~[server-1.20.1-20230612.114412-srg.jar%23420!/:?]
	at net.minecraft.util.GsonHelper.m_13776_(GsonHelper.java:581) ~[server-1.20.1-20230612.114412-srg.jar%23420!/:?]
	at net.minecraft.server.packs.resources.SimpleJsonResourceReloadListener.m_278771_(SimpleJsonResourceReloadListener.java:41) ~[server-1.20.1-20230612.114412-srg.jar%23420!/:?]
	at net.minecraft.server.packs.resources.SimpleJsonResourceReloadListener.m_5944_(SimpleJsonResourceReloadListener.java:29) ~[server-1.20.1-20230612.114412-srg.jar%23420!/:?]
	at net.minecraft.server.packs.resources.SimpleJsonResourceReloadListener.m_5944_(SimpleJsonResourceReloadListener.java:17) ~[server-1.20.1-20230612.114412-srg.jar%23420!/:?]
	at net.minecraft.server.packs.resources.SimplePreparableReloadListener.m_10786_(SimplePreparableReloadListener.java:11) ~[server-1.20.1-20230612.114412-srg.jar%23420!/:?]
	at java.util.concurrent.CompletableFuture$AsyncSupply.run(CompletableFuture.java:1768) ~[?:?]
	at java.util.concurrent.CompletableFuture$AsyncSupply.exec(CompletableFuture.java:1760) ~[?:?]
	at java.util.concurrent.ForkJoinTask.doExec(ForkJoinTask.java:373) ~[?:?]
	at java.util.concurrent.ForkJoinPool$WorkQueue.topLevelExec(ForkJoinPool.java:1182) ~[?:?]
	at java.util.concurrent.ForkJoinPool.scan(ForkJoinPool.java:1655) ~[?:?]
	at java.util.concurrent.ForkJoinPool.runWorker(ForkJoinPool.java:1622) ~[?:?]
	at java.util.concurrent.ForkJoinWorkerThread.run(ForkJoinWorkerThread.java:165) ~[?:?]
Caused by: java.io.EOFException: End of input at line 1 column 1 path $
	at com.google.gson.stream.JsonReader.nextNonWhitespace(JsonReader.java:1455) ~[gson-2.10.jar%2372!/:?]
	at com.google.gson.stream.JsonReader.doPeek(JsonReader.java:558) ~[gson-2.10.jar%2372!/:?]
	at com.google.gson.stream.JsonReader.peek(JsonReader.java:433) ~[gson-2.10.jar%2372!/:?]
	at com.google.gson.internal.bind.TypeAdapters$28.read(TypeAdapters.java:769) ~[gson-2.10.jar%2372!/:?]
	at com.google.gson.internal.bind.TypeAdapters$28.read(TypeAdapters.java:725) ~[gson-2.10.jar%2372!/:?]
	at com.google.gson.internal.bind.TypeAdapters$34$1.read(TypeAdapters.java:1007) ~[gson-2.10.jar%2372!/:?]
	at net.minecraft.util.GsonHelper.m_13780_(GsonHelper.java:524) ~[server-1.20.1-20230612.114412-srg.jar%23420!/:?]
	... 13 more
[06Jun2026 05:46:30.806] [Worker-Main-2/ERROR] [net.minecraft.server.packs.resources.SimpleJsonResourceReloadListener/]: Couldn't parse data file efn:nf_claw from efn:recipes/nf_claw.json
com.google.gson.JsonParseException: java.io.EOFException: End of input at line 1 column 1 path $
	at net.minecraft.util.GsonHelper.m_13780_(GsonHelper.java:526) ~[server-1.20.1-20230612.114412-srg.jar%23420!/:?]
	at net.minecraft.util.GsonHelper.m_263475_(GsonHelper.java:531) ~[server-1.20.1-20230612.114412-srg.jar%23420!/:?]
	at net.minecraft.util.GsonHelper.m_13776_(GsonHelper.java:581) ~[server-1.20.1-20230612.114412-srg.jar%23420!/:?]
	at net.minecraft.server.packs.resources.SimpleJsonResourceReloadListener.m_278771_(SimpleJsonResourceReloadListener.java:41) ~[server-1.20.1-20230612.114412-srg.jar%23420!/:?]
	at net.minecraft.server.packs.resources.SimpleJsonResourceReloadListener.m_5944_(SimpleJsonResourceReloadListener.java:29) ~[server-1.20.1-20230612.114412-srg.jar%23420!/:?]
	at net.minecraft.server.packs.resources.SimpleJsonResourceReloadListener.m_5944_(SimpleJsonResourceReloadListener.java:17) ~[server-1.20.1-20230612.114412-srg.jar%23420!/:?]
	at net.minecraft.server.packs.resources.SimplePreparableReloadListener.m_10786_(SimplePreparableReloadListener.java:11) ~[server-1.20.1-20230612.114412-srg.jar%23420!/:?]
	at java.util.concurrent.CompletableFuture$AsyncSupply.run(CompletableFuture.java:1768) ~[?:?]
	at java.util.concurrent.CompletableFuture$AsyncSupply.exec(CompletableFuture.java:1760) ~[?:?]
	at java.util.concurrent.ForkJoinTask.doExec(ForkJoinTask.java:373) ~[?:?]
	at java.util.concurrent.ForkJoinPool$WorkQueue.topLevelExec(ForkJoinPool.java:1182) ~[?:?]
	at java.util.concurrent.ForkJoinPool.scan(ForkJoinPool.java:1655) ~[?:?]
	at java.util.concurrent.ForkJoinPool.runWorker(ForkJoinPool.java:1622) ~[?:?]
	at java.util.concurrent.ForkJoinWorkerThread.run(ForkJoinWorkerThread.java:165) ~[?:?]
Caused by: java.io.EOFException: End of input at line 1 column 1 path $
	at com.google.gson.stream.JsonReader.nextNonWhitespace(JsonReader.java:1455) ~[gson-2.10.jar%2372!/:?]
	at com.google.gson.stream.JsonReader.doPeek(JsonReader.java:558) ~[gson-2.10.jar%2372!/:?]
	at com.google.gson.stream.JsonReader.peek(JsonReader.java:433) ~[gson-2.10.jar%2372!/:?]
	at com.google.gson.internal.bind.TypeAdapters$28.read(TypeAdapters.java:769) ~[gson-2.10.jar%2372!/:?]
	at com.google.gson.internal.bind.TypeAdapters$28.read(TypeAdapters.java:725) ~[gson-2.10.jar%2372!/:?]
	at com.google.gson.internal.bind.TypeAdapters$34$1.read(TypeAdapters.java:1007) ~[gson-2.10.jar%2372!/:?]
	at net.minecraft.util.GsonHelper.m_13780_(GsonHelper.java:524) ~[server-1.20.1-20230612.114412-srg.jar%23420!/:?]
	... 13 more
[06Jun2026 05:46:30.807] [Worker-Main-2/ERROR] [net.minecraft.server.packs.resources.SimpleJsonResourceReloadListener/]: Couldn't parse data file efn:nf_dual_sword from efn:recipes/nf_dual_sword.json
com.google.gson.JsonParseException: java.io.EOFException: End of input at line 1 column 1 path $
	at net.minecraft.util.GsonHelper.m_13780_(GsonHelper.java:526) ~[server-1.20.1-20230612.114412-srg.jar%23420!/:?]
	at net.minecraft.util.GsonHelper.m_263475_(GsonHelper.java:531) ~[server-1.20.1-20230612.114412-srg.jar%23420!/:?]
	at net.minecraft.util.GsonHelper.m_13776_(GsonHelper.java:581) ~[server-1.20.1-20230612.114412-srg.jar%23420!/:?]
	at net.minecraft.server.packs.resources.SimpleJsonResourceReloadListener.m_278771_(SimpleJsonResourceReloadListener.java:41) ~[server-1.20.1-20230612.114412-srg.jar%23420!/:?]
	at net.minecraft.server.packs.resources.SimpleJsonResourceReloadListener.m_5944_(SimpleJsonResourceReloadListener.java:29) ~[server-1.20.1-20230612.114412-srg.jar%23420!/:?]
	at net.minecraft.server.packs.resources.SimpleJsonResourceReloadListener.m_5944_(SimpleJsonResourceReloadListener.java:17) ~[server-1.20.1-20230612.114412-srg.jar%23420!/:?]
	at net.minecraft.server.packs.resources.SimplePreparableReloadListener.m_10786_(SimplePreparableReloadListener.java:11) ~[server-1.20.1-20230612.114412-srg.jar%23420!/:?]
	at java.util.concurrent.CompletableFuture$AsyncSupply.run(CompletableFuture.java:1768) ~[?:?]
	at java.util.concurrent.CompletableFuture$AsyncSupply.exec(CompletableFuture.java:1760) ~[?:?]
	at java.util.concurrent.ForkJoinTask.doExec(ForkJoinTask.java:373) ~[?:?]
	at java.util.concurrent.ForkJoinPool$WorkQueue.topLevelExec(ForkJoinPool.java:1182) ~[?:?]
	at java.util.concurrent.ForkJoinPool.scan(ForkJoinPool.java:1655) ~[?:?]
	at java.util.concurrent.ForkJoinPool.runWorker(ForkJoinPool.java:1622) ~[?:?]
	at java.util.concurrent.ForkJoinWorkerThread.run(ForkJoinWorkerThread.java:165) ~[?:?]
Caused by: java.io.EOFException: End of input at line 1 column 1 path $
	at com.google.gson.stream.JsonReader.nextNonWhitespace(JsonReader.java:1455) ~[gson-2.10.jar%2372!/:?]
	at com.google.gson.stream.JsonReader.doPeek(JsonReader.java:558) ~[gson-2.10.jar%2372!/:?]
	at com.google.gson.stream.JsonReader.peek(JsonReader.java:433) ~[gson-2.10.jar%2372!/:?]
	at com.google.gson.internal.bind.TypeAdapters$28.read(TypeAdapters.java:769) ~[gson-2.10.jar%2372!/:?]
	at com.google.gson.internal.bind.TypeAdapters$28.read(TypeAdapters.java:725) ~[gson-2.10.jar%2372!/:?]
	at com.google.gson.internal.bind.TypeAdapters$34$1.read(TypeAdapters.java:1007) ~[gson-2.10.jar%2372!/:?]
	at net.minecraft.util.GsonHelper.m_13780_(GsonHelper.java:524) ~[server-1.20.1-20230612.114412-srg.jar%23420!/:?]
	... 13 more
[06Jun2026 05:46:30.807] [Worker-Main-2/ERROR] [net.minecraft.server.packs.resources.SimpleJsonResourceReloadListener/]: Couldn't parse data file efn:nf_shortsword from efn:recipes/nf_shortsword.json
com.google.gson.JsonParseException: java.io.EOFException: End of input at line 1 column 1 path $
	at net.minecraft.util.GsonHelper.m_13780_(GsonHelper.java:526) ~[server-1.20.1-20230612.114412-srg.jar%23420!/:?]
	at net.minecraft.util.GsonHelper.m_263475_(GsonHelper.java:531) ~[server-1.20.1-20230612.114412-srg.jar%23420!/:?]
	at net.minecraft.util.GsonHelper.m_13776_(GsonHelper.java:581) ~[server-1.20.1-20230612.114412-srg.jar%23420!/:?]
	at net.minecraft.server.packs.resources.SimpleJsonResourceReloadListener.m_278771_(SimpleJsonResourceReloadListener.java:41) ~[server-1.20.1-20230612.114412-srg.jar%23420!/:?]
	at net.minecraft.server.packs.resources.SimpleJsonResourceReloadListener.m_5944_(SimpleJsonResourceReloadListener.java:29) ~[server-1.20.1-20230612.114412-srg.jar%23420!/:?]
	at net.minecraft.server.packs.resources.SimpleJsonResourceReloadListener.m_5944_(SimpleJsonResourceReloadListener.java:17) ~[server-1.20.1-20230612.114412-srg.jar%23420!/:?]
	at net.minecraft.server.packs.resources.SimplePreparableReloadListener.m_10786_(SimplePreparableReloadListener.java:11) ~[server-1.20.1-20230612.114412-srg.jar%23420!/:?]
	at java.util.concurrent.CompletableFuture$AsyncSupply.run(CompletableFuture.java:1768) ~[?:?]
	at java.util.concurrent.CompletableFuture$AsyncSupply.exec(CompletableFuture.java:1760) ~[?:?]
	at java.util.concurrent.ForkJoinTask.doExec(ForkJoinTask.java:373) ~[?:?]
	at java.util.concurrent.ForkJoinPool$WorkQueue.topLevelExec(ForkJoinPool.java:1182) ~[?:?]
	at java.util.concurrent.ForkJoinPool.scan(ForkJoinPool.java:1655) ~[?:?]
	at java.util.concurrent.ForkJoinPool.runWorker(ForkJoinPool.java:1622) ~[?:?]
	at java.util.concurrent.ForkJoinWorkerThread.run(ForkJoinWorkerThread.java:165) ~[?:?]
Caused by: java.io.EOFException: End of input at line 1 column 1 path $
	at com.google.gson.stream.JsonReader.nextNonWhitespace(JsonReader.java:1455) ~[gson-2.10.jar%2372!/:?]
	at com.google.gson.stream.JsonReader.doPeek(JsonReader.java:558) ~[gson-2.10.jar%2372!/:?]
	at com.google.gson.stream.JsonReader.peek(JsonReader.java:433) ~[gson-2.10.jar%2372!/:?]
	at com.google.gson.internal.bind.TypeAdapters$28.read(TypeAdapters.java:769) ~[gson-2.10.jar%2372!/:?]
	at com.google.gson.internal.bind.TypeAdapters$28.read(TypeAdapters.java:725) ~[gson-2.10.jar%2372!/:?]
	at com.google.gson.internal.bind.TypeAdapters$34$1.read(TypeAdapters.java:1007) ~[gson-2.10.jar%2372!/:?]
	at net.minecraft.util.GsonHelper.m_13780_(GsonHelper.java:524) ~[server-1.20.1-20230612.114412-srg.jar%23420!/:?]
	... 13 more
[06Jun2026 05:46:30.808] [Worker-Main-2/ERROR] [net.minecraft.server.packs.resources.SimpleJsonResourceReloadListener/]: Couldn't parse data file efn:nf_shortsword_2 from efn:recipes/nf_shortsword_2.json
com.google.gson.JsonParseException: java.io.EOFException: End of input at line 1 column 1 path $
	at net.minecraft.util.GsonHelper.m_13780_(GsonHelper.java:526) ~[server-1.20.1-20230612.114412-srg.jar%23420!/:?]
	at net.minecraft.util.GsonHelper.m_263475_(GsonHelper.java:531) ~[server-1.20.1-20230612.114412-srg.jar%23420!/:?]
	at net.minecraft.util.GsonHelper.m_13776_(GsonHelper.java:581) ~[server-1.20.1-20230612.114412-srg.jar%23420!/:?]
	at net.minecraft.server.packs.resources.SimpleJsonResourceReloadListener.m_278771_(SimpleJsonResourceReloadListener.java:41) ~[server-1.20.1-20230612.114412-srg.jar%23420!/:?]
	at net.minecraft.server.packs.resources.SimpleJsonResourceReloadListener.m_5944_(SimpleJsonResourceReloadListener.java:29) ~[server-1.20.1-20230612.114412-srg.jar%23420!/:?]
	at net.minecraft.server.packs.resources.SimpleJsonResourceReloadListener.m_5944_(SimpleJsonResourceReloadListener.java:17) ~[server-1.20.1-20230612.114412-srg.jar%23420!/:?]
	at net.minecraft.server.packs.resources.SimplePreparableReloadListener.m_10786_(SimplePreparableReloadListener.java:11) ~[server-1.20.1-20230612.114412-srg.jar%23420!/:?]
	at java.util.concurrent.CompletableFuture$AsyncSupply.run(CompletableFuture.java:1768) ~[?:?]
	at java.util.concurrent.CompletableFuture$AsyncSupply.exec(CompletableFuture.java:1760) ~[?:?]
	at java.util.concurrent.ForkJoinTask.doExec(ForkJoinTask.java:373) ~[?:?]
	at java.util.concurrent.ForkJoinPool$WorkQueue.topLevelExec(ForkJoinPool.java:1182) ~[?:?]
	at java.util.concurrent.ForkJoinPool.scan(ForkJoinPool.java:1655) ~[?:?]
	at java.util.concurrent.ForkJoinPool.runWorker(ForkJoinPool.java:1622) ~[?:?]
	at java.util.concurrent.ForkJoinWorkerThread.run(ForkJoinWorkerThread.java:165) ~[?:?]
Caused by: java.io.EOFException: End of input at line 1 column 1 path $
	at com.google.gson.stream.JsonReader.nextNonWhitespace(JsonReader.java:1455) ~[gson-2.10.jar%2372!/:?]
	at com.google.gson.stream.JsonReader.doPeek(JsonReader.java:558) ~[gson-2.10.jar%2372!/:?]
	at com.google.gson.stream.JsonReader.peek(JsonReader.java:433) ~[gson-2.10.jar%2372!/:?]
	at com.google.gson.internal.bind.TypeAdapters$28.read(TypeAdapters.java:769) ~[gson-2.10.jar%2372!/:?]
	at com.google.gson.internal.bind.TypeAdapters$28.read(TypeAdapters.java:725) ~[gson-2.10.jar%2372!/:?]
	at com.google.gson.internal.bind.TypeAdapters$34$1.read(TypeAdapters.java:1007) ~[gson-2.10.jar%2372!/:?]
	at net.minecraft.util.GsonHelper.m_13780_(GsonHelper.java:524) ~[server-1.20.1-20230612.114412-srg.jar%23420!/:?]
	... 13 more
[06Jun2026 05:46:30.863] [Worker-Main-1/ERROR] [net.minecraft.server.packs.resources.SimpleJsonResourceReloadListener/]: Couldn't parse data file cataclysm_spellbooks:abyss_spell_book from cataclysm_spellbooks:recipes/abyss_spell_book.json
com.google.gson.JsonParseException: java.io.EOFException: End of input at line 1 column 1 path $
	at net.minecraft.util.GsonHelper.m_13780_(GsonHelper.java:526) ~[server-1.20.1-20230612.114412-srg.jar%23420!/:?]
	at net.minecraft.util.GsonHelper.m_263475_(GsonHelper.java:531) ~[server-1.20.1-20230612.114412-srg.jar%23420!/:?]
	at net.minecraft.util.GsonHelper.m_13776_(GsonHelper.java:581) ~[server-1.20.1-20230612.114412-srg.jar%23420!/:?]
	at net.minecraft.server.packs.resources.SimpleJsonResourceReloadListener.m_278771_(SimpleJsonResourceReloadListener.java:41) ~[server-1.20.1-20230612.114412-srg.jar%23420!/:?]
	at net.minecraft.server.packs.resources.SimpleJsonResourceReloadListener.m_5944_(SimpleJsonResourceReloadListener.java:29) ~[server-1.20.1-20230612.114412-srg.jar%23420!/:?]
	at net.minecraft.server.packs.resources.SimpleJsonResourceReloadListener.m_5944_(SimpleJsonResourceReloadListener.java:17) ~[server-1.20.1-20230612.114412-srg.jar%23420!/:?]
	at net.minecraft.server.packs.resources.SimplePreparableReloadListener.m_10786_(SimplePreparableReloadListener.java:11) ~[server-1.20.1-20230612.114412-srg.jar%23420!/:?]
	at java.util.concurrent.CompletableFuture$AsyncSupply.run(CompletableFuture.java:1768) ~[?:?]
	at java.util.concurrent.CompletableFuture$AsyncSupply.exec(CompletableFuture.java:1760) ~[?:?]
	at java.util.concurrent.ForkJoinTask.doExec(ForkJoinTask.java:373) ~[?:?]
	at java.util.concurrent.ForkJoinPool$WorkQueue.topLevelExec(ForkJoinPool.java:1182) ~[?:?]
	at java.util.concurrent.ForkJoinPool.scan(ForkJoinPool.java:1655) ~[?:?]
	at java.util.concurrent.ForkJoinPool.runWorker(ForkJoinPool.java:1622) ~[?:?]
	at java.util.concurrent.ForkJoinWorkerThread.run(ForkJoinWorkerThread.java:165) ~[?:?]
Caused by: java.io.EOFException: End of input at line 1 column 1 path $
	at com.google.gson.stream.JsonReader.nextNonWhitespace(JsonReader.java:1455) ~[gson-2.10.jar%2372!/:?]
	at com.google.gson.stream.JsonReader.doPeek(JsonReader.java:558) ~[gson-2.10.jar%2372!/:?]
	at com.google.gson.stream.JsonReader.peek(JsonReader.java:433) ~[gson-2.10.jar%2372!/:?]
	at com.google.gson.internal.bind.TypeAdapters$28.read(TypeAdapters.java:769) ~[gson-2.10.jar%2372!/:?]
	at com.google.gson.internal.bind.TypeAdapters$28.read(TypeAdapters.java:725) ~[gson-2.10.jar%2372!/:?]
	at com.google.gson.internal.bind.TypeAdapters$34$1.read(TypeAdapters.java:1007) ~[gson-2.10.jar%2372!/:?]
	at net.minecraft.util.GsonHelper.m_13780_(GsonHelper.java:524) ~[server-1.20.1-20230612.114412-srg.jar%23420!/:?]
	... 13 more
[06Jun2026 05:46:30.943] [Worker-Main-1/ERROR] [net.minecraft.server.packs.resources.SimpleJsonResourceReloadListener/]: Couldn't parse data file efn:air_tachi from efn:recipes/air_tachi.json
com.google.gson.JsonParseException: java.io.EOFException: End of input at line 1 column 1 path $
	at net.minecraft.util.GsonHelper.m_13780_(GsonHelper.java:526) ~[server-1.20.1-20230612.114412-srg.jar%23420!/:?]
	at net.minecraft.util.GsonHelper.m_263475_(GsonHelper.java:531) ~[server-1.20.1-20230612.114412-srg.jar%23420!/:?]
	at net.minecraft.util.GsonHelper.m_13776_(GsonHelper.java:581) ~[server-1.20.1-20230612.114412-srg.jar%23420!/:?]
	at net.minecraft.server.packs.resources.SimpleJsonResourceReloadListener.m_278771_(SimpleJsonResourceReloadListener.java:41) ~[server-1.20.1-20230612.114412-srg.jar%23420!/:?]
	at net.minecraft.server.packs.resources.SimpleJsonResourceReloadListener.m_5944_(SimpleJsonResourceReloadListener.java:29) ~[server-1.20.1-20230612.114412-srg.jar%23420!/:?]
	at net.minecraft.server.packs.resources.SimpleJsonResourceReloadListener.m_5944_(SimpleJsonResourceReloadListener.java:17) ~[server-1.20.1-20230612.114412-srg.jar%23420!/:?]
	at net.minecraft.server.packs.resources.SimplePreparableReloadListener.m_10786_(SimplePreparableReloadListener.java:11) ~[server-1.20.1-20230612.114412-srg.jar%23420!/:?]
	at java.util.concurrent.CompletableFuture$AsyncSupply.run(CompletableFuture.java:1768) ~[?:?]
	at java.util.concurrent.CompletableFuture$AsyncSupply.exec(CompletableFuture.java:1760) ~[?:?]
	at java.util.concurrent.ForkJoinTask.doExec(ForkJoinTask.java:373) ~[?:?]
	at java.util.concurrent.ForkJoinPool$WorkQueue.topLevelExec(ForkJoinPool.java:1182) ~[?:?]
	at java.util.concurrent.ForkJoinPool.scan(ForkJoinPool.java:1655) ~[?:?]
	at java.util.concurrent.ForkJoinPool.runWorker(ForkJoinPool.java:1622) ~[?:?]
	at java.util.concurrent.ForkJoinWorkerThread.run(ForkJoinWorkerThread.java:165) ~[?:?]
Caused by: java.io.EOFException: End of input at line 1 column 1 path $
	at com.google.gson.stream.JsonReader.nextNonWhitespace(JsonReader.java:1455) ~[gson-2.10.jar%2372!/:?]
	at com.google.gson.stream.JsonReader.doPeek(JsonReader.java:558) ~[gson-2.10.jar%2372!/:?]
	at com.google.gson.stream.JsonReader.peek(JsonReader.java:433) ~[gson-2.10.jar%2372!/:?]
	at com.google.gson.internal.bind.TypeAdapters$28.read(TypeAdapters.java:769) ~[gson-2.10.jar%2372!/:?]
	at com.google.gson.internal.bind.TypeAdapters$28.read(TypeAdapters.java:725) ~[gson-2.10.jar%2372!/:?]
	at com.google.gson.internal.bind.TypeAdapters$34$1.read(TypeAdapters.java:1007) ~[gson-2.10.jar%2372!/:?]
	at net.minecraft.util.GsonHelper.m_13780_(GsonHelper.java:524) ~[server-1.20.1-20230612.114412-srg.jar%23420!/:?]
	... 13 more
[06Jun2026 05:46:30.950] [Worker-Main-1/ERROR] [net.minecraft.server.packs.resources.SimpleJsonResourceReloadListener/]: Couldn't parse data file efn:air_tachi_to_co from efn:recipes/air_tachi_to_co.json
com.google.gson.JsonParseException: java.io.EOFException: End of input at line 1 column 1 path $
	at net.minecraft.util.GsonHelper.m_13780_(GsonHelper.java:526) ~[server-1.20.1-20230612.114412-srg.jar%23420!/:?]
	at net.minecraft.util.GsonHelper.m_263475_(GsonHelper.java:531) ~[server-1.20.1-20230612.114412-srg.jar%23420!/:?]
	at net.minecraft.util.GsonHelper.m_13776_(GsonHelper.java:581) ~[server-1.20.1-20230612.114412-srg.jar%23420!/:?]
	at net.minecraft.server.packs.resources.SimpleJsonResourceReloadListener.m_278771_(SimpleJsonResourceReloadListener.java:41) ~[server-1.20.1-20230612.114412-srg.jar%23420!/:?]
	at net.minecraft.server.packs.resources.SimpleJsonResourceReloadListener.m_5944_(SimpleJsonResourceReloadListener.java:29) ~[server-1.20.1-20230612.114412-srg.jar%23420!/:?]
	at net.minecraft.server.packs.resources.SimpleJsonResourceReloadListener.m_5944_(SimpleJsonResourceReloadListener.java:17) ~[server-1.20.1-20230612.114412-srg.jar%23420!/:?]
	at net.minecraft.server.packs.resources.SimplePreparableReloadListener.m_10786_(SimplePreparableReloadListener.java:11) ~[server-1.20.1-20230612.114412-srg.jar%23420!/:?]
	at java.util.concurrent.CompletableFuture$AsyncSupply.run(CompletableFuture.java:1768) ~[?:?]
	at java.util.concurrent.CompletableFuture$AsyncSupply.exec(CompletableFuture.java:1760) ~[?:?]
	at java.util.concurrent.ForkJoinTask.doExec(ForkJoinTask.java:373) ~[?:?]
	at java.util.concurrent.ForkJoinPool$WorkQueue.topLevelExec(ForkJoinPool.java:1182) ~[?:?]
	at java.util.concurrent.ForkJoinPool.scan(ForkJoinPool.java:1655) ~[?:?]
	at java.util.concurrent.ForkJoinPool.runWorker(ForkJoinPool.java:1622) ~[?:?]
	at java.util.concurrent.ForkJoinWorkerThread.run(ForkJoinWorkerThread.java:165) ~[?:?]
Caused by: java.io.EOFException: End of input at line 1 column 1 path $
	at com.google.gson.stream.JsonReader.nextNonWhitespace(JsonReader.java:1455) ~[gson-2.10.jar%2372!/:?]
	at com.google.gson.stream.JsonReader.doPeek(JsonReader.java:558) ~[gson-2.10.jar%2372!/:?]
	at com.google.gson.stream.JsonReader.peek(JsonReader.java:433) ~[gson-2.10.jar%2372!/:?]
	at com.google.gson.internal.bind.TypeAdapters$28.read(TypeAdapters.java:769) ~[gson-2.10.jar%2372!/:?]
	at com.google.gson.internal.bind.TypeAdapters$28.read(TypeAdapters.java:725) ~[gson-2.10.jar%2372!/:?]
	at com.google.gson.internal.bind.TypeAdapters$34$1.read(TypeAdapters.java:1007) ~[gson-2.10.jar%2372!/:?]
	at net.minecraft.util.GsonHelper.m_13780_(GsonHelper.java:524) ~[server-1.20.1-20230612.114412-srg.jar%23420!/:?]
	... 13 more
[06Jun2026 05:46:30.956] [Worker-Main-1/ERROR] [net.minecraft.server.packs.resources.SimpleJsonResourceReloadListener/]: Couldn't parse data file dodosmobs:amalgam_claws from dodosmobs:recipes/amalgam_claws.json
com.google.gson.JsonParseException: java.io.EOFException: End of input at line 1 column 1 path $
	at net.minecraft.util.GsonHelper.m_13780_(GsonHelper.java:526) ~[server-1.20.1-20230612.114412-srg.jar%23420!/:?]
	at net.minecraft.util.GsonHelper.m_263475_(GsonHelper.java:531) ~[server-1.20.1-20230612.114412-srg.jar%23420!/:?]
	at net.minecraft.util.GsonHelper.m_13776_(GsonHelper.java:581) ~[server-1.20.1-20230612.114412-srg.jar%23420!/:?]
	at net.minecraft.server.packs.resources.SimpleJsonResourceReloadListener.m_278771_(SimpleJsonResourceReloadListener.java:41) ~[server-1.20.1-20230612.114412-srg.jar%23420!/:?]
	at net.minecraft.server.packs.resources.SimpleJsonResourceReloadListener.m_5944_(SimpleJsonResourceReloadListener.java:29) ~[server-1.20.1-20230612.114412-srg.jar%23420!/:?]
	at net.minecraft.server.packs.resources.SimpleJsonResourceReloadListener.m_5944_(SimpleJsonResourceReloadListener.java:17) ~[server-1.20.1-20230612.114412-srg.jar%23420!/:?]
	at net.minecraft.server.packs.resources.SimplePreparableReloadListener.m_10786_(SimplePreparableReloadListener.java:11) ~[server-1.20.1-20230612.114412-srg.jar%23420!/:?]
	at java.util.concurrent.CompletableFuture$AsyncSupply.run(CompletableFuture.java:1768) ~[?:?]
	at java.util.concurrent.CompletableFuture$AsyncSupply.exec(CompletableFuture.java:1760) ~[?:?]
	at java.util.concurrent.ForkJoinTask.doExec(ForkJoinTask.java:373) ~[?:?]
	at java.util.concurrent.ForkJoinPool$WorkQueue.topLevelExec(ForkJoinPool.java:1182) ~[?:?]
	at java.util.concurrent.ForkJoinPool.scan(ForkJoinPool.java:1655) ~[?:?]
	at java.util.concurrent.ForkJoinPool.runWorker(ForkJoinPool.java:1622) ~[?:?]
	at java.util.concurrent.ForkJoinWorkerThread.run(ForkJoinWorkerThread.java:165) ~[?:?]
Caused by: java.io.EOFException: End of input at line 1 column 1 path $
	at com.google.gson.stream.JsonReader.nextNonWhitespace(JsonReader.java:1455) ~[gson-2.10.jar%2372!/:?]
	at com.google.gson.stream.JsonReader.doPeek(JsonReader.java:558) ~[gson-2.10.jar%2372!/:?]
	at com.google.gson.stream.JsonReader.peek(JsonReader.java:433) ~[gson-2.10.jar%2372!/:?]
	at com.google.gson.internal.bind.TypeAdapters$28.read(TypeAdapters.java:769) ~[gson-2.10.jar%2372!/:?]
	at com.google.gson.internal.bind.TypeAdapters$28.read(TypeAdapters.java:725) ~[gson-2.10.jar%2372!/:?]
	at com.google.gson.internal.bind.TypeAdapters$34$1.read(TypeAdapters.java:1007) ~[gson-2.10.jar%2372!/:?]
	at net.minecraft.util.GsonHelper.m_13780_(GsonHelper.java:524) ~[server-1.20.1-20230612.114412-srg.jar%23420!/:?]
	... 13 more
[06Jun2026 05:46:30.958] [Worker-Main-2/ERROR] [net.minecraft.server.packs.resources.SimpleJsonResourceReloadListener/]: Couldn't parse data file irons_spellbooks:pyrium_staff from irons_spellbooks:recipes/pyrium_staff.json
com.google.gson.JsonParseException: java.io.EOFException: End of input at line 1 column 1 path $
	at net.minecraft.util.GsonHelper.m_13780_(GsonHelper.java:526) ~[server-1.20.1-20230612.114412-srg.jar%23420!/:?]
	at net.minecraft.util.GsonHelper.m_263475_(GsonHelper.java:531) ~[server-1.20.1-20230612.114412-srg.jar%23420!/:?]
	at net.minecraft.util.GsonHelper.m_13776_(GsonHelper.java:581) ~[server-1.20.1-20230612.114412-srg.jar%23420!/:?]
	at net.minecraft.server.packs.resources.SimpleJsonResourceReloadListener.m_278771_(SimpleJsonResourceReloadListener.java:41) ~[server-1.20.1-20230612.114412-srg.jar%23420!/:?]
	at net.minecraft.server.packs.resources.SimpleJsonResourceReloadListener.m_5944_(SimpleJsonResourceReloadListener.java:29) ~[server-1.20.1-20230612.114412-srg.jar%23420!/:?]
	at net.minecraft.server.packs.resources.SimpleJsonResourceReloadListener.m_5944_(SimpleJsonResourceReloadListener.java:17) ~[server-1.20.1-20230612.114412-srg.jar%23420!/:?]
	at net.minecraft.server.packs.resources.SimplePreparableReloadListener.m_10786_(SimplePreparableReloadListener.java:11) ~[server-1.20.1-20230612.114412-srg.jar%23420!/:?]
	at java.util.concurrent.CompletableFuture$AsyncSupply.run(CompletableFuture.java:1768) ~[?:?]
	at java.util.concurrent.CompletableFuture$AsyncSupply.exec(CompletableFuture.java:1760) ~[?:?]
	at java.util.concurrent.ForkJoinTask.doExec(ForkJoinTask.java:373) ~[?:?]
	at java.util.concurrent.ForkJoinPool$WorkQueue.topLevelExec(ForkJoinPool.java:1182) ~[?:?]
	at java.util.concurrent.ForkJoinPool.scan(ForkJoinPool.java:1655) ~[?:?]
	at java.util.concurrent.ForkJoinPool.runWorker(ForkJoinPool.java:1622) ~[?:?]
	at java.util.concurrent.ForkJoinWorkerThread.run(ForkJoinWorkerThread.java:165) ~[?:?]
Caused by: java.io.EOFException: End of input at line 1 column 1 path $
	at com.google.gson.stream.JsonReader.nextNonWhitespace(JsonReader.java:1455) ~[gson-2.10.jar%2372!/:?]
	at com.google.gson.stream.JsonReader.doPeek(JsonReader.java:558) ~[gson-2.10.jar%2372!/:?]
	at com.google.gson.stream.JsonReader.peek(JsonReader.java:433) ~[gson-2.10.jar%2372!/:?]
	at com.google.gson.internal.bind.TypeAdapters$28.read(TypeAdapters.java:769) ~[gson-2.10.jar%2372!/:?]
	at com.google.gson.internal.bind.TypeAdapters$28.read(TypeAdapters.java:725) ~[gson-2.10.jar%2372!/:?]
	at com.google.gson.internal.bind.TypeAdapters$34$1.read(TypeAdapters.java:1007) ~[gson-2.10.jar%2372!/:?]
	at net.minecraft.util.GsonHelper.m_13780_(GsonHelper.java:524) ~[server-1.20.1-20230612.114412-srg.jar%23420!/:?]
	... 13 more
[06Jun2026 05:46:30.956] [Worker-Main-1/ERROR] [net.minecraft.server.packs.resources.SimpleJsonResourceReloadListener/]: Couldn't parse data file irons_spellbooks:amethyst_rapier from irons_spellbooks:recipes/amethyst_rapier.json
com.google.gson.JsonParseException: java.io.EOFException: End of input at line 1 column 1 path $
	at net.minecraft.util.GsonHelper.m_13780_(GsonHelper.java:526) ~[server-1.20.1-20230612.114412-srg.jar%23420!/:?]
	at net.minecraft.util.GsonHelper.m_263475_(GsonHelper.java:531) ~[server-1.20.1-20230612.114412-srg.jar%23420!/:?]
	at net.minecraft.util.GsonHelper.m_13776_(GsonHelper.java:581) ~[server-1.20.1-20230612.114412-srg.jar%23420!/:?]
	at net.minecraft.server.packs.resources.SimpleJsonResourceReloadListener.m_278771_(SimpleJsonResourceReloadListener.java:41) ~[server-1.20.1-20230612.114412-srg.jar%23420!/:?]
	at net.minecraft.server.packs.resources.SimpleJsonResourceReloadListener.m_5944_(SimpleJsonResourceReloadListener.java:29) ~[server-1.20.1-20230612.114412-srg.jar%23420!/:?]
	at net.minecraft.server.packs.resources.SimpleJsonResourceReloadListener.m_5944_(SimpleJsonResourceReloadListener.java:17) ~[server-1.20.1-20230612.114412-srg.jar%23420!/:?]
	at net.minecraft.server.packs.resources.SimplePreparableReloadListener.m_10786_(SimplePreparableReloadListener.java:11) ~[server-1.20.1-20230612.114412-srg.jar%23420!/:?]
	at java.util.concurrent.CompletableFuture$AsyncSupply.run(CompletableFuture.java:1768) ~[?:?]
	at java.util.concurrent.CompletableFuture$AsyncSupply.exec(CompletableFuture.java:1760) ~[?:?]
	at java.util.concurrent.ForkJoinTask.doExec(ForkJoinTask.java:373) ~[?:?]
	at java.util.concurrent.ForkJoinPool$WorkQueue.topLevelExec(ForkJoinPool.java:1182) ~[?:?]
	at java.util.concurrent.ForkJoinPool.scan(ForkJoinPool.java:1655) ~[?:?]
	at java.util.concurrent.ForkJoinPool.runWorker(ForkJoinPool.java:1622) ~[?:?]
	at java.util.concurrent.ForkJoinWorkerThread.run(ForkJoinWorkerThread.java:165) ~[?:?]
Caused by: java.io.EOFException: End of input at line 1 column 1 path $
	at com.google.gson.stream.JsonReader.nextNonWhitespace(JsonReader.java:1455) ~[gson-2.10.jar%2372!/:?]
	at com.google.gson.stream.JsonReader.doPeek(JsonReader.java:558) ~[gson-2.10.jar%2372!/:?]
	at com.google.gson.stream.JsonReader.peek(JsonReader.java:433) ~[gson-2.10.jar%2372!/:?]
	at com.google.gson.internal.bind.TypeAdapters$28.read(TypeAdapters.java:769) ~[gson-2.10.jar%2372!/:?]
	at com.google.gson.internal.bind.TypeAdapters$28.read(TypeAdapters.java:725) ~[gson-2.10.jar%2372!/:?]
	at com.google.gson.internal.bind.TypeAdapters$34$1.read(TypeAdapters.java:1007) ~[gson-2.10.jar%2372!/:?]
	at net.minecraft.util.GsonHelper.m_13780_(GsonHelper.java:524) ~[server-1.20.1-20230612.114412-srg.jar%23420!/:?]
	... 13 more
[06Jun2026 05:46:30.966] [Worker-Main-1/ERROR] [net.minecraft.server.packs.resources.SimpleJsonResourceReloadListener/]: Couldn't parse data file cataclysm:ancient_spear from cataclysm:recipes/ancient_spear.json
com.google.gson.JsonParseException: java.io.EOFException: End of input at line 1 column 1 path $
	at net.minecraft.util.GsonHelper.m_13780_(GsonHelper.java:526) ~[server-1.20.1-20230612.114412-srg.jar%23420!/:?]
	at net.minecraft.util.GsonHelper.m_263475_(GsonHelper.java:531) ~[server-1.20.1-20230612.114412-srg.jar%23420!/:?]
	at net.minecraft.util.GsonHelper.m_13776_(GsonHelper.java:581) ~[server-1.20.1-20230612.114412-srg.jar%23420!/:?]
	at net.minecraft.server.packs.resources.SimpleJsonResourceReloadListener.m_278771_(SimpleJsonResourceReloadListener.java:41) ~[server-1.20.1-20230612.114412-srg.jar%23420!/:?]
	at net.minecraft.server.packs.resources.SimpleJsonResourceReloadListener.m_5944_(SimpleJsonResourceReloadListener.java:29) ~[server-1.20.1-20230612.114412-srg.jar%23420!/:?]
	at net.minecraft.server.packs.resources.SimpleJsonResourceReloadListener.m_5944_(SimpleJsonResourceReloadListener.java:17) ~[server-1.20.1-20230612.114412-srg.jar%23420!/:?]
	at net.minecraft.server.packs.resources.SimplePreparableReloadListener.m_10786_(SimplePreparableReloadListener.java:11) ~[server-1.20.1-20230612.114412-srg.jar%23420!/:?]
	at java.util.concurrent.CompletableFuture$AsyncSupply.run(CompletableFuture.java:1768) ~[?:?]
	at java.util.concurrent.CompletableFuture$AsyncSupply.exec(CompletableFuture.java:1760) ~[?:?]
	at java.util.concurrent.ForkJoinTask.doExec(ForkJoinTask.java:373) ~[?:?]
	at java.util.concurrent.ForkJoinPool$WorkQueue.topLevelExec(ForkJoinPool.java:1182) ~[?:?]
	at java.util.concurrent.ForkJoinPool.scan(ForkJoinPool.java:1655) ~[?:?]
	at java.util.concurrent.ForkJoinPool.runWorker(ForkJoinPool.java:1622) ~[?:?]
	at java.util.concurrent.ForkJoinWorkerThread.run(ForkJoinWorkerThread.java:165) ~[?:?]
Caused by: java.io.EOFException: End of input at line 1 column 1 path $
	at com.google.gson.stream.JsonReader.nextNonWhitespace(JsonReader.java:1455) ~[gson-2.10.jar%2372!/:?]
	at com.google.gson.stream.JsonReader.doPeek(JsonReader.java:558) ~[gson-2.10.jar%2372!/:?]
	at com.google.gson.stream.JsonReader.peek(JsonReader.java:433) ~[gson-2.10.jar%2372!/:?]
	at com.google.gson.internal.bind.TypeAdapters$28.read(TypeAdapters.java:769) ~[gson-2.10.jar%2372!/:?]
	at com.google.gson.internal.bind.TypeAdapters$28.read(TypeAdapters.java:725) ~[gson-2.10.jar%2372!/:?]
	at com.google.gson.internal.bind.TypeAdapters$34$1.read(TypeAdapters.java:1007) ~[gson-2.10.jar%2372!/:?]
	at net.minecraft.util.GsonHelper.m_13780_(GsonHelper.java:524) ~[server-1.20.1-20230612.114412-srg.jar%23420!/:?]
	... 13 more
[06Jun2026 05:46:30.969] [Worker-Main-2/ERROR] [net.minecraft.server.packs.resources.SimpleJsonResourceReloadListener/]: Couldn't parse data file efn:ruinfighter_boots from efn:recipes/ruinfighter_boots.json
com.google.gson.JsonParseException: java.io.EOFException: End of input at line 1 column 1 path $
	at net.minecraft.util.GsonHelper.m_13780_(GsonHelper.java:526) ~[server-1.20.1-20230612.114412-srg.jar%23420!/:?]
	at net.minecraft.util.GsonHelper.m_263475_(GsonHelper.java:531) ~[server-1.20.1-20230612.114412-srg.jar%23420!/:?]
	at net.minecraft.util.GsonHelper.m_13776_(GsonHelper.java:581) ~[server-1.20.1-20230612.114412-srg.jar%23420!/:?]
	at net.minecraft.server.packs.resources.SimpleJsonResourceReloadListener.m_278771_(SimpleJsonResourceReloadListener.java:41) ~[server-1.20.1-20230612.114412-srg.jar%23420!/:?]
	at net.minecraft.server.packs.resources.SimpleJsonResourceReloadListener.m_5944_(SimpleJsonResourceReloadListener.java:29) ~[server-1.20.1-20230612.114412-srg.jar%23420!/:?]
	at net.minecraft.server.packs.resources.SimpleJsonResourceReloadListener.m_5944_(SimpleJsonResourceReloadListener.java:17) ~[server-1.20.1-20230612.114412-srg.jar%23420!/:?]
	at net.minecraft.server.packs.resources.SimplePreparableReloadListener.m_10786_(SimplePreparableReloadListener.java:11) ~[server-1.20.1-20230612.114412-srg.jar%23420!/:?]
	at java.util.concurrent.CompletableFuture$AsyncSupply.run(CompletableFuture.java:1768) ~[?:?]
	at java.util.concurrent.CompletableFuture$AsyncSupply.exec(CompletableFuture.java:1760) ~[?:?]
	at java.util.concurrent.ForkJoinTask.doExec(ForkJoinTask.java:373) ~[?:?]
	at java.util.concurrent.ForkJoinPool$WorkQueue.topLevelExec(ForkJoinPool.java:1182) ~[?:?]
	at java.util.concurrent.ForkJoinPool.scan(ForkJoinPool.java:1655) ~[?:?]
	at java.util.concurrent.ForkJoinPool.runWorker(ForkJoinPool.java:1622) ~[?:?]
	at java.util.concurrent.ForkJoinWorkerThread.run(ForkJoinWorkerThread.java:165) ~[?:?]
Caused by: java.io.EOFException: End of input at line 1 column 1 path $
	at com.google.gson.stream.JsonReader.nextNonWhitespace(JsonReader.java:1455) ~[gson-2.10.jar%2372!/:?]
	at com.google.gson.stream.JsonReader.doPeek(JsonReader.java:558) ~[gson-2.10.jar%2372!/:?]
	at com.google.gson.stream.JsonReader.peek(JsonReader.java:433) ~[gson-2.10.jar%2372!/:?]
	at com.google.gson.internal.bind.TypeAdapters$28.read(TypeAdapters.java:769) ~[gson-2.10.jar%2372!/:?]
	at com.google.gson.internal.bind.TypeAdapters$28.read(TypeAdapters.java:725) ~[gson-2.10.jar%2372!/:?]
	at com.google.gson.internal.bind.TypeAdapters$34$1.read(TypeAdapters.java:1007) ~[gson-2.10.jar%2372!/:?]
	at net.minecraft.util.GsonHelper.m_13780_(GsonHelper.java:524) ~[server-1.20.1-20230612.114412-srg.jar%23420!/:?]
	... 13 more
[06Jun2026 05:46:30.971] [Worker-Main-2/ERROR] [net.minecraft.server.packs.resources.SimpleJsonResourceReloadListener/]: Couldn't parse data file efn:ruinfighter_chestplate from efn:recipes/ruinfighter_chestplate.json
com.google.gson.JsonParseException: java.io.EOFException: End of input at line 1 column 1 path $
	at net.minecraft.util.GsonHelper.m_13780_(GsonHelper.java:526) ~[server-1.20.1-20230612.114412-srg.jar%23420!/:?]
	at net.minecraft.util.GsonHelper.m_263475_(GsonHelper.java:531) ~[server-1.20.1-20230612.114412-srg.jar%23420!/:?]
	at net.minecraft.util.GsonHelper.m_13776_(GsonHelper.java:581) ~[server-1.20.1-20230612.114412-srg.jar%23420!/:?]
	at net.minecraft.server.packs.resources.SimpleJsonResourceReloadListener.m_278771_(SimpleJsonResourceReloadListener.java:41) ~[server-1.20.1-20230612.114412-srg.jar%23420!/:?]
	at net.minecraft.server.packs.resources.SimpleJsonResourceReloadListener.m_5944_(SimpleJsonResourceReloadListener.java:29) ~[server-1.20.1-20230612.114412-srg.jar%23420!/:?]
	at net.minecraft.server.packs.resources.SimpleJsonResourceReloadListener.m_5944_(SimpleJsonResourceReloadListener.java:17) ~[server-1.20.1-20230612.114412-srg.jar%23420!/:?]
	at net.minecraft.server.packs.resources.SimplePreparableReloadListener.m_10786_(SimplePreparableReloadListener.java:11) ~[server-1.20.1-20230612.114412-srg.jar%23420!/:?]
	at java.util.concurrent.CompletableFuture$AsyncSupply.run(CompletableFuture.java:1768) ~[?:?]
	at java.util.concurrent.CompletableFuture$AsyncSupply.exec(CompletableFuture.java:1760) ~[?:?]
	at java.util.concurrent.ForkJoinTask.doExec(ForkJoinTask.java:373) ~[?:?]
	at java.util.concurrent.ForkJoinPool$WorkQueue.topLevelExec(ForkJoinPool.java:1182) ~[?:?]
	at java.util.concurrent.ForkJoinPool.scan(ForkJoinPool.java:1655) ~[?:?]
	at java.util.concurrent.ForkJoinPool.runWorker(ForkJoinPool.java:1622) ~[?:?]
	at java.util.concurrent.ForkJoinWorkerThread.run(ForkJoinWorkerThread.java:165) ~[?:?]
Caused by: java.io.EOFException: End of input at line 1 column 1 path $
	at com.google.gson.stream.JsonReader.nextNonWhitespace(JsonReader.java:1455) ~[gson-2.10.jar%2372!/:?]
	at com.google.gson.stream.JsonReader.doPeek(JsonReader.java:558) ~[gson-2.10.jar%2372!/:?]
	at com.google.gson.stream.JsonReader.peek(JsonReader.java:433) ~[gson-2.10.jar%2372!/:?]
	at com.google.gson.internal.bind.TypeAdapters$28.read(TypeAdapters.java:769) ~[gson-2.10.jar%2372!/:?]
	at com.google.gson.internal.bind.TypeAdapters$28.read(TypeAdapters.java:725) ~[gson-2.10.jar%2372!/:?]
	at com.google.gson.internal.bind.TypeAdapters$34$1.read(TypeAdapters.java:1007) ~[gson-2.10.jar%2372!/:?]
	at net.minecraft.util.GsonHelper.m_13780_(GsonHelper.java:524) ~[server-1.20.1-20230612.114412-srg.jar%23420!/:?]
	... 13 more
[06Jun2026 05:46:30.971] [Worker-Main-1/ERROR] [net.minecraft.server.packs.resources.SimpleJsonResourceReloadListener/]: Couldn't parse data file irons_spellbooks:arcane_anvil from irons_spellbooks:recipes/arcane_anvil.json
com.google.gson.JsonParseException: java.io.EOFException: End of input at line 1 column 1 path $
	at net.minecraft.util.GsonHelper.m_13780_(GsonHelper.java:526) ~[server-1.20.1-20230612.114412-srg.jar%23420!/:?]
	at net.minecraft.util.GsonHelper.m_263475_(GsonHelper.java:531) ~[server-1.20.1-20230612.114412-srg.jar%23420!/:?]
	at net.minecraft.util.GsonHelper.m_13776_(GsonHelper.java:581) ~[server-1.20.1-20230612.114412-srg.jar%23420!/:?]
	at net.minecraft.server.packs.resources.SimpleJsonResourceReloadListener.m_278771_(SimpleJsonResourceReloadListener.java:41) ~[server-1.20.1-20230612.114412-srg.jar%23420!/:?]
	at net.minecraft.server.packs.resources.SimpleJsonResourceReloadListener.m_5944_(SimpleJsonResourceReloadListener.java:29) ~[server-1.20.1-20230612.114412-srg.jar%23420!/:?]
	at net.minecraft.server.packs.resources.SimpleJsonResourceReloadListener.m_5944_(SimpleJsonResourceReloadListener.java:17) ~[server-1.20.1-20230612.114412-srg.jar%23420!/:?]
	at net.minecraft.server.packs.resources.SimplePreparableReloadListener.m_10786_(SimplePreparableReloadListener.java:11) ~[server-1.20.1-20230612.114412-srg.jar%23420!/:?]
	at java.util.concurrent.CompletableFuture$AsyncSupply.run(CompletableFuture.java:1768) ~[?:?]
	at java.util.concurrent.CompletableFuture$AsyncSupply.exec(CompletableFuture.java:1760) ~[?:?]
	at java.util.concurrent.ForkJoinTask.doExec(ForkJoinTask.java:373) ~[?:?]
	at java.util.concurrent.ForkJoinPool$WorkQueue.topLevelExec(ForkJoinPool.java:1182) ~[?:?]
	at java.util.concurrent.ForkJoinPool.scan(ForkJoinPool.java:1655) ~[?:?]
	at java.util.concurrent.ForkJoinPool.runWorker(ForkJoinPool.java:1622) ~[?:?]
	at java.util.concurrent.ForkJoinWorkerThread.run(ForkJoinWorkerThread.java:165) ~[?:?]
Caused by: java.io.EOFException: End of input at line 1 column 1 path $
	at com.google.gson.stream.JsonReader.nextNonWhitespace(JsonReader.java:1455) ~[gson-2.10.jar%2372!/:?]
	at com.google.gson.stream.JsonReader.doPeek(JsonReader.java:558) ~[gson-2.10.jar%2372!/:?]
	at com.google.gson.stream.JsonReader.peek(JsonReader.java:433) ~[gson-2.10.jar%2372!/:?]
	at com.google.gson.internal.bind.TypeAdapters$28.read(TypeAdapters.java:769) ~[gson-2.10.jar%2372!/:?]
	at com.google.gson.internal.bind.TypeAdapters$28.read(TypeAdapters.java:725) ~[gson-2.10.jar%2372!/:?]
	at com.google.gson.internal.bind.TypeAdapters$34$1.read(TypeAdapters.java:1007) ~[gson-2.10.jar%2372!/:?]
	at net.minecraft.util.GsonHelper.m_13780_(GsonHelper.java:524) ~[server-1.20.1-20230612.114412-srg.jar%23420!/:?]
	... 13 more
[06Jun2026 05:46:30.973] [Worker-Main-2/ERROR] [net.minecraft.server.packs.resources.SimpleJsonResourceReloadListener/]: Couldn't parse data file efn:ruinfighter_helmet from efn:recipes/ruinfighter_helmet.json
com.google.gson.JsonParseException: java.io.EOFException: End of input at line 1 column 1 path $
	at net.minecraft.util.GsonHelper.m_13780_(GsonHelper.java:526) ~[server-1.20.1-20230612.114412-srg.jar%23420!/:?]
	at net.minecraft.util.GsonHelper.m_263475_(GsonHelper.java:531) ~[server-1.20.1-20230612.114412-srg.jar%23420!/:?]
	at net.minecraft.util.GsonHelper.m_13776_(GsonHelper.java:581) ~[server-1.20.1-20230612.114412-srg.jar%23420!/:?]
	at net.minecraft.server.packs.resources.SimpleJsonResourceReloadListener.m_278771_(SimpleJsonResourceReloadListener.java:41) ~[server-1.20.1-20230612.114412-srg.jar%23420!/:?]
	at net.minecraft.server.packs.resources.SimpleJsonResourceReloadListener.m_5944_(SimpleJsonResourceReloadListener.java:29) ~[server-1.20.1-20230612.114412-srg.jar%23420!/:?]
	at net.minecraft.server.packs.resources.SimpleJsonResourceReloadListener.m_5944_(SimpleJsonResourceReloadListener.java:17) ~[server-1.20.1-20230612.114412-srg.jar%23420!/:?]
	at net.minecraft.server.packs.resources.SimplePreparableReloadListener.m_10786_(SimplePreparableReloadListener.java:11) ~[server-1.20.1-20230612.114412-srg.jar%23420!/:?]
	at java.util.concurrent.CompletableFuture$AsyncSupply.run(CompletableFuture.java:1768) ~[?:?]
	at java.util.concurrent.CompletableFuture$AsyncSupply.exec(CompletableFuture.java:1760) ~[?:?]
	at java.util.concurrent.ForkJoinTask.doExec(ForkJoinTask.java:373) ~[?:?]
	at java.util.concurrent.ForkJoinPool$WorkQueue.topLevelExec(ForkJoinPool.java:1182) ~[?:?]
	at java.util.concurrent.ForkJoinPool.scan(ForkJoinPool.java:1655) ~[?:?]
	at java.util.concurrent.ForkJoinPool.runWorker(ForkJoinPool.java:1622) ~[?:?]
	at java.util.concurrent.ForkJoinWorkerThread.run(ForkJoinWorkerThread.java:165) ~[?:?]
Caused by: java.io.EOFException: End of input at line 1 column 1 path $
	at com.google.gson.stream.JsonReader.nextNonWhitespace(JsonReader.java:1455) ~[gson-2.10.jar%2372!/:?]
	at com.google.gson.stream.JsonReader.doPeek(JsonReader.java:558) ~[gson-2.10.jar%2372!/:?]
	at com.google.gson.stream.JsonReader.peek(JsonReader.java:433) ~[gson-2.10.jar%2372!/:?]
	at com.google.gson.internal.bind.TypeAdapters$28.read(TypeAdapters.java:769) ~[gson-2.10.jar%2372!/:?]
	at com.google.gson.internal.bind.TypeAdapters$28.read(TypeAdapters.java:725) ~[gson-2.10.jar%2372!/:?]
	at com.google.gson.internal.bind.TypeAdapters$34$1.read(TypeAdapters.java:1007) ~[gson-2.10.jar%2372!/:?]
	at net.minecraft.util.GsonHelper.m_13780_(GsonHelper.java:524) ~[server-1.20.1-20230612.114412-srg.jar%23420!/:?]
	... 13 more
[06Jun2026 05:46:30.973] [Worker-Main-1/ERROR] [net.minecraft.server.packs.resources.SimpleJsonResourceReloadListener/]: Couldn't parse data file irons_spellbooks:artificer_cane from irons_spellbooks:recipes/artificer_cane.json
com.google.gson.JsonParseException: java.io.EOFException: End of input at line 1 column 1 path $
	at net.minecraft.util.GsonHelper.m_13780_(GsonHelper.java:526) ~[server-1.20.1-20230612.114412-srg.jar%23420!/:?]
	at net.minecraft.util.GsonHelper.m_263475_(GsonHelper.java:531) ~[server-1.20.1-20230612.114412-srg.jar%23420!/:?]
	at net.minecraft.util.GsonHelper.m_13776_(GsonHelper.java:581) ~[server-1.20.1-20230612.114412-srg.jar%23420!/:?]
	at net.minecraft.server.packs.resources.SimpleJsonResourceReloadListener.m_278771_(SimpleJsonResourceReloadListener.java:41) ~[server-1.20.1-20230612.114412-srg.jar%23420!/:?]
	at net.minecraft.server.packs.resources.SimpleJsonResourceReloadListener.m_5944_(SimpleJsonResourceReloadListener.java:29) ~[server-1.20.1-20230612.114412-srg.jar%23420!/:?]
	at net.minecraft.server.packs.resources.SimpleJsonResourceReloadListener.m_5944_(SimpleJsonResourceReloadListener.java:17) ~[server-1.20.1-20230612.114412-srg.jar%23420!/:?]
	at net.minecraft.server.packs.resources.SimplePreparableReloadListener.m_10786_(SimplePreparableReloadListener.java:11) ~[server-1.20.1-20230612.114412-srg.jar%23420!/:?]
	at java.util.concurrent.CompletableFuture$AsyncSupply.run(CompletableFuture.java:1768) ~[?:?]
	at java.util.concurrent.CompletableFuture$AsyncSupply.exec(CompletableFuture.java:1760) ~[?:?]
	at java.util.concurrent.ForkJoinTask.doExec(ForkJoinTask.java:373) ~[?:?]
	at java.util.concurrent.ForkJoinPool$WorkQueue.topLevelExec(ForkJoinPool.java:1182) ~[?:?]
	at java.util.concurrent.ForkJoinPool.scan(ForkJoinPool.java:1655) ~[?:?]
	at java.util.concurrent.ForkJoinPool.runWorker(ForkJoinPool.java:1622) ~[?:?]
	at java.util.concurrent.ForkJoinWorkerThread.run(ForkJoinWorkerThread.java:165) ~[?:?]
Caused by: java.io.EOFException: End of input at line 1 column 1 path $
	at com.google.gson.stream.JsonReader.nextNonWhitespace(JsonReader.java:1455) ~[gson-2.10.jar%2372!/:?]
	at com.google.gson.stream.JsonReader.doPeek(JsonReader.java:558) ~[gson-2.10.jar%2372!/:?]
	at com.google.gson.stream.JsonReader.peek(JsonReader.java:433) ~[gson-2.10.jar%2372!/:?]
	at com.google.gson.internal.bind.TypeAdapters$28.read(TypeAdapters.java:769) ~[gson-2.10.jar%2372!/:?]
	at com.google.gson.internal.bind.TypeAdapters$28.read(TypeAdapters.java:725) ~[gson-2.10.jar%2372!/:?]
	at com.google.gson.internal.bind.TypeAdapters$34$1.read(TypeAdapters.java:1007) ~[gson-2.10.jar%2372!/:?]
	at net.minecraft.util.GsonHelper.m_13780_(GsonHelper.java:524) ~[server-1.20.1-20230612.114412-srg.jar%23420!/:?]
	... 13 more
[06Jun2026 05:46:30.975] [Worker-Main-1/ERROR] [net.minecraft.server.packs.resources.SimpleJsonResourceReloadListener/]: Couldn't parse data file cataclysm:astrape from cataclysm:recipes/astrape.json
com.google.gson.JsonParseException: java.io.EOFException: End of input at line 1 column 1 path $
	at net.minecraft.util.GsonHelper.m_13780_(GsonHelper.java:526) ~[server-1.20.1-20230612.114412-srg.jar%23420!/:?]
	at net.minecraft.util.GsonHelper.m_263475_(GsonHelper.java:531) ~[server-1.20.1-20230612.114412-srg.jar%23420!/:?]
	at net.minecraft.util.GsonHelper.m_13776_(GsonHelper.java:581) ~[server-1.20.1-20230612.114412-srg.jar%23420!/:?]
	at net.minecraft.server.packs.resources.SimpleJsonResourceReloadListener.m_278771_(SimpleJsonResourceReloadListener.java:41) ~[server-1.20.1-20230612.114412-srg.jar%23420!/:?]
	at net.minecraft.server.packs.resources.SimpleJsonResourceReloadListener.m_5944_(SimpleJsonResourceReloadListener.java:29) ~[server-1.20.1-20230612.114412-srg.jar%23420!/:?]
	at net.minecraft.server.packs.resources.SimpleJsonResourceReloadListener.m_5944_(SimpleJsonResourceReloadListener.java:17) ~[server-1.20.1-20230612.114412-srg.jar%23420!/:?]
	at net.minecraft.server.packs.resources.SimplePreparableReloadListener.m_10786_(SimplePreparableReloadListener.java:11) ~[server-1.20.1-20230612.114412-srg.jar%23420!/:?]
	at java.util.concurrent.CompletableFuture$AsyncSupply.run(CompletableFuture.java:1768) ~[?:?]
	at java.util.concurrent.CompletableFuture$AsyncSupply.exec(CompletableFuture.java:1760) ~[?:?]
	at java.util.concurrent.ForkJoinTask.doExec(ForkJoinTask.java:373) ~[?:?]
	at java.util.concurrent.ForkJoinPool$WorkQueue.topLevelExec(ForkJoinPool.java:1182) ~[?:?]
	at java.util.concurrent.ForkJoinPool.scan(ForkJoinPool.java:1655) ~[?:?]
	at java.util.concurrent.ForkJoinPool.runWorker(ForkJoinPool.java:1622) ~[?:?]
	at java.util.concurrent.ForkJoinWorkerThread.run(ForkJoinWorkerThread.java:165) ~[?:?]
Caused by: java.io.EOFException: End of input at line 1 column 1 path $
	at com.google.gson.stream.JsonReader.nextNonWhitespace(JsonReader.java:1455) ~[gson-2.10.jar%2372!/:?]
	at com.google.gson.stream.JsonReader.doPeek(JsonReader.java:558) ~[gson-2.10.jar%2372!/:?]
	at com.google.gson.stream.JsonReader.peek(JsonReader.java:433) ~[gson-2.10.jar%2372!/:?]
	at com.google.gson.internal.bind.TypeAdapters$28.read(TypeAdapters.java:769) ~[gson-2.10.jar%2372!/:?]
	at com.google.gson.internal.bind.TypeAdapters$28.read(TypeAdapters.java:725) ~[gson-2.10.jar%2372!/:?]
	at com.google.gson.internal.bind.TypeAdapters$34$1.read(TypeAdapters.java:1007) ~[gson-2.10.jar%2372!/:?]
	at net.minecraft.util.GsonHelper.m_13780_(GsonHelper.java:524) ~[server-1.20.1-20230612.114412-srg.jar%23420!/:?]
	... 13 more
[06Jun2026 05:46:30.977] [Worker-Main-2/ERROR] [net.minecraft.server.packs.resources.SimpleJsonResourceReloadListener/]: Couldn't parse data file efn:ruinfighter_leggings from efn:recipes/ruinfighter_leggings.json
com.google.gson.JsonParseException: java.io.EOFException: End of input at line 1 column 1 path $
	at net.minecraft.util.GsonHelper.m_13780_(GsonHelper.java:526) ~[server-1.20.1-20230612.114412-srg.jar%23420!/:?]
	at net.minecraft.util.GsonHelper.m_263475_(GsonHelper.java:531) ~[server-1.20.1-20230612.114412-srg.jar%23420!/:?]
	at net.minecraft.util.GsonHelper.m_13776_(GsonHelper.java:581) ~[server-1.20.1-20230612.114412-srg.jar%23420!/:?]
	at net.minecraft.server.packs.resources.SimpleJsonResourceReloadListener.m_278771_(SimpleJsonResourceReloadListener.java:41) ~[server-1.20.1-20230612.114412-srg.jar%23420!/:?]
	at net.minecraft.server.packs.resources.SimpleJsonResourceReloadListener.m_5944_(SimpleJsonResourceReloadListener.java:29) ~[server-1.20.1-20230612.114412-srg.jar%23420!/:?]
	at net.minecraft.server.packs.resources.SimpleJsonResourceReloadListener.m_5944_(SimpleJsonResourceReloadListener.java:17) ~[server-1.20.1-20230612.114412-srg.jar%23420!/:?]
	at net.minecraft.server.packs.resources.SimplePreparableReloadListener.m_10786_(SimplePreparableReloadListener.java:11) ~[server-1.20.1-20230612.114412-srg.jar%23420!/:?]
	at java.util.concurrent.CompletableFuture$AsyncSupply.run(CompletableFuture.java:1768) ~[?:?]
	at java.util.concurrent.CompletableFuture$AsyncSupply.exec(CompletableFuture.java:1760) ~[?:?]
	at java.util.concurrent.ForkJoinTask.doExec(ForkJoinTask.java:373) ~[?:?]
	at java.util.concurrent.ForkJoinPool$WorkQueue.topLevelExec(ForkJoinPool.java:1182) ~[?:?]
	at java.util.concurrent.ForkJoinPool.scan(ForkJoinPool.java:1655) ~[?:?]
	at java.util.concurrent.ForkJoinPool.runWorker(ForkJoinPool.java:1622) ~[?:?]
	at java.util.concurrent.ForkJoinWorkerThread.run(ForkJoinWorkerThread.java:165) ~[?:?]
Caused by: java.io.EOFException: End of input at line 1 column 1 path $
	at com.google.gson.stream.JsonReader.nextNonWhitespace(JsonReader.java:1455) ~[gson-2.10.jar%2372!/:?]
	at com.google.gson.stream.JsonReader.doPeek(JsonReader.java:558) ~[gson-2.10.jar%2372!/:?]
	at com.google.gson.stream.JsonReader.peek(JsonReader.java:433) ~[gson-2.10.jar%2372!/:?]
	at com.google.gson.internal.bind.TypeAdapters$28.read(TypeAdapters.java:769) ~[gson-2.10.jar%2372!/:?]
	at com.google.gson.internal.bind.TypeAdapters$28.read(TypeAdapters.java:725) ~[gson-2.10.jar%2372!/:?]
	at com.google.gson.internal.bind.TypeAdapters$34$1.read(TypeAdapters.java:1007) ~[gson-2.10.jar%2372!/:?]
	at net.minecraft.util.GsonHelper.m_13780_(GsonHelper.java:524) ~[server-1.20.1-20230612.114412-srg.jar%23420!/:?]
	... 13 more
[06Jun2026 05:46:30.978] [Worker-Main-2/ERROR] [net.minecraft.server.packs.resources.SimpleJsonResourceReloadListener/]: Couldn't parse data file efn:ruinsgreatsword from efn:recipes/ruinsgreatsword.json
com.google.gson.JsonParseException: java.io.EOFException: End of input at line 1 column 1 path $
	at net.minecraft.util.GsonHelper.m_13780_(GsonHelper.java:526) ~[server-1.20.1-20230612.114412-srg.jar%23420!/:?]
	at net.minecraft.util.GsonHelper.m_263475_(GsonHelper.java:531) ~[server-1.20.1-20230612.114412-srg.jar%23420!/:?]
	at net.minecraft.util.GsonHelper.m_13776_(GsonHelper.java:581) ~[server-1.20.1-20230612.114412-srg.jar%23420!/:?]
	at net.minecraft.server.packs.resources.SimpleJsonResourceReloadListener.m_278771_(SimpleJsonResourceReloadListener.java:41) ~[server-1.20.1-20230612.114412-srg.jar%23420!/:?]
	at net.minecraft.server.packs.resources.SimpleJsonResourceReloadListener.m_5944_(SimpleJsonResourceReloadListener.java:29) ~[server-1.20.1-20230612.114412-srg.jar%23420!/:?]
	at net.minecraft.server.packs.resources.SimpleJsonResourceReloadListener.m_5944_(SimpleJsonResourceReloadListener.java:17) ~[server-1.20.1-20230612.114412-srg.jar%23420!/:?]
	at net.minecraft.server.packs.resources.SimplePreparableReloadListener.m_10786_(SimplePreparableReloadListener.java:11) ~[server-1.20.1-20230612.114412-srg.jar%23420!/:?]
	at java.util.concurrent.CompletableFuture$AsyncSupply.run(CompletableFuture.java:1768) ~[?:?]
	at java.util.concurrent.CompletableFuture$AsyncSupply.exec(CompletableFuture.java:1760) ~[?:?]
	at java.util.concurrent.ForkJoinTask.doExec(ForkJoinTask.java:373) ~[?:?]
	at java.util.concurrent.ForkJoinPool$WorkQueue.topLevelExec(ForkJoinPool.java:1182) ~[?:?]
	at java.util.concurrent.ForkJoinPool.scan(ForkJoinPool.java:1655) ~[?:?]
	at java.util.concurrent.ForkJoinPool.runWorker(ForkJoinPool.java:1622) ~[?:?]
	at java.util.concurrent.ForkJoinWorkerThread.run(ForkJoinWorkerThread.java:165) ~[?:?]
Caused by: java.io.EOFException: End of input at line 1 column 1 path $
	at com.google.gson.stream.JsonReader.nextNonWhitespace(JsonReader.java:1455) ~[gson-2.10.jar%2372!/:?]
	at com.google.gson.stream.JsonReader.doPeek(JsonReader.java:558) ~[gson-2.10.jar%2372!/:?]
	at com.google.gson.stream.JsonReader.peek(JsonReader.java:433) ~[gson-2.10.jar%2372!/:?]
	at com.google.gson.internal.bind.TypeAdapters$28.read(TypeAdapters.java:769) ~[gson-2.10.jar%2372!/:?]
	at com.google.gson.internal.bind.TypeAdapters$28.read(TypeAdapters.java:725) ~[gson-2.10.jar%2372!/:?]
	at com.google.gson.internal.bind.TypeAdapters$34$1.read(TypeAdapters.java:1007) ~[gson-2.10.jar%2372!/:?]
	at net.minecraft.util.GsonHelper.m_13780_(GsonHelper.java:524) ~[server-1.20.1-20230612.114412-srg.jar%23420!/:?]
	... 13 more
[06Jun2026 05:46:30.982] [Worker-Main-2/ERROR] [net.minecraft.server.packs.resources.SimpleJsonResourceReloadListener/]: Couldn't parse data file irons_spellbooks:scroll_forge from irons_spellbooks:recipes/scroll_forge.json
com.google.gson.JsonParseException: java.io.EOFException: End of input at line 1 column 1 path $
	at net.minecraft.util.GsonHelper.m_13780_(GsonHelper.java:526) ~[server-1.20.1-20230612.114412-srg.jar%23420!/:?]
	at net.minecraft.util.GsonHelper.m_263475_(GsonHelper.java:531) ~[server-1.20.1-20230612.114412-srg.jar%23420!/:?]
	at net.minecraft.util.GsonHelper.m_13776_(GsonHelper.java:581) ~[server-1.20.1-20230612.114412-srg.jar%23420!/:?]
	at net.minecraft.server.packs.resources.SimpleJsonResourceReloadListener.m_278771_(SimpleJsonResourceReloadListener.java:41) ~[server-1.20.1-20230612.114412-srg.jar%23420!/:?]
	at net.minecraft.server.packs.resources.SimpleJsonResourceReloadListener.m_5944_(SimpleJsonResourceReloadListener.java:29) ~[server-1.20.1-20230612.114412-srg.jar%23420!/:?]
	at net.minecraft.server.packs.resources.SimpleJsonResourceReloadListener.m_5944_(SimpleJsonResourceReloadListener.java:17) ~[server-1.20.1-20230612.114412-srg.jar%23420!/:?]
	at net.minecraft.server.packs.resources.SimplePreparableReloadListener.m_10786_(SimplePreparableReloadListener.java:11) ~[server-1.20.1-20230612.114412-srg.jar%23420!/:?]
	at java.util.concurrent.CompletableFuture$AsyncSupply.run(CompletableFuture.java:1768) ~[?:?]
	at java.util.concurrent.CompletableFuture$AsyncSupply.exec(CompletableFuture.java:1760) ~[?:?]
	at java.util.concurrent.ForkJoinTask.doExec(ForkJoinTask.java:373) ~[?:?]
	at java.util.concurrent.ForkJoinPool$WorkQueue.topLevelExec(ForkJoinPool.java:1182) ~[?:?]
	at java.util.concurrent.ForkJoinPool.scan(ForkJoinPool.java:1655) ~[?:?]
	at java.util.concurrent.ForkJoinPool.runWorker(ForkJoinPool.java:1622) ~[?:?]
	at java.util.concurrent.ForkJoinWorkerThread.run(ForkJoinWorkerThread.java:165) ~[?:?]
Caused by: java.io.EOFException: End of input at line 1 column 1 path $
	at com.google.gson.stream.JsonReader.nextNonWhitespace(JsonReader.java:1455) ~[gson-2.10.jar%2372!/:?]
	at com.google.gson.stream.JsonReader.doPeek(JsonReader.java:558) ~[gson-2.10.jar%2372!/:?]
	at com.google.gson.stream.JsonReader.peek(JsonReader.java:433) ~[gson-2.10.jar%2372!/:?]
	at com.google.gson.internal.bind.TypeAdapters$28.read(TypeAdapters.java:769) ~[gson-2.10.jar%2372!/:?]
	at com.google.gson.internal.bind.TypeAdapters$28.read(TypeAdapters.java:725) ~[gson-2.10.jar%2372!/:?]
	at com.google.gson.internal.bind.TypeAdapters$34$1.read(TypeAdapters.java:1007) ~[gson-2.10.jar%2372!/:?]
	at net.minecraft.util.GsonHelper.m_13780_(GsonHelper.java:524) ~[server-1.20.1-20230612.114412-srg.jar%23420!/:?]
	... 13 more
[06Jun2026 05:46:30.988] [Worker-Main-2/ERROR] [net.minecraft.server.packs.resources.SimpleJsonResourceReloadListener/]: Couldn't parse data file aether:skyroot_smithing_table from aether:recipes/skyroot_smithing_table.json
com.google.gson.JsonParseException: java.io.EOFException: End of input at line 1 column 1 path $
	at net.minecraft.util.GsonHelper.m_13780_(GsonHelper.java:526) ~[server-1.20.1-20230612.114412-srg.jar%23420!/:?]
	at net.minecraft.util.GsonHelper.m_263475_(GsonHelper.java:531) ~[server-1.20.1-20230612.114412-srg.jar%23420!/:?]
	at net.minecraft.util.GsonHelper.m_13776_(GsonHelper.java:581) ~[server-1.20.1-20230612.114412-srg.jar%23420!/:?]
	at net.minecraft.server.packs.resources.SimpleJsonResourceReloadListener.m_278771_(SimpleJsonResourceReloadListener.java:41) ~[server-1.20.1-20230612.114412-srg.jar%23420!/:?]
	at net.minecraft.server.packs.resources.SimpleJsonResourceReloadListener.m_5944_(SimpleJsonResourceReloadListener.java:29) ~[server-1.20.1-20230612.114412-srg.jar%23420!/:?]
	at net.minecraft.server.packs.resources.SimpleJsonResourceReloadListener.m_5944_(SimpleJsonResourceReloadListener.java:17) ~[server-1.20.1-20230612.114412-srg.jar%23420!/:?]
	at net.minecraft.server.packs.resources.SimplePreparableReloadListener.m_10786_(SimplePreparableReloadListener.java:11) ~[server-1.20.1-20230612.114412-srg.jar%23420!/:?]
	at java.util.concurrent.CompletableFuture$AsyncSupply.run(CompletableFuture.java:1768) ~[?:?]
	at java.util.concurrent.CompletableFuture$AsyncSupply.exec(CompletableFuture.java:1760) ~[?:?]
	at java.util.concurrent.ForkJoinTask.doExec(ForkJoinTask.java:373) ~[?:?]
	at java.util.concurrent.ForkJoinPool$WorkQueue.topLevelExec(ForkJoinPool.java:1182) ~[?:?]
	at java.util.concurrent.ForkJoinPool.scan(ForkJoinPool.java:1655) ~[?:?]
	at java.util.concurrent.ForkJoinPool.runWorker(ForkJoinPool.java:1622) ~[?:?]
	at java.util.concurrent.ForkJoinWorkerThread.run(ForkJoinWorkerThread.java:165) ~[?:?]
Caused by: java.io.EOFException: End of input at line 1 column 1 path $
	at com.google.gson.stream.JsonReader.nextNonWhitespace(JsonReader.java:1455) ~[gson-2.10.jar%2372!/:?]
	at com.google.gson.stream.JsonReader.doPeek(JsonReader.java:558) ~[gson-2.10.jar%2372!/:?]
	at com.google.gson.stream.JsonReader.peek(JsonReader.java:433) ~[gson-2.10.jar%2372!/:?]
	at com.google.gson.internal.bind.TypeAdapters$28.read(TypeAdapters.java:769) ~[gson-2.10.jar%2372!/:?]
	at com.google.gson.internal.bind.TypeAdapters$28.read(TypeAdapters.java:725) ~[gson-2.10.jar%2372!/:?]
	at com.google.gson.internal.bind.TypeAdapters$34$1.read(TypeAdapters.java:1007) ~[gson-2.10.jar%2372!/:?]
	at net.minecraft.util.GsonHelper.m_13780_(GsonHelper.java:524) ~[server-1.20.1-20230612.114412-srg.jar%23420!/:?]
	... 13 more
[06Jun2026 05:46:30.991] [Worker-Main-2/ERROR] [net.minecraft.server.packs.resources.SimpleJsonResourceReloadListener/]: Couldn't parse data file efn:smithing/nf_shortsword_2 from efn:recipes/smithing/nf_shortsword_2.json
com.google.gson.JsonParseException: java.io.EOFException: End of input at line 1 column 1 path $
	at net.minecraft.util.GsonHelper.m_13780_(GsonHelper.java:526) ~[server-1.20.1-20230612.114412-srg.jar%23420!/:?]
	at net.minecraft.util.GsonHelper.m_263475_(GsonHelper.java:531) ~[server-1.20.1-20230612.114412-srg.jar%23420!/:?]
	at net.minecraft.util.GsonHelper.m_13776_(GsonHelper.java:581) ~[server-1.20.1-20230612.114412-srg.jar%23420!/:?]
	at net.minecraft.server.packs.resources.SimpleJsonResourceReloadListener.m_278771_(SimpleJsonResourceReloadListener.java:41) ~[server-1.20.1-20230612.114412-srg.jar%23420!/:?]
	at net.minecraft.server.packs.resources.SimpleJsonResourceReloadListener.m_5944_(SimpleJsonResourceReloadListener.java:29) ~[server-1.20.1-20230612.114412-srg.jar%23420!/:?]
	at net.minecraft.server.packs.resources.SimpleJsonResourceReloadListener.m_5944_(SimpleJsonResourceReloadListener.java:17) ~[server-1.20.1-20230612.114412-srg.jar%23420!/:?]
	at net.minecraft.server.packs.resources.SimplePreparableReloadListener.m_10786_(SimplePreparableReloadListener.java:11) ~[server-1.20.1-20230612.114412-srg.jar%23420!/:?]
	at java.util.concurrent.CompletableFuture$AsyncSupply.run(CompletableFuture.java:1768) ~[?:?]
	at java.util.concurrent.CompletableFuture$AsyncSupply.exec(CompletableFuture.java:1760) ~[?:?]
	at java.util.concurrent.ForkJoinTask.doExec(ForkJoinTask.java:373) ~[?:?]
	at java.util.concurrent.ForkJoinPool$WorkQueue.topLevelExec(ForkJoinPool.java:1182) ~[?:?]
	at java.util.concurrent.ForkJoinPool.scan(ForkJoinPool.java:1655) ~[?:?]
	at java.util.concurrent.ForkJoinPool.runWorker(ForkJoinPool.java:1622) ~[?:?]
	at java.util.concurrent.ForkJoinWorkerThread.run(ForkJoinWorkerThread.java:165) ~[?:?]
Caused by: java.io.EOFException: End of input at line 1 column 1 path $
	at com.google.gson.stream.JsonReader.nextNonWhitespace(JsonReader.java:1455) ~[gson-2.10.jar%2372!/:?]
	at com.google.gson.stream.JsonReader.doPeek(JsonReader.java:558) ~[gson-2.10.jar%2372!/:?]
	at com.google.gson.stream.JsonReader.peek(JsonReader.java:433) ~[gson-2.10.jar%2372!/:?]
	at com.google.gson.internal.bind.TypeAdapters$28.read(TypeAdapters.java:769) ~[gson-2.10.jar%2372!/:?]
	at com.google.gson.internal.bind.TypeAdapters$28.read(TypeAdapters.java:725) ~[gson-2.10.jar%2372!/:?]
	at com.google.gson.internal.bind.TypeAdapters$34$1.read(TypeAdapters.java:1007) ~[gson-2.10.jar%2372!/:?]
	at net.minecraft.util.GsonHelper.m_13780_(GsonHelper.java:524) ~[server-1.20.1-20230612.114412-srg.jar%23420!/:?]
	... 13 more
[06Jun2026 05:46:30.992] [Worker-Main-1/ERROR] [net.minecraft.server.packs.resources.SimpleJsonResourceReloadListener/]: Couldn't parse data file cataclysm:blazing_grips from cataclysm:recipes/blazing_grips.json
com.google.gson.JsonParseException: java.io.EOFException: End of input at line 1 column 1 path $
	at net.minecraft.util.GsonHelper.m_13780_(GsonHelper.java:526) ~[server-1.20.1-20230612.114412-srg.jar%23420!/:?]
	at net.minecraft.util.GsonHelper.m_263475_(GsonHelper.java:531) ~[server-1.20.1-20230612.114412-srg.jar%23420!/:?]
	at net.minecraft.util.GsonHelper.m_13776_(GsonHelper.java:581) ~[server-1.20.1-20230612.114412-srg.jar%23420!/:?]
	at net.minecraft.server.packs.resources.SimpleJsonResourceReloadListener.m_278771_(SimpleJsonResourceReloadListener.java:41) ~[server-1.20.1-20230612.114412-srg.jar%23420!/:?]
	at net.minecraft.server.packs.resources.SimpleJsonResourceReloadListener.m_5944_(SimpleJsonResourceReloadListener.java:29) ~[server-1.20.1-20230612.114412-srg.jar%23420!/:?]
	at net.minecraft.server.packs.resources.SimpleJsonResourceReloadListener.m_5944_(SimpleJsonResourceReloadListener.java:17) ~[server-1.20.1-20230612.114412-srg.jar%23420!/:?]
	at net.minecraft.server.packs.resources.SimplePreparableReloadListener.m_10786_(SimplePreparableReloadListener.java:11) ~[server-1.20.1-20230612.114412-srg.jar%23420!/:?]
	at java.util.concurrent.CompletableFuture$AsyncSupply.run(CompletableFuture.java:1768) ~[?:?]
	at java.util.concurrent.CompletableFuture$AsyncSupply.exec(CompletableFuture.java:1760) ~[?:?]
	at java.util.concurrent.ForkJoinTask.doExec(ForkJoinTask.java:373) ~[?:?]
	at java.util.concurrent.ForkJoinPool$WorkQueue.topLevelExec(ForkJoinPool.java:1182) ~[?:?]
	at java.util.concurrent.ForkJoinPool.scan(ForkJoinPool.java:1655) ~[?:?]
	at java.util.concurrent.ForkJoinPool.runWorker(ForkJoinPool.java:1622) ~[?:?]
	at java.util.concurrent.ForkJoinWorkerThread.run(ForkJoinWorkerThread.java:165) ~[?:?]
Caused by: java.io.EOFException: End of input at line 1 column 1 path $
	at com.google.gson.stream.JsonReader.nextNonWhitespace(JsonReader.java:1455) ~[gson-2.10.jar%2372!/:?]
	at com.google.gson.stream.JsonReader.doPeek(JsonReader.java:558) ~[gson-2.10.jar%2372!/:?]
	at com.google.gson.stream.JsonReader.peek(JsonReader.java:433) ~[gson-2.10.jar%2372!/:?]
	at com.google.gson.internal.bind.TypeAdapters$28.read(TypeAdapters.java:769) ~[gson-2.10.jar%2372!/:?]
	at com.google.gson.internal.bind.TypeAdapters$28.read(TypeAdapters.java:725) ~[gson-2.10.jar%2372!/:?]
	at com.google.gson.internal.bind.TypeAdapters$34$1.read(TypeAdapters.java:1007) ~[gson-2.10.jar%2372!/:?]
	at net.minecraft.util.GsonHelper.m_13780_(GsonHelper.java:524) ~[server-1.20.1-20230612.114412-srg.jar%23420!/:?]
	... 13 more
[06Jun2026 05:46:31.000] [Worker-Main-2/ERROR] [net.minecraft.server.packs.resources.SimpleJsonResourceReloadListener/]: Couldn't parse data file cataclysm:soul_render from cataclysm:recipes/soul_render.json
com.google.gson.JsonParseException: java.io.EOFException: End of input at line 1 column 1 path $
	at net.minecraft.util.GsonHelper.m_13780_(GsonHelper.java:526) ~[server-1.20.1-20230612.114412-srg.jar%23420!/:?]
	at net.minecraft.util.GsonHelper.m_263475_(GsonHelper.java:531) ~[server-1.20.1-20230612.114412-srg.jar%23420!/:?]
	at net.minecraft.util.GsonHelper.m_13776_(GsonHelper.java:581) ~[server-1.20.1-20230612.114412-srg.jar%23420!/:?]
	at net.minecraft.server.packs.resources.SimpleJsonResourceReloadListener.m_278771_(SimpleJsonResourceReloadListener.java:41) ~[server-1.20.1-20230612.114412-srg.jar%23420!/:?]
	at net.minecraft.server.packs.resources.SimpleJsonResourceReloadListener.m_5944_(SimpleJsonResourceReloadListener.java:29) ~[server-1.20.1-20230612.114412-srg.jar%23420!/:?]
	at net.minecraft.server.packs.resources.SimpleJsonResourceReloadListener.m_5944_(SimpleJsonResourceReloadListener.java:17) ~[server-1.20.1-20230612.114412-srg.jar%23420!/:?]
	at net.minecraft.server.packs.resources.SimplePreparableReloadListener.m_10786_(SimplePreparableReloadListener.java:11) ~[server-1.20.1-20230612.114412-srg.jar%23420!/:?]
	at java.util.concurrent.CompletableFuture$AsyncSupply.run(CompletableFuture.java:1768) ~[?:?]
	at java.util.concurrent.CompletableFuture$AsyncSupply.exec(CompletableFuture.java:1760) ~[?:?]
	at java.util.concurrent.ForkJoinTask.doExec(ForkJoinTask.java:373) ~[?:?]
	at java.util.concurrent.ForkJoinPool$WorkQueue.topLevelExec(ForkJoinPool.java:1182) ~[?:?]
	at java.util.concurrent.ForkJoinPool.scan(ForkJoinPool.java:1655) ~[?:?]
	at java.util.concurrent.ForkJoinPool.runWorker(ForkJoinPool.java:1622) ~[?:?]
	at java.util.concurrent.ForkJoinWorkerThread.run(ForkJoinWorkerThread.java:165) ~[?:?]
Caused by: java.io.EOFException: End of input at line 1 column 1 path $
	at com.google.gson.stream.JsonReader.nextNonWhitespace(JsonReader.java:1455) ~[gson-2.10.jar%2372!/:?]
	at com.google.gson.stream.JsonReader.doPeek(JsonReader.java:558) ~[gson-2.10.jar%2372!/:?]
	at com.google.gson.stream.JsonReader.peek(JsonReader.java:433) ~[gson-2.10.jar%2372!/:?]
	at com.google.gson.internal.bind.TypeAdapters$28.read(TypeAdapters.java:769) ~[gson-2.10.jar%2372!/:?]
	at com.google.gson.internal.bind.TypeAdapters$28.read(TypeAdapters.java:725) ~[gson-2.10.jar%2372!/:?]
	at com.google.gson.internal.bind.TypeAdapters$34$1.read(TypeAdapters.java:1007) ~[gson-2.10.jar%2372!/:?]
	at net.minecraft.util.GsonHelper.m_13780_(GsonHelper.java:524) ~[server-1.20.1-20230612.114412-srg.jar%23420!/:?]
	... 13 more
[06Jun2026 05:46:31.001] [Worker-Main-1/ERROR] [net.minecraft.server.packs.resources.SimpleJsonResourceReloadListener/]: Couldn't parse data file cataclysm_spellbooks:bloom_stone_staff from cataclysm_spellbooks:recipes/bloom_stone_staff.json
com.google.gson.JsonParseException: java.io.EOFException: End of input at line 1 column 1 path $
	at net.minecraft.util.GsonHelper.m_13780_(GsonHelper.java:526) ~[server-1.20.1-20230612.114412-srg.jar%23420!/:?]
	at net.minecraft.util.GsonHelper.m_263475_(GsonHelper.java:531) ~[server-1.20.1-20230612.114412-srg.jar%23420!/:?]
	at net.minecraft.util.GsonHelper.m_13776_(GsonHelper.java:581) ~[server-1.20.1-20230612.114412-srg.jar%23420!/:?]
	at net.minecraft.server.packs.resources.SimpleJsonResourceReloadListener.m_278771_(SimpleJsonResourceReloadListener.java:41) ~[server-1.20.1-20230612.114412-srg.jar%23420!/:?]
	at net.minecraft.server.packs.resources.SimpleJsonResourceReloadListener.m_5944_(SimpleJsonResourceReloadListener.java:29) ~[server-1.20.1-20230612.114412-srg.jar%23420!/:?]
	at net.minecraft.server.packs.resources.SimpleJsonResourceReloadListener.m_5944_(SimpleJsonResourceReloadListener.java:17) ~[server-1.20.1-20230612.114412-srg.jar%23420!/:?]
	at net.minecraft.server.packs.resources.SimplePreparableReloadListener.m_10786_(SimplePreparableReloadListener.java:11) ~[server-1.20.1-20230612.114412-srg.jar%23420!/:?]
	at java.util.concurrent.CompletableFuture$AsyncSupply.run(CompletableFuture.java:1768) ~[?:?]
	at java.util.concurrent.CompletableFuture$AsyncSupply.exec(CompletableFuture.java:1760) ~[?:?]
	at java.util.concurrent.ForkJoinTask.doExec(ForkJoinTask.java:373) ~[?:?]
	at java.util.concurrent.ForkJoinPool$WorkQueue.topLevelExec(ForkJoinPool.java:1182) ~[?:?]
	at java.util.concurrent.ForkJoinPool.scan(ForkJoinPool.java:1655) ~[?:?]
	at java.util.concurrent.ForkJoinPool.runWorker(ForkJoinPool.java:1622) ~[?:?]
	at java.util.concurrent.ForkJoinWorkerThread.run(ForkJoinWorkerThread.java:165) ~[?:?]
Caused by: java.io.EOFException: End of input at line 1 column 1 path $
	at com.google.gson.stream.JsonReader.nextNonWhitespace(JsonReader.java:1455) ~[gson-2.10.jar%2372!/:?]
	at com.google.gson.stream.JsonReader.doPeek(JsonReader.java:558) ~[gson-2.10.jar%2372!/:?]
	at com.google.gson.stream.JsonReader.peek(JsonReader.java:433) ~[gson-2.10.jar%2372!/:?]
	at com.google.gson.internal.bind.TypeAdapters$28.read(TypeAdapters.java:769) ~[gson-2.10.jar%2372!/:?]
	at com.google.gson.internal.bind.TypeAdapters$28.read(TypeAdapters.java:725) ~[gson-2.10.jar%2372!/:?]
	at com.google.gson.internal.bind.TypeAdapters$34$1.read(TypeAdapters.java:1007) ~[gson-2.10.jar%2372!/:?]
	at net.minecraft.util.GsonHelper.m_13780_(GsonHelper.java:524) ~[server-1.20.1-20230612.114412-srg.jar%23420!/:?]
	... 13 more
[06Jun2026 05:46:31.002] [Worker-Main-2/ERROR] [net.minecraft.server.packs.resources.SimpleJsonResourceReloadListener/]: Couldn't parse data file irons_spellbooks:spellbreaker from irons_spellbooks:recipes/spellbreaker.json
com.google.gson.JsonParseException: java.io.EOFException: End of input at line 1 column 1 path $
	at net.minecraft.util.GsonHelper.m_13780_(GsonHelper.java:526) ~[server-1.20.1-20230612.114412-srg.jar%23420!/:?]
	at net.minecraft.util.GsonHelper.m_263475_(GsonHelper.java:531) ~[server-1.20.1-20230612.114412-srg.jar%23420!/:?]
	at net.minecraft.util.GsonHelper.m_13776_(GsonHelper.java:581) ~[server-1.20.1-20230612.114412-srg.jar%23420!/:?]
	at net.minecraft.server.packs.resources.SimpleJsonResourceReloadListener.m_278771_(SimpleJsonResourceReloadListener.java:41) ~[server-1.20.1-20230612.114412-srg.jar%23420!/:?]
	at net.minecraft.server.packs.resources.SimpleJsonResourceReloadListener.m_5944_(SimpleJsonResourceReloadListener.java:29) ~[server-1.20.1-20230612.114412-srg.jar%23420!/:?]
	at net.minecraft.server.packs.resources.SimpleJsonResourceReloadListener.m_5944_(SimpleJsonResourceReloadListener.java:17) ~[server-1.20.1-20230612.114412-srg.jar%23420!/:?]
	at net.minecraft.server.packs.resources.SimplePreparableReloadListener.m_10786_(SimplePreparableReloadListener.java:11) ~[server-1.20.1-20230612.114412-srg.jar%23420!/:?]
	at java.util.concurrent.CompletableFuture$AsyncSupply.run(CompletableFuture.java:1768) ~[?:?]
	at java.util.concurrent.CompletableFuture$AsyncSupply.exec(CompletableFuture.java:1760) ~[?:?]
	at java.util.concurrent.ForkJoinTask.doExec(ForkJoinTask.java:373) ~[?:?]
	at java.util.concurrent.ForkJoinPool$WorkQueue.topLevelExec(ForkJoinPool.java:1182) ~[?:?]
	at java.util.concurrent.ForkJoinPool.scan(ForkJoinPool.java:1655) ~[?:?]
	at java.util.concurrent.ForkJoinPool.runWorker(ForkJoinPool.java:1622) ~[?:?]
	at java.util.concurrent.ForkJoinWorkerThread.run(ForkJoinWorkerThread.java:165) ~[?:?]
Caused by: java.io.EOFException: End of input at line 1 column 1 path $
	at com.google.gson.stream.JsonReader.nextNonWhitespace(JsonReader.java:1455) ~[gson-2.10.jar%2372!/:?]
	at com.google.gson.stream.JsonReader.doPeek(JsonReader.java:558) ~[gson-2.10.jar%2372!/:?]
	at com.google.gson.stream.JsonReader.peek(JsonReader.java:433) ~[gson-2.10.jar%2372!/:?]
	at com.google.gson.internal.bind.TypeAdapters$28.read(TypeAdapters.java:769) ~[gson-2.10.jar%2372!/:?]
	at com.google.gson.internal.bind.TypeAdapters$28.read(TypeAdapters.java:725) ~[gson-2.10.jar%2372!/:?]
	at com.google.gson.internal.bind.TypeAdapters$34$1.read(TypeAdapters.java:1007) ~[gson-2.10.jar%2372!/:?]
	at net.minecraft.util.GsonHelper.m_13780_(GsonHelper.java:524) ~[server-1.20.1-20230612.114412-srg.jar%23420!/:?]
	... 13 more
[06Jun2026 05:46:31.006] [Worker-Main-1/ERROR] [net.minecraft.server.packs.resources.SimpleJsonResourceReloadListener/]: Couldn't parse data file irons_spellbooks:boreal_blade from irons_spellbooks:recipes/boreal_blade.json
com.google.gson.JsonParseException: java.io.EOFException: End of input at line 1 column 1 path $
	at net.minecraft.util.GsonHelper.m_13780_(GsonHelper.java:526) ~[server-1.20.1-20230612.114412-srg.jar%23420!/:?]
	at net.minecraft.util.GsonHelper.m_263475_(GsonHelper.java:531) ~[server-1.20.1-20230612.114412-srg.jar%23420!/:?]
	at net.minecraft.util.GsonHelper.m_13776_(GsonHelper.java:581) ~[server-1.20.1-20230612.114412-srg.jar%23420!/:?]
	at net.minecraft.server.packs.resources.SimpleJsonResourceReloadListener.m_278771_(SimpleJsonResourceReloadListener.java:41) ~[server-1.20.1-20230612.114412-srg.jar%23420!/:?]
	at net.minecraft.server.packs.resources.SimpleJsonResourceReloadListener.m_5944_(SimpleJsonResourceReloadListener.java:29) ~[server-1.20.1-20230612.114412-srg.jar%23420!/:?]
	at net.minecraft.server.packs.resources.SimpleJsonResourceReloadListener.m_5944_(SimpleJsonResourceReloadListener.java:17) ~[server-1.20.1-20230612.114412-srg.jar%23420!/:?]
	at net.minecraft.server.packs.resources.SimplePreparableReloadListener.m_10786_(SimplePreparableReloadListener.java:11) ~[server-1.20.1-20230612.114412-srg.jar%23420!/:?]
	at java.util.concurrent.CompletableFuture$AsyncSupply.run(CompletableFuture.java:1768) ~[?:?]
	at java.util.concurrent.CompletableFuture$AsyncSupply.exec(CompletableFuture.java:1760) ~[?:?]
	at java.util.concurrent.ForkJoinTask.doExec(ForkJoinTask.java:373) ~[?:?]
	at java.util.concurrent.ForkJoinPool$WorkQueue.topLevelExec(ForkJoinPool.java:1182) ~[?:?]
	at java.util.concurrent.ForkJoinPool.scan(ForkJoinPool.java:1655) ~[?:?]
	at java.util.concurrent.ForkJoinPool.runWorker(ForkJoinPool.java:1622) ~[?:?]
	at java.util.concurrent.ForkJoinWorkerThread.run(ForkJoinWorkerThread.java:165) ~[?:?]
Caused by: java.io.EOFException: End of input at line 1 column 1 path $
	at com.google.gson.stream.JsonReader.nextNonWhitespace(JsonReader.java:1455) ~[gson-2.10.jar%2372!/:?]
	at com.google.gson.stream.JsonReader.doPeek(JsonReader.java:558) ~[gson-2.10.jar%2372!/:?]
	at com.google.gson.stream.JsonReader.peek(JsonReader.java:433) ~[gson-2.10.jar%2372!/:?]
	at com.google.gson.internal.bind.TypeAdapters$28.read(TypeAdapters.java:769) ~[gson-2.10.jar%2372!/:?]
	at com.google.gson.internal.bind.TypeAdapters$28.read(TypeAdapters.java:725) ~[gson-2.10.jar%2372!/:?]
	at com.google.gson.internal.bind.TypeAdapters$34$1.read(TypeAdapters.java:1007) ~[gson-2.10.jar%2372!/:?]
	at net.minecraft.util.GsonHelper.m_13780_(GsonHelper.java:524) ~[server-1.20.1-20230612.114412-srg.jar%23420!/:?]
	... 13 more
[06Jun2026 05:46:31.012] [Worker-Main-1/ERROR] [net.minecraft.server.packs.resources.SimpleJsonResourceReloadListener/]: Couldn't parse data file efn:broadblade from efn:recipes/broadblade.json
com.google.gson.JsonParseException: java.io.EOFException: End of input at line 1 column 1 path $
	at net.minecraft.util.GsonHelper.m_13780_(GsonHelper.java:526) ~[server-1.20.1-20230612.114412-srg.jar%23420!/:?]
	at net.minecraft.util.GsonHelper.m_263475_(GsonHelper.java:531) ~[server-1.20.1-20230612.114412-srg.jar%23420!/:?]
	at net.minecraft.util.GsonHelper.m_13776_(GsonHelper.java:581) ~[server-1.20.1-20230612.114412-srg.jar%23420!/:?]
	at net.minecraft.server.packs.resources.SimpleJsonResourceReloadListener.m_278771_(SimpleJsonResourceReloadListener.java:41) ~[server-1.20.1-20230612.114412-srg.jar%23420!/:?]
	at net.minecraft.server.packs.resources.SimpleJsonResourceReloadListener.m_5944_(SimpleJsonResourceReloadListener.java:29) ~[server-1.20.1-20230612.114412-srg.jar%23420!/:?]
	at net.minecraft.server.packs.resources.SimpleJsonResourceReloadListener.m_5944_(SimpleJsonResourceReloadListener.java:17) ~[server-1.20.1-20230612.114412-srg.jar%23420!/:?]
	at net.minecraft.server.packs.resources.SimplePreparableReloadListener.m_10786_(SimplePreparableReloadListener.java:11) ~[server-1.20.1-20230612.114412-srg.jar%23420!/:?]
	at java.util.concurrent.CompletableFuture$AsyncSupply.run(CompletableFuture.java:1768) ~[?:?]
	at java.util.concurrent.CompletableFuture$AsyncSupply.exec(CompletableFuture.java:1760) ~[?:?]
	at java.util.concurrent.ForkJoinTask.doExec(ForkJoinTask.java:373) ~[?:?]
	at java.util.concurrent.ForkJoinPool$WorkQueue.topLevelExec(ForkJoinPool.java:1182) ~[?:?]
	at java.util.concurrent.ForkJoinPool.scan(ForkJoinPool.java:1655) ~[?:?]
	at java.util.concurrent.ForkJoinPool.runWorker(ForkJoinPool.java:1622) ~[?:?]
	at java.util.concurrent.ForkJoinWorkerThread.run(ForkJoinWorkerThread.java:165) ~[?:?]
Caused by: java.io.EOFException: End of input at line 1 column 1 path $
	at com.google.gson.stream.JsonReader.nextNonWhitespace(JsonReader.java:1455) ~[gson-2.10.jar%2372!/:?]
	at com.google.gson.stream.JsonReader.doPeek(JsonReader.java:558) ~[gson-2.10.jar%2372!/:?]
	at com.google.gson.stream.JsonReader.peek(JsonReader.java:433) ~[gson-2.10.jar%2372!/:?]
	at com.google.gson.internal.bind.TypeAdapters$28.read(TypeAdapters.java:769) ~[gson-2.10.jar%2372!/:?]
	at com.google.gson.internal.bind.TypeAdapters$28.read(TypeAdapters.java:725) ~[gson-2.10.jar%2372!/:?]
	at com.google.gson.internal.bind.TypeAdapters$34$1.read(TypeAdapters.java:1007) ~[gson-2.10.jar%2372!/:?]
	at net.minecraft.util.GsonHelper.m_13780_(GsonHelper.java:524) ~[server-1.20.1-20230612.114412-srg.jar%23420!/:?]
	... 13 more
[06Jun2026 05:46:31.020] [Worker-Main-2/ERROR] [net.minecraft.server.packs.resources.SimpleJsonResourceReloadListener/]: Couldn't parse data file efn:sword_of_pioneer from efn:recipes/sword_of_pioneer.json
com.google.gson.JsonParseException: java.io.EOFException: End of input at line 1 column 1 path $
	at net.minecraft.util.GsonHelper.m_13780_(GsonHelper.java:526) ~[server-1.20.1-20230612.114412-srg.jar%23420!/:?]
	at net.minecraft.util.GsonHelper.m_263475_(GsonHelper.java:531) ~[server-1.20.1-20230612.114412-srg.jar%23420!/:?]
	at net.minecraft.util.GsonHelper.m_13776_(GsonHelper.java:581) ~[server-1.20.1-20230612.114412-srg.jar%23420!/:?]
	at net.minecraft.server.packs.resources.SimpleJsonResourceReloadListener.m_278771_(SimpleJsonResourceReloadListener.java:41) ~[server-1.20.1-20230612.114412-srg.jar%23420!/:?]
	at net.minecraft.server.packs.resources.SimpleJsonResourceReloadListener.m_5944_(SimpleJsonResourceReloadListener.java:29) ~[server-1.20.1-20230612.114412-srg.jar%23420!/:?]
	at net.minecraft.server.packs.resources.SimpleJsonResourceReloadListener.m_5944_(SimpleJsonResourceReloadListener.java:17) ~[server-1.20.1-20230612.114412-srg.jar%23420!/:?]
	at net.minecraft.server.packs.resources.SimplePreparableReloadListener.m_10786_(SimplePreparableReloadListener.java:11) ~[server-1.20.1-20230612.114412-srg.jar%23420!/:?]
	at java.util.concurrent.CompletableFuture$AsyncSupply.run(CompletableFuture.java:1768) ~[?:?]
	at java.util.concurrent.CompletableFuture$AsyncSupply.exec(CompletableFuture.java:1760) ~[?:?]
	at java.util.concurrent.ForkJoinTask.doExec(ForkJoinTask.java:373) ~[?:?]
	at java.util.concurrent.ForkJoinPool$WorkQueue.topLevelExec(ForkJoinPool.java:1182) ~[?:?]
	at java.util.concurrent.ForkJoinPool.scan(ForkJoinPool.java:1655) ~[?:?]
	at java.util.concurrent.ForkJoinPool.runWorker(ForkJoinPool.java:1622) ~[?:?]
	at java.util.concurrent.ForkJoinWorkerThread.run(ForkJoinWorkerThread.java:165) ~[?:?]
Caused by: java.io.EOFException: End of input at line 1 column 1 path $
	at com.google.gson.stream.JsonReader.nextNonWhitespace(JsonReader.java:1455) ~[gson-2.10.jar%2372!/:?]
	at com.google.gson.stream.JsonReader.doPeek(JsonReader.java:558) ~[gson-2.10.jar%2372!/:?]
	at com.google.gson.stream.JsonReader.peek(JsonReader.java:433) ~[gson-2.10.jar%2372!/:?]
	at com.google.gson.internal.bind.TypeAdapters$28.read(TypeAdapters.java:769) ~[gson-2.10.jar%2372!/:?]
	at com.google.gson.internal.bind.TypeAdapters$28.read(TypeAdapters.java:725) ~[gson-2.10.jar%2372!/:?]
	at com.google.gson.internal.bind.TypeAdapters$34$1.read(TypeAdapters.java:1007) ~[gson-2.10.jar%2372!/:?]
	at net.minecraft.util.GsonHelper.m_13780_(GsonHelper.java:524) ~[server-1.20.1-20230612.114412-srg.jar%23420!/:?]
	... 13 more
[06Jun2026 05:46:31.021] [Worker-Main-2/ERROR] [net.minecraft.server.packs.resources.SimpleJsonResourceReloadListener/]: Couldn't parse data file fromtheshadows:thirst_for_blood from fromtheshadows:recipes/thirst_for_blood.json
com.google.gson.JsonParseException: java.io.EOFException: End of input at line 1 column 1 path $
	at net.minecraft.util.GsonHelper.m_13780_(GsonHelper.java:526) ~[server-1.20.1-20230612.114412-srg.jar%23420!/:?]
	at net.minecraft.util.GsonHelper.m_263475_(GsonHelper.java:531) ~[server-1.20.1-20230612.114412-srg.jar%23420!/:?]
	at net.minecraft.util.GsonHelper.m_13776_(GsonHelper.java:581) ~[server-1.20.1-20230612.114412-srg.jar%23420!/:?]
	at net.minecraft.server.packs.resources.SimpleJsonResourceReloadListener.m_278771_(SimpleJsonResourceReloadListener.java:41) ~[server-1.20.1-20230612.114412-srg.jar%23420!/:?]
	at net.minecraft.server.packs.resources.SimpleJsonResourceReloadListener.m_5944_(SimpleJsonResourceReloadListener.java:29) ~[server-1.20.1-20230612.114412-srg.jar%23420!/:?]
	at net.minecraft.server.packs.resources.SimpleJsonResourceReloadListener.m_5944_(SimpleJsonResourceReloadListener.java:17) ~[server-1.20.1-20230612.114412-srg.jar%23420!/:?]
	at net.minecraft.server.packs.resources.SimplePreparableReloadListener.m_10786_(SimplePreparableReloadListener.java:11) ~[server-1.20.1-20230612.114412-srg.jar%23420!/:?]
	at java.util.concurrent.CompletableFuture$AsyncSupply.run(CompletableFuture.java:1768) ~[?:?]
	at java.util.concurrent.CompletableFuture$AsyncSupply.exec(CompletableFuture.java:1760) ~[?:?]
	at java.util.concurrent.ForkJoinTask.doExec(ForkJoinTask.java:373) ~[?:?]
	at java.util.concurrent.ForkJoinPool$WorkQueue.topLevelExec(ForkJoinPool.java:1182) ~[?:?]
	at java.util.concurrent.ForkJoinPool.scan(ForkJoinPool.java:1655) ~[?:?]
	at java.util.concurrent.ForkJoinPool.runWorker(ForkJoinPool.java:1622) ~[?:?]
	at java.util.concurrent.ForkJoinWorkerThread.run(ForkJoinWorkerThread.java:165) ~[?:?]
Caused by: java.io.EOFException: End of input at line 1 column 1 path $
	at com.google.gson.stream.JsonReader.nextNonWhitespace(JsonReader.java:1455) ~[gson-2.10.jar%2372!/:?]
	at com.google.gson.stream.JsonReader.doPeek(JsonReader.java:558) ~[gson-2.10.jar%2372!/:?]
	at com.google.gson.stream.JsonReader.peek(JsonReader.java:433) ~[gson-2.10.jar%2372!/:?]
	at com.google.gson.internal.bind.TypeAdapters$28.read(TypeAdapters.java:769) ~[gson-2.10.jar%2372!/:?]
	at com.google.gson.internal.bind.TypeAdapters$28.read(TypeAdapters.java:725) ~[gson-2.10.jar%2372!/:?]
	at com.google.gson.internal.bind.TypeAdapters$34$1.read(TypeAdapters.java:1007) ~[gson-2.10.jar%2372!/:?]
	at net.minecraft.util.GsonHelper.m_13780_(GsonHelper.java:524) ~[server-1.20.1-20230612.114412-srg.jar%23420!/:?]
	... 13 more
[06Jun2026 05:46:31.027] [Worker-Main-2/ERROR] [net.minecraft.server.packs.resources.SimpleJsonResourceReloadListener/]: Couldn't parse data file irons_spellbooks:twilight_gale from irons_spellbooks:recipes/twilight_gale.json
com.google.gson.JsonParseException: java.io.EOFException: End of input at line 1 column 1 path $
	at net.minecraft.util.GsonHelper.m_13780_(GsonHelper.java:526) ~[server-1.20.1-20230612.114412-srg.jar%23420!/:?]
	at net.minecraft.util.GsonHelper.m_263475_(GsonHelper.java:531) ~[server-1.20.1-20230612.114412-srg.jar%23420!/:?]
	at net.minecraft.util.GsonHelper.m_13776_(GsonHelper.java:581) ~[server-1.20.1-20230612.114412-srg.jar%23420!/:?]
	at net.minecraft.server.packs.resources.SimpleJsonResourceReloadListener.m_278771_(SimpleJsonResourceReloadListener.java:41) ~[server-1.20.1-20230612.114412-srg.jar%23420!/:?]
	at net.minecraft.server.packs.resources.SimpleJsonResourceReloadListener.m_5944_(SimpleJsonResourceReloadListener.java:29) ~[server-1.20.1-20230612.114412-srg.jar%23420!/:?]
	at net.minecraft.server.packs.resources.SimpleJsonResourceReloadListener.m_5944_(SimpleJsonResourceReloadListener.java:17) ~[server-1.20.1-20230612.114412-srg.jar%23420!/:?]
	at net.minecraft.server.packs.resources.SimplePreparableReloadListener.m_10786_(SimplePreparableReloadListener.java:11) ~[server-1.20.1-20230612.114412-srg.jar%23420!/:?]
	at java.util.concurrent.CompletableFuture$AsyncSupply.run(CompletableFuture.java:1768) ~[?:?]
	at java.util.concurrent.CompletableFuture$AsyncSupply.exec(CompletableFuture.java:1760) ~[?:?]
	at java.util.concurrent.ForkJoinTask.doExec(ForkJoinTask.java:373) ~[?:?]
	at java.util.concurrent.ForkJoinPool$WorkQueue.topLevelExec(ForkJoinPool.java:1182) ~[?:?]
	at java.util.concurrent.ForkJoinPool.scan(ForkJoinPool.java:1655) ~[?:?]
	at java.util.concurrent.ForkJoinPool.runWorker(ForkJoinPool.java:1622) ~[?:?]
	at java.util.concurrent.ForkJoinWorkerThread.run(ForkJoinWorkerThread.java:165) ~[?:?]
Caused by: java.io.EOFException: End of input at line 1 column 1 path $
	at com.google.gson.stream.JsonReader.nextNonWhitespace(JsonReader.java:1455) ~[gson-2.10.jar%2372!/:?]
	at com.google.gson.stream.JsonReader.doPeek(JsonReader.java:558) ~[gson-2.10.jar%2372!/:?]
	at com.google.gson.stream.JsonReader.peek(JsonReader.java:433) ~[gson-2.10.jar%2372!/:?]
	at com.google.gson.internal.bind.TypeAdapters$28.read(TypeAdapters.java:769) ~[gson-2.10.jar%2372!/:?]
	at com.google.gson.internal.bind.TypeAdapters$28.read(TypeAdapters.java:725) ~[gson-2.10.jar%2372!/:?]
	at com.google.gson.internal.bind.TypeAdapters$34$1.read(TypeAdapters.java:1007) ~[gson-2.10.jar%2372!/:?]
	at net.minecraft.util.GsonHelper.m_13780_(GsonHelper.java:524) ~[server-1.20.1-20230612.114412-srg.jar%23420!/:?]
	... 13 more
[06Jun2026 05:46:31.028] [Worker-Main-2/ERROR] [net.minecraft.server.packs.resources.SimpleJsonResourceReloadListener/]: Couldn't parse data file cataclysm_spellbooks:void_staff from cataclysm_spellbooks:recipes/void_staff.json
com.google.gson.JsonParseException: java.io.EOFException: End of input at line 1 column 1 path $
	at net.minecraft.util.GsonHelper.m_13780_(GsonHelper.java:526) ~[server-1.20.1-20230612.114412-srg.jar%23420!/:?]
	at net.minecraft.util.GsonHelper.m_263475_(GsonHelper.java:531) ~[server-1.20.1-20230612.114412-srg.jar%23420!/:?]
	at net.minecraft.util.GsonHelper.m_13776_(GsonHelper.java:581) ~[server-1.20.1-20230612.114412-srg.jar%23420!/:?]
	at net.minecraft.server.packs.resources.SimpleJsonResourceReloadListener.m_278771_(SimpleJsonResourceReloadListener.java:41) ~[server-1.20.1-20230612.114412-srg.jar%23420!/:?]
	at net.minecraft.server.packs.resources.SimpleJsonResourceReloadListener.m_5944_(SimpleJsonResourceReloadListener.java:29) ~[server-1.20.1-20230612.114412-srg.jar%23420!/:?]
	at net.minecraft.server.packs.resources.SimpleJsonResourceReloadListener.m_5944_(SimpleJsonResourceReloadListener.java:17) ~[server-1.20.1-20230612.114412-srg.jar%23420!/:?]
	at net.minecraft.server.packs.resources.SimplePreparableReloadListener.m_10786_(SimplePreparableReloadListener.java:11) ~[server-1.20.1-20230612.114412-srg.jar%23420!/:?]
	at java.util.concurrent.CompletableFuture$AsyncSupply.run(CompletableFuture.java:1768) ~[?:?]
	at java.util.concurrent.CompletableFuture$AsyncSupply.exec(CompletableFuture.java:1760) ~[?:?]
	at java.util.concurrent.ForkJoinTask.doExec(ForkJoinTask.java:373) ~[?:?]
	at java.util.concurrent.ForkJoinPool$WorkQueue.topLevelExec(ForkJoinPool.java:1182) ~[?:?]
	at java.util.concurrent.ForkJoinPool.scan(ForkJoinPool.java:1655) ~[?:?]
	at java.util.concurrent.ForkJoinPool.runWorker(ForkJoinPool.java:1622) ~[?:?]
	at java.util.concurrent.ForkJoinWorkerThread.run(ForkJoinWorkerThread.java:165) ~[?:?]
Caused by: java.io.EOFException: End of input at line 1 column 1 path $
	at com.google.gson.stream.JsonReader.nextNonWhitespace(JsonReader.java:1455) ~[gson-2.10.jar%2372!/:?]
	at com.google.gson.stream.JsonReader.doPeek(JsonReader.java:558) ~[gson-2.10.jar%2372!/:?]
	at com.google.gson.stream.JsonReader.peek(JsonReader.java:433) ~[gson-2.10.jar%2372!/:?]
	at com.google.gson.internal.bind.TypeAdapters$28.read(TypeAdapters.java:769) ~[gson-2.10.jar%2372!/:?]
	at com.google.gson.internal.bind.TypeAdapters$28.read(TypeAdapters.java:725) ~[gson-2.10.jar%2372!/:?]
	at com.google.gson.internal.bind.TypeAdapters$34$1.read(TypeAdapters.java:1007) ~[gson-2.10.jar%2372!/:?]
	at net.minecraft.util.GsonHelper.m_13780_(GsonHelper.java:524) ~[server-1.20.1-20230612.114412-srg.jar%23420!/:?]
	... 13 more
[06Jun2026 05:46:31.032] [Worker-Main-2/ERROR] [net.minecraft.server.packs.resources.SimpleJsonResourceReloadListener/]: Couldn't parse data file cataclysm:weapon_infusion/gauntlet_of_bulwark from cataclysm:recipes/weapon_infusion/gauntlet_of_bulwark.json
com.google.gson.JsonParseException: java.io.EOFException: End of input at line 1 column 1 path $
	at net.minecraft.util.GsonHelper.m_13780_(GsonHelper.java:526) ~[server-1.20.1-20230612.114412-srg.jar%23420!/:?]
	at net.minecraft.util.GsonHelper.m_263475_(GsonHelper.java:531) ~[server-1.20.1-20230612.114412-srg.jar%23420!/:?]
	at net.minecraft.util.GsonHelper.m_13776_(GsonHelper.java:581) ~[server-1.20.1-20230612.114412-srg.jar%23420!/:?]
	at net.minecraft.server.packs.resources.SimpleJsonResourceReloadListener.m_278771_(SimpleJsonResourceReloadListener.java:41) ~[server-1.20.1-20230612.114412-srg.jar%23420!/:?]
	at net.minecraft.server.packs.resources.SimpleJsonResourceReloadListener.m_5944_(SimpleJsonResourceReloadListener.java:29) ~[server-1.20.1-20230612.114412-srg.jar%23420!/:?]
	at net.minecraft.server.packs.resources.SimpleJsonResourceReloadListener.m_5944_(SimpleJsonResourceReloadListener.java:17) ~[server-1.20.1-20230612.114412-srg.jar%23420!/:?]
	at net.minecraft.server.packs.resources.SimplePreparableReloadListener.m_10786_(SimplePreparableReloadListener.java:11) ~[server-1.20.1-20230612.114412-srg.jar%23420!/:?]
	at java.util.concurrent.CompletableFuture$AsyncSupply.run(CompletableFuture.java:1768) ~[?:?]
	at java.util.concurrent.CompletableFuture$AsyncSupply.exec(CompletableFuture.java:1760) ~[?:?]
	at java.util.concurrent.ForkJoinTask.doExec(ForkJoinTask.java:373) ~[?:?]
	at java.util.concurrent.ForkJoinPool$WorkQueue.topLevelExec(ForkJoinPool.java:1182) ~[?:?]
	at java.util.concurrent.ForkJoinPool.scan(ForkJoinPool.java:1655) ~[?:?]
	at java.util.concurrent.ForkJoinPool.runWorker(ForkJoinPool.java:1622) ~[?:?]
	at java.util.concurrent.ForkJoinWorkerThread.run(ForkJoinWorkerThread.java:165) ~[?:?]
Caused by: java.io.EOFException: End of input at line 1 column 1 path $
	at com.google.gson.stream.JsonReader.nextNonWhitespace(JsonReader.java:1455) ~[gson-2.10.jar%2372!/:?]
	at com.google.gson.stream.JsonReader.doPeek(JsonReader.java:558) ~[gson-2.10.jar%2372!/:?]
	at com.google.gson.stream.JsonReader.peek(JsonReader.java:433) ~[gson-2.10.jar%2372!/:?]
	at com.google.gson.internal.bind.TypeAdapters$28.read(TypeAdapters.java:769) ~[gson-2.10.jar%2372!/:?]
	at com.google.gson.internal.bind.TypeAdapters$28.read(TypeAdapters.java:725) ~[gson-2.10.jar%2372!/:?]
	at com.google.gson.internal.bind.TypeAdapters$34$1.read(TypeAdapters.java:1007) ~[gson-2.10.jar%2372!/:?]
	at net.minecraft.util.GsonHelper.m_13780_(GsonHelper.java:524) ~[server-1.20.1-20230612.114412-srg.jar%23420!/:?]
	... 13 more
[06Jun2026 05:46:31.231] [Worker-Main-2/ERROR] [net.minecraft.server.packs.resources.SimpleJsonResourceReloadListener/]: Couldn't parse data file cataclysm:weapon_infusion/gauntlet_of_maelstrom from cataclysm:recipes/weapon_infusion/gauntlet_of_maelstrom.json
com.google.gson.JsonParseException: java.io.EOFException: End of input at line 1 column 1 path $
	at net.minecraft.util.GsonHelper.m_13780_(GsonHelper.java:526) ~[server-1.20.1-20230612.114412-srg.jar%23420!/:?]
	at net.minecraft.util.GsonHelper.m_263475_(GsonHelper.java:531) ~[server-1.20.1-20230612.114412-srg.jar%23420!/:?]
	at net.minecraft.util.GsonHelper.m_13776_(GsonHelper.java:581) ~[server-1.20.1-20230612.114412-srg.jar%23420!/:?]
	at net.minecraft.server.packs.resources.SimpleJsonResourceReloadListener.m_278771_(SimpleJsonResourceReloadListener.java:41) ~[server-1.20.1-20230612.114412-srg.jar%23420!/:?]
	at net.minecraft.server.packs.resources.SimpleJsonResourceReloadListener.m_5944_(SimpleJsonResourceReloadListener.java:29) ~[server-1.20.1-20230612.114412-srg.jar%23420!/:?]
	at net.minecraft.server.packs.resources.SimpleJsonResourceReloadListener.m_5944_(SimpleJsonResourceReloadListener.java:17) ~[server-1.20.1-20230612.114412-srg.jar%23420!/:?]
	at net.minecraft.server.packs.resources.SimplePreparableReloadListener.m_10786_(SimplePreparableReloadListener.java:11) ~[server-1.20.1-20230612.114412-srg.jar%23420!/:?]
	at java.util.concurrent.CompletableFuture$AsyncSupply.run(CompletableFuture.java:1768) ~[?:?]
	at java.util.concurrent.CompletableFuture$AsyncSupply.exec(CompletableFuture.java:1760) ~[?:?]
	at java.util.concurrent.ForkJoinTask.doExec(ForkJoinTask.java:373) ~[?:?]
	at java.util.concurrent.ForkJoinPool$WorkQueue.topLevelExec(ForkJoinPool.java:1182) ~[?:?]
	at java.util.concurrent.ForkJoinPool.scan(ForkJoinPool.java:1655) ~[?:?]
	at java.util.concurrent.ForkJoinPool.runWorker(ForkJoinPool.java:1622) ~[?:?]
	at java.util.concurrent.ForkJoinWorkerThread.run(ForkJoinWorkerThread.java:165) ~[?:?]
Caused by: java.io.EOFException: End of input at line 1 column 1 path $
	at com.google.gson.stream.JsonReader.nextNonWhitespace(JsonReader.java:1455) ~[gson-2.10.jar%2372!/:?]
	at com.google.gson.stream.JsonReader.doPeek(JsonReader.java:558) ~[gson-2.10.jar%2372!/:?]
	at com.google.gson.stream.JsonReader.peek(JsonReader.java:433) ~[gson-2.10.jar%2372!/:?]
	at com.google.gson.internal.bind.TypeAdapters$28.read(TypeAdapters.java:769) ~[gson-2.10.jar%2372!/:?]
	at com.google.gson.internal.bind.TypeAdapters$28.read(TypeAdapters.java:725) ~[gson-2.10.jar%2372!/:?]
	at com.google.gson.internal.bind.TypeAdapters$34$1.read(TypeAdapters.java:1007) ~[gson-2.10.jar%2372!/:?]
	at net.minecraft.util.GsonHelper.m_13780_(GsonHelper.java:524) ~[server-1.20.1-20230612.114412-srg.jar%23420!/:?]
	... 13 more
[06Jun2026 05:46:31.241] [Worker-Main-2/ERROR] [net.minecraft.server.packs.resources.SimpleJsonResourceReloadListener/]: Couldn't parse data file cataclysm:weapon_infusion/the_immolator from cataclysm:recipes/weapon_infusion/the_immolator.json
com.google.gson.JsonParseException: java.io.EOFException: End of input at line 1 column 1 path $
	at net.minecraft.util.GsonHelper.m_13780_(GsonHelper.java:526) ~[server-1.20.1-20230612.114412-srg.jar%23420!/:?]
	at net.minecraft.util.GsonHelper.m_263475_(GsonHelper.java:531) ~[server-1.20.1-20230612.114412-srg.jar%23420!/:?]
	at net.minecraft.util.GsonHelper.m_13776_(GsonHelper.java:581) ~[server-1.20.1-20230612.114412-srg.jar%23420!/:?]
	at net.minecraft.server.packs.resources.SimpleJsonResourceReloadListener.m_278771_(SimpleJsonResourceReloadListener.java:41) ~[server-1.20.1-20230612.114412-srg.jar%23420!/:?]
	at net.minecraft.server.packs.resources.SimpleJsonResourceReloadListener.m_5944_(SimpleJsonResourceReloadListener.java:29) ~[server-1.20.1-20230612.114412-srg.jar%23420!/:?]
	at net.minecraft.server.packs.resources.SimpleJsonResourceReloadListener.m_5944_(SimpleJsonResourceReloadListener.java:17) ~[server-1.20.1-20230612.114412-srg.jar%23420!/:?]
	at net.minecraft.server.packs.resources.SimplePreparableReloadListener.m_10786_(SimplePreparableReloadListener.java:11) ~[server-1.20.1-20230612.114412-srg.jar%23420!/:?]
	at java.util.concurrent.CompletableFuture$AsyncSupply.run(CompletableFuture.java:1768) ~[?:?]
	at java.util.concurrent.CompletableFuture$AsyncSupply.exec(CompletableFuture.java:1760) ~[?:?]
	at java.util.concurrent.ForkJoinTask.doExec(ForkJoinTask.java:373) ~[?:?]
	at java.util.concurrent.ForkJoinPool$WorkQueue.topLevelExec(ForkJoinPool.java:1182) ~[?:?]
	at java.util.concurrent.ForkJoinPool.scan(ForkJoinPool.java:1655) ~[?:?]
	at java.util.concurrent.ForkJoinPool.runWorker(ForkJoinPool.java:1622) ~[?:?]
	at java.util.concurrent.ForkJoinWorkerThread.run(ForkJoinWorkerThread.java:165) ~[?:?]
Caused by: java.io.EOFException: End of input at line 1 column 1 path $
	at com.google.gson.stream.JsonReader.nextNonWhitespace(JsonReader.java:1455) ~[gson-2.10.jar%2372!/:?]
	at com.google.gson.stream.JsonReader.doPeek(JsonReader.java:558) ~[gson-2.10.jar%2372!/:?]
	at com.google.gson.stream.JsonReader.peek(JsonReader.java:433) ~[gson-2.10.jar%2372!/:?]
	at com.google.gson.internal.bind.TypeAdapters$28.read(TypeAdapters.java:769) ~[gson-2.10.jar%2372!/:?]
	at com.google.gson.internal.bind.TypeAdapters$28.read(TypeAdapters.java:725) ~[gson-2.10.jar%2372!/:?]
	at com.google.gson.internal.bind.TypeAdapters$34$1.read(TypeAdapters.java:1007) ~[gson-2.10.jar%2372!/:?]
	at net.minecraft.util.GsonHelper.m_13780_(GsonHelper.java:524) ~[server-1.20.1-20230612.114412-srg.jar%23420!/:?]
	... 13 more
[06Jun2026 05:46:31.242] [Worker-Main-2/ERROR] [net.minecraft.server.packs.resources.SimpleJsonResourceReloadListener/]: Couldn't parse data file cataclysm:weapon_infusion/void_assault_shoulder_weapon from cataclysm:recipes/weapon_infusion/void_assault_shoulder_weapon.json
com.google.gson.JsonParseException: java.io.EOFException: End of input at line 1 column 1 path $
	at net.minecraft.util.GsonHelper.m_13780_(GsonHelper.java:526) ~[server-1.20.1-20230612.114412-srg.jar%23420!/:?]
	at net.minecraft.util.GsonHelper.m_263475_(GsonHelper.java:531) ~[server-1.20.1-20230612.114412-srg.jar%23420!/:?]
	at net.minecraft.util.GsonHelper.m_13776_(GsonHelper.java:581) ~[server-1.20.1-20230612.114412-srg.jar%23420!/:?]
	at net.minecraft.server.packs.resources.SimpleJsonResourceReloadListener.m_278771_(SimpleJsonResourceReloadListener.java:41) ~[server-1.20.1-20230612.114412-srg.jar%23420!/:?]
	at net.minecraft.server.packs.resources.SimpleJsonResourceReloadListener.m_5944_(SimpleJsonResourceReloadListener.java:29) ~[server-1.20.1-20230612.114412-srg.jar%23420!/:?]
	at net.minecraft.server.packs.resources.SimpleJsonResourceReloadListener.m_5944_(SimpleJsonResourceReloadListener.java:17) ~[server-1.20.1-20230612.114412-srg.jar%23420!/:?]
	at net.minecraft.server.packs.resources.SimplePreparableReloadListener.m_10786_(SimplePreparableReloadListener.java:11) ~[server-1.20.1-20230612.114412-srg.jar%23420!/:?]
	at java.util.concurrent.CompletableFuture$AsyncSupply.run(CompletableFuture.java:1768) ~[?:?]
	at java.util.concurrent.CompletableFuture$AsyncSupply.exec(CompletableFuture.java:1760) ~[?:?]
	at java.util.concurrent.ForkJoinTask.doExec(ForkJoinTask.java:373) ~[?:?]
	at java.util.concurrent.ForkJoinPool$WorkQueue.topLevelExec(ForkJoinPool.java:1182) ~[?:?]
	at java.util.concurrent.ForkJoinPool.scan(ForkJoinPool.java:1655) ~[?:?]
	at java.util.concurrent.ForkJoinPool.runWorker(ForkJoinPool.java:1622) ~[?:?]
	at java.util.concurrent.ForkJoinWorkerThread.run(ForkJoinWorkerThread.java:165) ~[?:?]
Caused by: java.io.EOFException: End of input at line 1 column 1 path $
	at com.google.gson.stream.JsonReader.nextNonWhitespace(JsonReader.java:1455) ~[gson-2.10.jar%2372!/:?]
	at com.google.gson.stream.JsonReader.doPeek(JsonReader.java:558) ~[gson-2.10.jar%2372!/:?]
	at com.google.gson.stream.JsonReader.peek(JsonReader.java:433) ~[gson-2.10.jar%2372!/:?]
	at com.google.gson.internal.bind.TypeAdapters$28.read(TypeAdapters.java:769) ~[gson-2.10.jar%2372!/:?]
	at com.google.gson.internal.bind.TypeAdapters$28.read(TypeAdapters.java:725) ~[gson-2.10.jar%2372!/:?]
	at com.google.gson.internal.bind.TypeAdapters$34$1.read(TypeAdapters.java:1007) ~[gson-2.10.jar%2372!/:?]
	at net.minecraft.util.GsonHelper.m_13780_(GsonHelper.java:524) ~[server-1.20.1-20230612.114412-srg.jar%23420!/:?]
	... 13 more
[06Jun2026 05:46:31.050] [Worker-Main-1/ERROR] [net.minecraft.server.packs.resources.SimpleJsonResourceReloadListener/]: Couldn't parse data file cataclysm:bulwark_of_the_flame from cataclysm:recipes/bulwark_of_the_flame.json
com.google.gson.JsonParseException: java.io.EOFException: End of input at line 1 column 1 path $
	at net.minecraft.util.GsonHelper.m_13780_(GsonHelper.java:526) ~[server-1.20.1-20230612.114412-srg.jar%23420!/:?]
	at net.minecraft.util.GsonHelper.m_263475_(GsonHelper.java:531) ~[server-1.20.1-20230612.114412-srg.jar%23420!/:?]
	at net.minecraft.util.GsonHelper.m_13776_(GsonHelper.java:581) ~[server-1.20.1-20230612.114412-srg.jar%23420!/:?]
	at net.minecraft.server.packs.resources.SimpleJsonResourceReloadListener.m_278771_(SimpleJsonResourceReloadListener.java:41) ~[server-1.20.1-20230612.114412-srg.jar%23420!/:?]
	at net.minecraft.server.packs.resources.SimpleJsonResourceReloadListener.m_5944_(SimpleJsonResourceReloadListener.java:29) ~[server-1.20.1-20230612.114412-srg.jar%23420!/:?]
	at net.minecraft.server.packs.resources.SimpleJsonResourceReloadListener.m_5944_(SimpleJsonResourceReloadListener.java:17) ~[server-1.20.1-20230612.114412-srg.jar%23420!/:?]
	at net.minecraft.server.packs.resources.SimplePreparableReloadListener.m_10786_(SimplePreparableReloadListener.java:11) ~[server-1.20.1-20230612.114412-srg.jar%23420!/:?]
	at java.util.concurrent.CompletableFuture$AsyncSupply.run(CompletableFuture.java:1768) ~[?:?]
	at java.util.concurrent.CompletableFuture$AsyncSupply.exec(CompletableFuture.java:1760) ~[?:?]
	at java.util.concurrent.ForkJoinTask.doExec(ForkJoinTask.java:373) ~[?:?]
	at java.util.concurrent.ForkJoinPool$WorkQueue.topLevelExec(ForkJoinPool.java:1182) ~[?:?]
	at java.util.concurrent.ForkJoinPool.scan(ForkJoinPool.java:1655) ~[?:?]
	at java.util.concurrent.ForkJoinPool.runWorker(ForkJoinPool.java:1622) ~[?:?]
	at java.util.concurrent.ForkJoinWorkerThread.run(ForkJoinWorkerThread.java:165) ~[?:?]
Caused by: java.io.EOFException: End of input at line 1 column 1 path $
	at com.google.gson.stream.JsonReader.nextNonWhitespace(JsonReader.java:1455) ~[gson-2.10.jar%2372!/:?]
	at com.google.gson.stream.JsonReader.doPeek(JsonReader.java:558) ~[gson-2.10.jar%2372!/:?]
	at com.google.gson.stream.JsonReader.peek(JsonReader.java:433) ~[gson-2.10.jar%2372!/:?]
	at com.google.gson.internal.bind.TypeAdapters$28.read(TypeAdapters.java:769) ~[gson-2.10.jar%2372!/:?]
	at com.google.gson.internal.bind.TypeAdapters$28.read(TypeAdapters.java:725) ~[gson-2.10.jar%2372!/:?]
	at com.google.gson.internal.bind.TypeAdapters$34$1.read(TypeAdapters.java:1007) ~[gson-2.10.jar%2372!/:?]
	at net.minecraft.util.GsonHelper.m_13780_(GsonHelper.java:524) ~[server-1.20.1-20230612.114412-srg.jar%23420!/:?]
	... 13 more
[06Jun2026 05:46:31.245] [Worker-Main-2/ERROR] [net.minecraft.server.packs.resources.SimpleJsonResourceReloadListener/]: Couldn't parse data file cataclysm:weapon_infusion/void_forge from cataclysm:recipes/weapon_infusion/void_forge.json
com.google.gson.JsonParseException: java.io.EOFException: End of input at line 1 column 1 path $
	at net.minecraft.util.GsonHelper.m_13780_(GsonHelper.java:526) ~[server-1.20.1-20230612.114412-srg.jar%23420!/:?]
	at net.minecraft.util.GsonHelper.m_263475_(GsonHelper.java:531) ~[server-1.20.1-20230612.114412-srg.jar%23420!/:?]
	at net.minecraft.util.GsonHelper.m_13776_(GsonHelper.java:581) ~[server-1.20.1-20230612.114412-srg.jar%23420!/:?]
	at net.minecraft.server.packs.resources.SimpleJsonResourceReloadListener.m_278771_(SimpleJsonResourceReloadListener.java:41) ~[server-1.20.1-20230612.114412-srg.jar%23420!/:?]
	at net.minecraft.server.packs.resources.SimpleJsonResourceReloadListener.m_5944_(SimpleJsonResourceReloadListener.java:29) ~[server-1.20.1-20230612.114412-srg.jar%23420!/:?]
	at net.minecraft.server.packs.resources.SimpleJsonResourceReloadListener.m_5944_(SimpleJsonResourceReloadListener.java:17) ~[server-1.20.1-20230612.114412-srg.jar%23420!/:?]
	at net.minecraft.server.packs.resources.SimplePreparableReloadListener.m_10786_(SimplePreparableReloadListener.java:11) ~[server-1.20.1-20230612.114412-srg.jar%23420!/:?]
	at java.util.concurrent.CompletableFuture$AsyncSupply.run(CompletableFuture.java:1768) ~[?:?]
	at java.util.concurrent.CompletableFuture$AsyncSupply.exec(CompletableFuture.java:1760) ~[?:?]
	at java.util.concurrent.ForkJoinTask.doExec(ForkJoinTask.java:373) ~[?:?]
	at java.util.concurrent.ForkJoinPool$WorkQueue.topLevelExec(ForkJoinPool.java:1182) ~[?:?]
	at java.util.concurrent.ForkJoinPool.scan(ForkJoinPool.java:1655) ~[?:?]
	at java.util.concurrent.ForkJoinPool.runWorker(ForkJoinPool.java:1622) ~[?:?]
	at java.util.concurrent.ForkJoinWorkerThread.run(ForkJoinWorkerThread.java:165) ~[?:?]
Caused by: java.io.EOFException: End of input at line 1 column 1 path $
	at com.google.gson.stream.JsonReader.nextNonWhitespace(JsonReader.java:1455) ~[gson-2.10.jar%2372!/:?]
	at com.google.gson.stream.JsonReader.doPeek(JsonReader.java:558) ~[gson-2.10.jar%2372!/:?]
	at com.google.gson.stream.JsonReader.peek(JsonReader.java:433) ~[gson-2.10.jar%2372!/:?]
	at com.google.gson.internal.bind.TypeAdapters$28.read(TypeAdapters.java:769) ~[gson-2.10.jar%2372!/:?]
	at com.google.gson.internal.bind.TypeAdapters$28.read(TypeAdapters.java:725) ~[gson-2.10.jar%2372!/:?]
	at com.google.gson.internal.bind.TypeAdapters$34$1.read(TypeAdapters.java:1007) ~[gson-2.10.jar%2372!/:?]
	at net.minecraft.util.GsonHelper.m_13780_(GsonHelper.java:524) ~[server-1.20.1-20230612.114412-srg.jar%23420!/:?]
	... 13 more
[06Jun2026 05:46:31.252] [Worker-Main-2/ERROR] [net.minecraft.server.packs.resources.SimpleJsonResourceReloadListener/]: Couldn't parse data file irons_spellbooks:weapon_parts from irons_spellbooks:recipes/weapon_parts.json
com.google.gson.JsonParseException: java.io.EOFException: End of input at line 1 column 1 path $
	at net.minecraft.util.GsonHelper.m_13780_(GsonHelper.java:526) ~[server-1.20.1-20230612.114412-srg.jar%23420!/:?]
	at net.minecraft.util.GsonHelper.m_263475_(GsonHelper.java:531) ~[server-1.20.1-20230612.114412-srg.jar%23420!/:?]
	at net.minecraft.util.GsonHelper.m_13776_(GsonHelper.java:581) ~[server-1.20.1-20230612.114412-srg.jar%23420!/:?]
	at net.minecraft.server.packs.resources.SimpleJsonResourceReloadListener.m_278771_(SimpleJsonResourceReloadListener.java:41) ~[server-1.20.1-20230612.114412-srg.jar%23420!/:?]
	at net.minecraft.server.packs.resources.SimpleJsonResourceReloadListener.m_5944_(SimpleJsonResourceReloadListener.java:29) ~[server-1.20.1-20230612.114412-srg.jar%23420!/:?]
	at net.minecraft.server.packs.resources.SimpleJsonResourceReloadListener.m_5944_(SimpleJsonResourceReloadListener.java:17) ~[server-1.20.1-20230612.114412-srg.jar%23420!/:?]
	at net.minecraft.server.packs.resources.SimplePreparableReloadListener.m_10786_(SimplePreparableReloadListener.java:11) ~[server-1.20.1-20230612.114412-srg.jar%23420!/:?]
	at java.util.concurrent.CompletableFuture$AsyncSupply.run(CompletableFuture.java:1768) ~[?:?]
	at java.util.concurrent.CompletableFuture$AsyncSupply.exec(CompletableFuture.java:1760) ~[?:?]
	at java.util.concurrent.ForkJoinTask.doExec(ForkJoinTask.java:373) ~[?:?]
	at java.util.concurrent.ForkJoinPool$WorkQueue.topLevelExec(ForkJoinPool.java:1182) ~[?:?]
	at java.util.concurrent.ForkJoinPool.scan(ForkJoinPool.java:1655) ~[?:?]
	at java.util.concurrent.ForkJoinPool.runWorker(ForkJoinPool.java:1622) ~[?:?]
	at java.util.concurrent.ForkJoinWorkerThread.run(ForkJoinWorkerThread.java:165) ~[?:?]
Caused by: java.io.EOFException: End of input at line 1 column 1 path $
	at com.google.gson.stream.JsonReader.nextNonWhitespace(JsonReader.java:1455) ~[gson-2.10.jar%2372!/:?]
	at com.google.gson.stream.JsonReader.doPeek(JsonReader.java:558) ~[gson-2.10.jar%2372!/:?]
	at com.google.gson.stream.JsonReader.peek(JsonReader.java:433) ~[gson-2.10.jar%2372!/:?]
	at com.google.gson.internal.bind.TypeAdapters$28.read(TypeAdapters.java:769) ~[gson-2.10.jar%2372!/:?]
	at com.google.gson.internal.bind.TypeAdapters$28.read(TypeAdapters.java:725) ~[gson-2.10.jar%2372!/:?]
	at com.google.gson.internal.bind.TypeAdapters$34$1.read(TypeAdapters.java:1007) ~[gson-2.10.jar%2372!/:?]
	at net.minecraft.util.GsonHelper.m_13780_(GsonHelper.java:524) ~[server-1.20.1-20230612.114412-srg.jar%23420!/:?]
	... 13 more
[06Jun2026 05:46:31.260] [Worker-Main-2/ERROR] [net.minecraft.server.packs.resources.SimpleJsonResourceReloadListener/]: Couldn't parse data file cataclysm:wither_assault_shoulder_weapon from cataclysm:recipes/wither_assault_shoulder_weapon.json
com.google.gson.JsonParseException: java.io.EOFException: End of input at line 1 column 1 path $
	at net.minecraft.util.GsonHelper.m_13780_(GsonHelper.java:526) ~[server-1.20.1-20230612.114412-srg.jar%23420!/:?]
	at net.minecraft.util.GsonHelper.m_263475_(GsonHelper.java:531) ~[server-1.20.1-20230612.114412-srg.jar%23420!/:?]
	at net.minecraft.util.GsonHelper.m_13776_(GsonHelper.java:581) ~[server-1.20.1-20230612.114412-srg.jar%23420!/:?]
	at net.minecraft.server.packs.resources.SimpleJsonResourceReloadListener.m_278771_(SimpleJsonResourceReloadListener.java:41) ~[server-1.20.1-20230612.114412-srg.jar%23420!/:?]
	at net.minecraft.server.packs.resources.SimpleJsonResourceReloadListener.m_5944_(SimpleJsonResourceReloadListener.java:29) ~[server-1.20.1-20230612.114412-srg.jar%23420!/:?]
	at net.minecraft.server.packs.resources.SimpleJsonResourceReloadListener.m_5944_(SimpleJsonResourceReloadListener.java:17) ~[server-1.20.1-20230612.114412-srg.jar%23420!/:?]
	at net.minecraft.server.packs.resources.SimplePreparableReloadListener.m_10786_(SimplePreparableReloadListener.java:11) ~[server-1.20.1-20230612.114412-srg.jar%23420!/:?]
	at java.util.concurrent.CompletableFuture$AsyncSupply.run(CompletableFuture.java:1768) ~[?:?]
	at java.util.concurrent.CompletableFuture$AsyncSupply.exec(CompletableFuture.java:1760) ~[?:?]
	at java.util.concurrent.ForkJoinTask.doExec(ForkJoinTask.java:373) ~[?:?]
	at java.util.concurrent.ForkJoinPool$WorkQueue.topLevelExec(ForkJoinPool.java:1182) ~[?:?]
	at java.util.concurrent.ForkJoinPool.scan(ForkJoinPool.java:1655) ~[?:?]
	at java.util.concurrent.ForkJoinPool.runWorker(ForkJoinPool.java:1622) ~[?:?]
	at java.util.concurrent.ForkJoinWorkerThread.run(ForkJoinWorkerThread.java:165) ~[?:?]
Caused by: java.io.EOFException: End of input at line 1 column 1 path $
	at com.google.gson.stream.JsonReader.nextNonWhitespace(JsonReader.java:1455) ~[gson-2.10.jar%2372!/:?]
	at com.google.gson.stream.JsonReader.doPeek(JsonReader.java:558) ~[gson-2.10.jar%2372!/:?]
	at com.google.gson.stream.JsonReader.peek(JsonReader.java:433) ~[gson-2.10.jar%2372!/:?]
	at com.google.gson.internal.bind.TypeAdapters$28.read(TypeAdapters.java:769) ~[gson-2.10.jar%2372!/:?]
	at com.google.gson.internal.bind.TypeAdapters$28.read(TypeAdapters.java:725) ~[gson-2.10.jar%2372!/:?]
	at com.google.gson.internal.bind.TypeAdapters$34$1.read(TypeAdapters.java:1007) ~[gson-2.10.jar%2372!/:?]
	at net.minecraft.util.GsonHelper.m_13780_(GsonHelper.java:524) ~[server-1.20.1-20230612.114412-srg.jar%23420!/:?]
	... 13 more
[06Jun2026 05:46:31.265] [Worker-Main-1/ERROR] [net.minecraft.server.packs.resources.SimpleJsonResourceReloadListener/]: Couldn't parse data file efn:co_tachi from efn:recipes/co_tachi.json
com.google.gson.JsonParseException: java.io.EOFException: End of input at line 1 column 1 path $
	at net.minecraft.util.GsonHelper.m_13780_(GsonHelper.java:526) ~[server-1.20.1-20230612.114412-srg.jar%23420!/:?]
	at net.minecraft.util.GsonHelper.m_263475_(GsonHelper.java:531) ~[server-1.20.1-20230612.114412-srg.jar%23420!/:?]
	at net.minecraft.util.GsonHelper.m_13776_(GsonHelper.java:581) ~[server-1.20.1-20230612.114412-srg.jar%23420!/:?]
	at net.minecraft.server.packs.resources.SimpleJsonResourceReloadListener.m_278771_(SimpleJsonResourceReloadListener.java:41) ~[server-1.20.1-20230612.114412-srg.jar%23420!/:?]
	at net.minecraft.server.packs.resources.SimpleJsonResourceReloadListener.m_5944_(SimpleJsonResourceReloadListener.java:29) ~[server-1.20.1-20230612.114412-srg.jar%23420!/:?]
	at net.minecraft.server.packs.resources.SimpleJsonResourceReloadListener.m_5944_(SimpleJsonResourceReloadListener.java:17) ~[server-1.20.1-20230612.114412-srg.jar%23420!/:?]
	at net.minecraft.server.packs.resources.SimplePreparableReloadListener.m_10786_(SimplePreparableReloadListener.java:11) ~[server-1.20.1-20230612.114412-srg.jar%23420!/:?]
	at java.util.concurrent.CompletableFuture$AsyncSupply.run(CompletableFuture.java:1768) ~[?:?]
	at java.util.concurrent.CompletableFuture$AsyncSupply.exec(CompletableFuture.java:1760) ~[?:?]
	at java.util.concurrent.ForkJoinTask.doExec(ForkJoinTask.java:373) ~[?:?]
	at java.util.concurrent.ForkJoinPool$WorkQueue.topLevelExec(ForkJoinPool.java:1182) ~[?:?]
	at java.util.concurrent.ForkJoinPool.scan(ForkJoinPool.java:1655) ~[?:?]
	at java.util.concurrent.ForkJoinPool.runWorker(ForkJoinPool.java:1622) ~[?:?]
	at java.util.concurrent.ForkJoinWorkerThread.run(ForkJoinWorkerThread.java:165) ~[?:?]
Caused by: java.io.EOFException: End of input at line 1 column 1 path $
	at com.google.gson.stream.JsonReader.nextNonWhitespace(JsonReader.java:1455) ~[gson-2.10.jar%2372!/:?]
	at com.google.gson.stream.JsonReader.doPeek(JsonReader.java:558) ~[gson-2.10.jar%2372!/:?]
	at com.google.gson.stream.JsonReader.peek(JsonReader.java:433) ~[gson-2.10.jar%2372!/:?]
	at com.google.gson.internal.bind.TypeAdapters$28.read(TypeAdapters.java:769) ~[gson-2.10.jar%2372!/:?]
	at com.google.gson.internal.bind.TypeAdapters$28.read(TypeAdapters.java:725) ~[gson-2.10.jar%2372!/:?]
	at com.google.gson.internal.bind.TypeAdapters$34$1.read(TypeAdapters.java:1007) ~[gson-2.10.jar%2372!/:?]
	at net.minecraft.util.GsonHelper.m_13780_(GsonHelper.java:524) ~[server-1.20.1-20230612.114412-srg.jar%23420!/:?]
	... 13 more
[06Jun2026 05:46:31.266] [Worker-Main-1/ERROR] [net.minecraft.server.packs.resources.SimpleJsonResourceReloadListener/]: Couldn't parse data file efn:co_tachi_to_air from efn:recipes/co_tachi_to_air.json
com.google.gson.JsonParseException: java.io.EOFException: End of input at line 1 column 1 path $
	at net.minecraft.util.GsonHelper.m_13780_(GsonHelper.java:526) ~[server-1.20.1-20230612.114412-srg.jar%23420!/:?]
	at net.minecraft.util.GsonHelper.m_263475_(GsonHelper.java:531) ~[server-1.20.1-20230612.114412-srg.jar%23420!/:?]
	at net.minecraft.util.GsonHelper.m_13776_(GsonHelper.java:581) ~[server-1.20.1-20230612.114412-srg.jar%23420!/:?]
	at net.minecraft.server.packs.resources.SimpleJsonResourceReloadListener.m_278771_(SimpleJsonResourceReloadListener.java:41) ~[server-1.20.1-20230612.114412-srg.jar%23420!/:?]
	at net.minecraft.server.packs.resources.SimpleJsonResourceReloadListener.m_5944_(SimpleJsonResourceReloadListener.java:29) ~[server-1.20.1-20230612.114412-srg.jar%23420!/:?]
	at net.minecraft.server.packs.resources.SimpleJsonResourceReloadListener.m_5944_(SimpleJsonResourceReloadListener.java:17) ~[server-1.20.1-20230612.114412-srg.jar%23420!/:?]
	at net.minecraft.server.packs.resources.SimplePreparableReloadListener.m_10786_(SimplePreparableReloadListener.java:11) ~[server-1.20.1-20230612.114412-srg.jar%23420!/:?]
	at java.util.concurrent.CompletableFuture$AsyncSupply.run(CompletableFuture.java:1768) ~[?:?]
	at java.util.concurrent.CompletableFuture$AsyncSupply.exec(CompletableFuture.java:1760) ~[?:?]
	at java.util.concurrent.ForkJoinTask.doExec(ForkJoinTask.java:373) ~[?:?]
	at java.util.concurrent.ForkJoinPool$WorkQueue.topLevelExec(ForkJoinPool.java:1182) ~[?:?]
	at java.util.concurrent.ForkJoinPool.scan(ForkJoinPool.java:1655) ~[?:?]
	at java.util.concurrent.ForkJoinPool.runWorker(ForkJoinPool.java:1622) ~[?:?]
	at java.util.concurrent.ForkJoinWorkerThread.run(ForkJoinWorkerThread.java:165) ~[?:?]
Caused by: java.io.EOFException: End of input at line 1 column 1 path $
	at com.google.gson.stream.JsonReader.nextNonWhitespace(JsonReader.java:1455) ~[gson-2.10.jar%2372!/:?]
	at com.google.gson.stream.JsonReader.doPeek(JsonReader.java:558) ~[gson-2.10.jar%2372!/:?]
	at com.google.gson.stream.JsonReader.peek(JsonReader.java:433) ~[gson-2.10.jar%2372!/:?]
	at com.google.gson.internal.bind.TypeAdapters$28.read(TypeAdapters.java:769) ~[gson-2.10.jar%2372!/:?]
	at com.google.gson.internal.bind.TypeAdapters$28.read(TypeAdapters.java:725) ~[gson-2.10.jar%2372!/:?]
	at com.google.gson.internal.bind.TypeAdapters$34$1.read(TypeAdapters.java:1007) ~[gson-2.10.jar%2372!/:?]
	at net.minecraft.util.GsonHelper.m_13780_(GsonHelper.java:524) ~[server-1.20.1-20230612.114412-srg.jar%23420!/:?]
	... 13 more
[06Jun2026 05:46:31.269] [Worker-Main-1/ERROR] [net.minecraft.server.packs.resources.SimpleJsonResourceReloadListener/]: Couldn't parse data file epicfightx:combat_mastery_i from epicfightx:recipes/combat_mastery_i.json
com.google.gson.JsonParseException: java.io.EOFException: End of input at line 1 column 1 path $
	at net.minecraft.util.GsonHelper.m_13780_(GsonHelper.java:526) ~[server-1.20.1-20230612.114412-srg.jar%23420!/:?]
	at net.minecraft.util.GsonHelper.m_263475_(GsonHelper.java:531) ~[server-1.20.1-20230612.114412-srg.jar%23420!/:?]
	at net.minecraft.util.GsonHelper.m_13776_(GsonHelper.java:581) ~[server-1.20.1-20230612.114412-srg.jar%23420!/:?]
	at net.minecraft.server.packs.resources.SimpleJsonResourceReloadListener.m_278771_(SimpleJsonResourceReloadListener.java:41) ~[server-1.20.1-20230612.114412-srg.jar%23420!/:?]
	at net.minecraft.server.packs.resources.SimpleJsonResourceReloadListener.m_5944_(SimpleJsonResourceReloadListener.java:29) ~[server-1.20.1-20230612.114412-srg.jar%23420!/:?]
	at net.minecraft.server.packs.resources.SimpleJsonResourceReloadListener.m_5944_(SimpleJsonResourceReloadListener.java:17) ~[server-1.20.1-20230612.114412-srg.jar%23420!/:?]
	at net.minecraft.server.packs.resources.SimplePreparableReloadListener.m_10786_(SimplePreparableReloadListener.java:11) ~[server-1.20.1-20230612.114412-srg.jar%23420!/:?]
	at java.util.concurrent.CompletableFuture$AsyncSupply.run(CompletableFuture.java:1768) ~[?:?]
	at java.util.concurrent.CompletableFuture$AsyncSupply.exec(CompletableFuture.java:1760) ~[?:?]
	at java.util.concurrent.ForkJoinTask.doExec(ForkJoinTask.java:373) ~[?:?]
	at java.util.concurrent.ForkJoinPool$WorkQueue.topLevelExec(ForkJoinPool.java:1182) ~[?:?]
	at java.util.concurrent.ForkJoinPool.scan(ForkJoinPool.java:1655) ~[?:?]
	at java.util.concurrent.ForkJoinPool.runWorker(ForkJoinPool.java:1622) ~[?:?]
	at java.util.concurrent.ForkJoinWorkerThread.run(ForkJoinWorkerThread.java:165) ~[?:?]
Caused by: java.io.EOFException: End of input at line 1 column 1 path $
	at com.google.gson.stream.JsonReader.nextNonWhitespace(JsonReader.java:1455) ~[gson-2.10.jar%2372!/:?]
	at com.google.gson.stream.JsonReader.doPeek(JsonReader.java:558) ~[gson-2.10.jar%2372!/:?]
	at com.google.gson.stream.JsonReader.peek(JsonReader.java:433) ~[gson-2.10.jar%2372!/:?]
	at com.google.gson.internal.bind.TypeAdapters$28.read(TypeAdapters.java:769) ~[gson-2.10.jar%2372!/:?]
	at com.google.gson.internal.bind.TypeAdapters$28.read(TypeAdapters.java:725) ~[gson-2.10.jar%2372!/:?]
	at com.google.gson.internal.bind.TypeAdapters$34$1.read(TypeAdapters.java:1007) ~[gson-2.10.jar%2372!/:?]
	at net.minecraft.util.GsonHelper.m_13780_(GsonHelper.java:524) ~[server-1.20.1-20230612.114412-srg.jar%23420!/:?]
	... 13 more
[06Jun2026 05:46:31.277] [Worker-Main-2/ERROR] [net.minecraft.server.packs.resources.SimpleJsonResourceReloadListener/]: Couldn't parse data file efn:zansetsu from efn:recipes/zansetsu.json
com.google.gson.JsonParseException: java.io.EOFException: End of input at line 1 column 1 path $
	at net.minecraft.util.GsonHelper.m_13780_(GsonHelper.java:526) ~[server-1.20.1-20230612.114412-srg.jar%23420!/:?]
	at net.minecraft.util.GsonHelper.m_263475_(GsonHelper.java:531) ~[server-1.20.1-20230612.114412-srg.jar%23420!/:?]
	at net.minecraft.util.GsonHelper.m_13776_(GsonHelper.java:581) ~[server-1.20.1-20230612.114412-srg.jar%23420!/:?]
	at net.minecraft.server.packs.resources.SimpleJsonResourceReloadListener.m_278771_(SimpleJsonResourceReloadListener.java:41) ~[server-1.20.1-20230612.114412-srg.jar%23420!/:?]
	at net.minecraft.server.packs.resources.SimpleJsonResourceReloadListener.m_5944_(SimpleJsonResourceReloadListener.java:29) ~[server-1.20.1-20230612.114412-srg.jar%23420!/:?]
	at net.minecraft.server.packs.resources.SimpleJsonResourceReloadListener.m_5944_(SimpleJsonResourceReloadListener.java:17) ~[server-1.20.1-20230612.114412-srg.jar%23420!/:?]
	at net.minecraft.server.packs.resources.SimplePreparableReloadListener.m_10786_(SimplePreparableReloadListener.java:11) ~[server-1.20.1-20230612.114412-srg.jar%23420!/:?]
	at java.util.concurrent.CompletableFuture$AsyncSupply.run(CompletableFuture.java:1768) ~[?:?]
	at java.util.concurrent.CompletableFuture$AsyncSupply.exec(CompletableFuture.java:1760) ~[?:?]
	at java.util.concurrent.ForkJoinTask.doExec(ForkJoinTask.java:373) ~[?:?]
	at java.util.concurrent.ForkJoinPool$WorkQueue.topLevelExec(ForkJoinPool.java:1182) ~[?:?]
	at java.util.concurrent.ForkJoinPool.scan(ForkJoinPool.java:1655) ~[?:?]
	at java.util.concurrent.ForkJoinPool.runWorker(ForkJoinPool.java:1622) ~[?:?]
	at java.util.concurrent.ForkJoinWorkerThread.run(ForkJoinWorkerThread.java:165) ~[?:?]
Caused by: java.io.EOFException: End of input at line 1 column 1 path $
	at com.google.gson.stream.JsonReader.nextNonWhitespace(JsonReader.java:1455) ~[gson-2.10.jar%2372!/:?]
	at com.google.gson.stream.JsonReader.doPeek(JsonReader.java:558) ~[gson-2.10.jar%2372!/:?]
	at com.google.gson.stream.JsonReader.peek(JsonReader.java:433) ~[gson-2.10.jar%2372!/:?]
	at com.google.gson.internal.bind.TypeAdapters$28.read(TypeAdapters.java:769) ~[gson-2.10.jar%2372!/:?]
	at com.google.gson.internal.bind.TypeAdapters$28.read(TypeAdapters.java:725) ~[gson-2.10.jar%2372!/:?]
	at com.google.gson.internal.bind.TypeAdapters$34$1.read(TypeAdapters.java:1007) ~[gson-2.10.jar%2372!/:?]
	at net.minecraft.util.GsonHelper.m_13780_(GsonHelper.java:524) ~[server-1.20.1-20230612.114412-srg.jar%23420!/:?]
	... 13 more
[06Jun2026 05:46:31.280] [Worker-Main-1/ERROR] [net.minecraft.server.packs.resources.SimpleJsonResourceReloadListener/]: Couldn't parse data file irons_spellbooks:copper_spell_book from irons_spellbooks:recipes/copper_spell_book.json
com.google.gson.JsonParseException: java.io.EOFException: End of input at line 1 column 1 path $
	at net.minecraft.util.GsonHelper.m_13780_(GsonHelper.java:526) ~[server-1.20.1-20230612.114412-srg.jar%23420!/:?]
	at net.minecraft.util.GsonHelper.m_263475_(GsonHelper.java:531) ~[server-1.20.1-20230612.114412-srg.jar%23420!/:?]
	at net.minecraft.util.GsonHelper.m_13776_(GsonHelper.java:581) ~[server-1.20.1-20230612.114412-srg.jar%23420!/:?]
	at net.minecraft.server.packs.resources.SimpleJsonResourceReloadListener.m_278771_(SimpleJsonResourceReloadListener.java:41) ~[server-1.20.1-20230612.114412-srg.jar%23420!/:?]
	at net.minecraft.server.packs.resources.SimpleJsonResourceReloadListener.m_5944_(SimpleJsonResourceReloadListener.java:29) ~[server-1.20.1-20230612.114412-srg.jar%23420!/:?]
	at net.minecraft.server.packs.resources.SimpleJsonResourceReloadListener.m_5944_(SimpleJsonResourceReloadListener.java:17) ~[server-1.20.1-20230612.114412-srg.jar%23420!/:?]
	at net.minecraft.server.packs.resources.SimplePreparableReloadListener.m_10786_(SimplePreparableReloadListener.java:11) ~[server-1.20.1-20230612.114412-srg.jar%23420!/:?]
	at java.util.concurrent.CompletableFuture$AsyncSupply.run(CompletableFuture.java:1768) ~[?:?]
	at java.util.concurrent.CompletableFuture$AsyncSupply.exec(CompletableFuture.java:1760) ~[?:?]
	at java.util.concurrent.ForkJoinTask.doExec(ForkJoinTask.java:373) ~[?:?]
	at java.util.concurrent.ForkJoinPool$WorkQueue.topLevelExec(ForkJoinPool.java:1182) ~[?:?]
	at java.util.concurrent.ForkJoinPool.scan(ForkJoinPool.java:1655) ~[?:?]
	at java.util.concurrent.ForkJoinPool.runWorker(ForkJoinPool.java:1622) ~[?:?]
	at java.util.concurrent.ForkJoinWorkerThread.run(ForkJoinWorkerThread.java:165) ~[?:?]
Caused by: java.io.EOFException: End of input at line 1 column 1 path $
	at com.google.gson.stream.JsonReader.nextNonWhitespace(JsonReader.java:1455) ~[gson-2.10.jar%2372!/:?]
	at com.google.gson.stream.JsonReader.doPeek(JsonReader.java:558) ~[gson-2.10.jar%2372!/:?]
	at com.google.gson.stream.JsonReader.peek(JsonReader.java:433) ~[gson-2.10.jar%2372!/:?]
	at com.google.gson.internal.bind.TypeAdapters$28.read(TypeAdapters.java:769) ~[gson-2.10.jar%2372!/:?]
	at com.google.gson.internal.bind.TypeAdapters$28.read(TypeAdapters.java:725) ~[gson-2.10.jar%2372!/:?]
	at com.google.gson.internal.bind.TypeAdapters$34$1.read(TypeAdapters.java:1007) ~[gson-2.10.jar%2372!/:?]
	at net.minecraft.util.GsonHelper.m_13780_(GsonHelper.java:524) ~[server-1.20.1-20230612.114412-srg.jar%23420!/:?]
	... 13 more
[06Jun2026 05:46:31.280] [Worker-Main-1/ERROR] [net.minecraft.server.packs.resources.SimpleJsonResourceReloadListener/]: Couldn't parse data file cataclysm_spellbooks:coral_staff from cataclysm_spellbooks:recipes/coral_staff.json
com.google.gson.JsonParseException: java.io.EOFException: End of input at line 1 column 1 path $
	at net.minecraft.util.GsonHelper.m_13780_(GsonHelper.java:526) ~[server-1.20.1-20230612.114412-srg.jar%23420!/:?]
	at net.minecraft.util.GsonHelper.m_263475_(GsonHelper.java:531) ~[server-1.20.1-20230612.114412-srg.jar%23420!/:?]
	at net.minecraft.util.GsonHelper.m_13776_(GsonHelper.java:581) ~[server-1.20.1-20230612.114412-srg.jar%23420!/:?]
	at net.minecraft.server.packs.resources.SimpleJsonResourceReloadListener.m_278771_(SimpleJsonResourceReloadListener.java:41) ~[server-1.20.1-20230612.114412-srg.jar%23420!/:?]
	at net.minecraft.server.packs.resources.SimpleJsonResourceReloadListener.m_5944_(SimpleJsonResourceReloadListener.java:29) ~[server-1.20.1-20230612.114412-srg.jar%23420!/:?]
	at net.minecraft.server.packs.resources.SimpleJsonResourceReloadListener.m_5944_(SimpleJsonResourceReloadListener.java:17) ~[server-1.20.1-20230612.114412-srg.jar%23420!/:?]
	at net.minecraft.server.packs.resources.SimplePreparableReloadListener.m_10786_(SimplePreparableReloadListener.java:11) ~[server-1.20.1-20230612.114412-srg.jar%23420!/:?]
	at java.util.concurrent.CompletableFuture$AsyncSupply.run(CompletableFuture.java:1768) ~[?:?]
	at java.util.concurrent.CompletableFuture$AsyncSupply.exec(CompletableFuture.java:1760) ~[?:?]
	at java.util.concurrent.ForkJoinTask.doExec(ForkJoinTask.java:373) ~[?:?]
	at java.util.concurrent.ForkJoinPool$WorkQueue.topLevelExec(ForkJoinPool.java:1182) ~[?:?]
	at java.util.concurrent.ForkJoinPool.scan(ForkJoinPool.java:1655) ~[?:?]
	at java.util.concurrent.ForkJoinPool.runWorker(ForkJoinPool.java:1622) ~[?:?]
	at java.util.concurrent.ForkJoinWorkerThread.run(ForkJoinWorkerThread.java:165) ~[?:?]
Caused by: java.io.EOFException: End of input at line 1 column 1 path $
	at com.google.gson.stream.JsonReader.nextNonWhitespace(JsonReader.java:1455) ~[gson-2.10.jar%2372!/:?]
	at com.google.gson.stream.JsonReader.doPeek(JsonReader.java:558) ~[gson-2.10.jar%2372!/:?]
	at com.google.gson.stream.JsonReader.peek(JsonReader.java:433) ~[gson-2.10.jar%2372!/:?]
	at com.google.gson.internal.bind.TypeAdapters$28.read(TypeAdapters.java:769) ~[gson-2.10.jar%2372!/:?]
	at com.google.gson.internal.bind.TypeAdapters$28.read(TypeAdapters.java:725) ~[gson-2.10.jar%2372!/:?]
	at com.google.gson.internal.bind.TypeAdapters$34$1.read(TypeAdapters.java:1007) ~[gson-2.10.jar%2372!/:?]
	at net.minecraft.util.GsonHelper.m_13780_(GsonHelper.java:524) ~[server-1.20.1-20230612.114412-srg.jar%23420!/:?]
	... 13 more
[06Jun2026 05:46:31.285] [Worker-Main-1/ERROR] [net.minecraft.server.packs.resources.SimpleJsonResourceReloadListener/]: Couldn't parse data file efn:crescent_moon from efn:recipes/crescent_moon.json
com.google.gson.JsonParseException: java.io.EOFException: End of input at line 1 column 1 path $
	at net.minecraft.util.GsonHelper.m_13780_(GsonHelper.java:526) ~[server-1.20.1-20230612.114412-srg.jar%23420!/:?]
	at net.minecraft.util.GsonHelper.m_263475_(GsonHelper.java:531) ~[server-1.20.1-20230612.114412-srg.jar%23420!/:?]
	at net.minecraft.util.GsonHelper.m_13776_(GsonHelper.java:581) ~[server-1.20.1-20230612.114412-srg.jar%23420!/:?]
	at net.minecraft.server.packs.resources.SimpleJsonResourceReloadListener.m_278771_(SimpleJsonResourceReloadListener.java:41) ~[server-1.20.1-20230612.114412-srg.jar%23420!/:?]
	at net.minecraft.server.packs.resources.SimpleJsonResourceReloadListener.m_5944_(SimpleJsonResourceReloadListener.java:29) ~[server-1.20.1-20230612.114412-srg.jar%23420!/:?]
	at net.minecraft.server.packs.resources.SimpleJsonResourceReloadListener.m_5944_(SimpleJsonResourceReloadListener.java:17) ~[server-1.20.1-20230612.114412-srg.jar%23420!/:?]
	at net.minecraft.server.packs.resources.SimplePreparableReloadListener.m_10786_(SimplePreparableReloadListener.java:11) ~[server-1.20.1-20230612.114412-srg.jar%23420!/:?]
	at java.util.concurrent.CompletableFuture$AsyncSupply.run(CompletableFuture.java:1768) ~[?:?]
	at java.util.concurrent.CompletableFuture$AsyncSupply.exec(CompletableFuture.java:1760) ~[?:?]
	at java.util.concurrent.ForkJoinTask.doExec(ForkJoinTask.java:373) ~[?:?]
	at java.util.concurrent.ForkJoinPool$WorkQueue.topLevelExec(ForkJoinPool.java:1182) ~[?:?]
	at java.util.concurrent.ForkJoinPool.scan(ForkJoinPool.java:1655) ~[?:?]
	at java.util.concurrent.ForkJoinPool.runWorker(ForkJoinPool.java:1622) ~[?:?]
	at java.util.concurrent.ForkJoinWorkerThread.run(ForkJoinWorkerThread.java:165) ~[?:?]
Caused by: java.io.EOFException: End of input at line 1 column 1 path $
	at com.google.gson.stream.JsonReader.nextNonWhitespace(JsonReader.java:1455) ~[gson-2.10.jar%2372!/:?]
	at com.google.gson.stream.JsonReader.doPeek(JsonReader.java:558) ~[gson-2.10.jar%2372!/:?]
	at com.google.gson.stream.JsonReader.peek(JsonReader.java:433) ~[gson-2.10.jar%2372!/:?]
	at com.google.gson.internal.bind.TypeAdapters$28.read(TypeAdapters.java:769) ~[gson-2.10.jar%2372!/:?]
	at com.google.gson.internal.bind.TypeAdapters$28.read(TypeAdapters.java:725) ~[gson-2.10.jar%2372!/:?]
	at com.google.gson.internal.bind.TypeAdapters$34$1.read(TypeAdapters.java:1007) ~[gson-2.10.jar%2372!/:?]
	at net.minecraft.util.GsonHelper.m_13780_(GsonHelper.java:524) ~[server-1.20.1-20230612.114412-srg.jar%23420!/:?]
	... 13 more
[06Jun2026 05:46:31.286] [Worker-Main-1/ERROR] [net.minecraft.server.packs.resources.SimpleJsonResourceReloadListener/]: Couldn't parse data file efn:crimson_moon from efn:recipes/crimson_moon.json
com.google.gson.JsonParseException: java.io.EOFException: End of input at line 1 column 1 path $
	at net.minecraft.util.GsonHelper.m_13780_(GsonHelper.java:526) ~[server-1.20.1-20230612.114412-srg.jar%23420!/:?]
	at net.minecraft.util.GsonHelper.m_263475_(GsonHelper.java:531) ~[server-1.20.1-20230612.114412-srg.jar%23420!/:?]
	at net.minecraft.util.GsonHelper.m_13776_(GsonHelper.java:581) ~[server-1.20.1-20230612.114412-srg.jar%23420!/:?]
	at net.minecraft.server.packs.resources.SimpleJsonResourceReloadListener.m_278771_(SimpleJsonResourceReloadListener.java:41) ~[server-1.20.1-20230612.114412-srg.jar%23420!/:?]
	at net.minecraft.server.packs.resources.SimpleJsonResourceReloadListener.m_5944_(SimpleJsonResourceReloadListener.java:29) ~[server-1.20.1-20230612.114412-srg.jar%23420!/:?]
	at net.minecraft.server.packs.resources.SimpleJsonResourceReloadListener.m_5944_(SimpleJsonResourceReloadListener.java:17) ~[server-1.20.1-20230612.114412-srg.jar%23420!/:?]
	at net.minecraft.server.packs.resources.SimplePreparableReloadListener.m_10786_(SimplePreparableReloadListener.java:11) ~[server-1.20.1-20230612.114412-srg.jar%23420!/:?]
	at java.util.concurrent.CompletableFuture$AsyncSupply.run(CompletableFuture.java:1768) ~[?:?]
	at java.util.concurrent.CompletableFuture$AsyncSupply.exec(CompletableFuture.java:1760) ~[?:?]
	at java.util.concurrent.ForkJoinTask.doExec(ForkJoinTask.java:373) ~[?:?]
	at java.util.concurrent.ForkJoinPool$WorkQueue.topLevelExec(ForkJoinPool.java:1182) ~[?:?]
	at java.util.concurrent.ForkJoinPool.scan(ForkJoinPool.java:1655) ~[?:?]
	at java.util.concurrent.ForkJoinPool.runWorker(ForkJoinPool.java:1622) ~[?:?]
	at java.util.concurrent.ForkJoinWorkerThread.run(ForkJoinWorkerThread.java:165) ~[?:?]
Caused by: java.io.EOFException: End of input at line 1 column 1 path $
	at com.google.gson.stream.JsonReader.nextNonWhitespace(JsonReader.java:1455) ~[gson-2.10.jar%2372!/:?]
	at com.google.gson.stream.JsonReader.doPeek(JsonReader.java:558) ~[gson-2.10.jar%2372!/:?]
	at com.google.gson.stream.JsonReader.peek(JsonReader.java:433) ~[gson-2.10.jar%2372!/:?]
	at com.google.gson.internal.bind.TypeAdapters$28.read(TypeAdapters.java:769) ~[gson-2.10.jar%2372!/:?]
	at com.google.gson.internal.bind.TypeAdapters$28.read(TypeAdapters.java:725) ~[gson-2.10.jar%2372!/:?]
	at com.google.gson.internal.bind.TypeAdapters$34$1.read(TypeAdapters.java:1007) ~[gson-2.10.jar%2372!/:?]
	at net.minecraft.util.GsonHelper.m_13780_(GsonHelper.java:524) ~[server-1.20.1-20230612.114412-srg.jar%23420!/:?]
	... 13 more
[06Jun2026 05:46:31.289] [Worker-Main-1/ERROR] [net.minecraft.server.packs.resources.SimpleJsonResourceReloadListener/]: Couldn't parse data file fromtheshadows:crystallized_dagger from fromtheshadows:recipes/crystallized_dagger.json
com.google.gson.JsonParseException: java.io.EOFException: End of input at line 1 column 1 path $
	at net.minecraft.util.GsonHelper.m_13780_(GsonHelper.java:526) ~[server-1.20.1-20230612.114412-srg.jar%23420!/:?]
	at net.minecraft.util.GsonHelper.m_263475_(GsonHelper.java:531) ~[server-1.20.1-20230612.114412-srg.jar%23420!/:?]
	at net.minecraft.util.GsonHelper.m_13776_(GsonHelper.java:581) ~[server-1.20.1-20230612.114412-srg.jar%23420!/:?]
	at net.minecraft.server.packs.resources.SimpleJsonResourceReloadListener.m_278771_(SimpleJsonResourceReloadListener.java:41) ~[server-1.20.1-20230612.114412-srg.jar%23420!/:?]
	at net.minecraft.server.packs.resources.SimpleJsonResourceReloadListener.m_5944_(SimpleJsonResourceReloadListener.java:29) ~[server-1.20.1-20230612.114412-srg.jar%23420!/:?]
	at net.minecraft.server.packs.resources.SimpleJsonResourceReloadListener.m_5944_(SimpleJsonResourceReloadListener.java:17) ~[server-1.20.1-20230612.114412-srg.jar%23420!/:?]
	at net.minecraft.server.packs.resources.SimplePreparableReloadListener.m_10786_(SimplePreparableReloadListener.java:11) ~[server-1.20.1-20230612.114412-srg.jar%23420!/:?]
	at java.util.concurrent.CompletableFuture$AsyncSupply.run(CompletableFuture.java:1768) ~[?:?]
	at java.util.concurrent.CompletableFuture$AsyncSupply.exec(CompletableFuture.java:1760) ~[?:?]
	at java.util.concurrent.ForkJoinTask.doExec(ForkJoinTask.java:373) ~[?:?]
	at java.util.concurrent.ForkJoinPool$WorkQueue.topLevelExec(ForkJoinPool.java:1182) ~[?:?]
	at java.util.concurrent.ForkJoinPool.scan(ForkJoinPool.java:1655) ~[?:?]
	at java.util.concurrent.ForkJoinPool.runWorker(ForkJoinPool.java:1622) ~[?:?]
	at java.util.concurrent.ForkJoinWorkerThread.run(ForkJoinWorkerThread.java:165) ~[?:?]
Caused by: java.io.EOFException: End of input at line 1 column 1 path $
	at com.google.gson.stream.JsonReader.nextNonWhitespace(JsonReader.java:1455) ~[gson-2.10.jar%2372!/:?]
	at com.google.gson.stream.JsonReader.doPeek(JsonReader.java:558) ~[gson-2.10.jar%2372!/:?]
	at com.google.gson.stream.JsonReader.peek(JsonReader.java:433) ~[gson-2.10.jar%2372!/:?]
	at com.google.gson.internal.bind.TypeAdapters$28.read(TypeAdapters.java:769) ~[gson-2.10.jar%2372!/:?]
	at com.google.gson.internal.bind.TypeAdapters$28.read(TypeAdapters.java:725) ~[gson-2.10.jar%2372!/:?]
	at com.google.gson.internal.bind.TypeAdapters$34$1.read(TypeAdapters.java:1007) ~[gson-2.10.jar%2372!/:?]
	at net.minecraft.util.GsonHelper.m_13780_(GsonHelper.java:524) ~[server-1.20.1-20230612.114412-srg.jar%23420!/:?]
	... 13 more
[06Jun2026 05:46:31.291] [Worker-Main-1/ERROR] [net.minecraft.server.packs.resources.SimpleJsonResourceReloadListener/]: Couldn't parse data file cataclysm:cursed_bow from cataclysm:recipes/cursed_bow.json
com.google.gson.JsonParseException: java.io.EOFException: End of input at line 1 column 1 path $
	at net.minecraft.util.GsonHelper.m_13780_(GsonHelper.java:526) ~[server-1.20.1-20230612.114412-srg.jar%23420!/:?]
	at net.minecraft.util.GsonHelper.m_263475_(GsonHelper.java:531) ~[server-1.20.1-20230612.114412-srg.jar%23420!/:?]
	at net.minecraft.util.GsonHelper.m_13776_(GsonHelper.java:581) ~[server-1.20.1-20230612.114412-srg.jar%23420!/:?]
	at net.minecraft.server.packs.resources.SimpleJsonResourceReloadListener.m_278771_(SimpleJsonResourceReloadListener.java:41) ~[server-1.20.1-20230612.114412-srg.jar%23420!/:?]
	at net.minecraft.server.packs.resources.SimpleJsonResourceReloadListener.m_5944_(SimpleJsonResourceReloadListener.java:29) ~[server-1.20.1-20230612.114412-srg.jar%23420!/:?]
	at net.minecraft.server.packs.resources.SimpleJsonResourceReloadListener.m_5944_(SimpleJsonResourceReloadListener.java:17) ~[server-1.20.1-20230612.114412-srg.jar%23420!/:?]
	at net.minecraft.server.packs.resources.SimplePreparableReloadListener.m_10786_(SimplePreparableReloadListener.java:11) ~[server-1.20.1-20230612.114412-srg.jar%23420!/:?]
	at java.util.concurrent.CompletableFuture$AsyncSupply.run(CompletableFuture.java:1768) ~[?:?]
	at java.util.concurrent.CompletableFuture$AsyncSupply.exec(CompletableFuture.java:1760) ~[?:?]
	at java.util.concurrent.ForkJoinTask.doExec(ForkJoinTask.java:373) ~[?:?]
	at java.util.concurrent.ForkJoinPool$WorkQueue.topLevelExec(ForkJoinPool.java:1182) ~[?:?]
	at java.util.concurrent.ForkJoinPool.scan(ForkJoinPool.java:1655) ~[?:?]
	at java.util.concurrent.ForkJoinPool.runWorker(ForkJoinPool.java:1622) ~[?:?]
	at java.util.concurrent.ForkJoinWorkerThread.run(ForkJoinWorkerThread.java:165) ~[?:?]
Caused by: java.io.EOFException: End of input at line 1 column 1 path $
	at com.google.gson.stream.JsonReader.nextNonWhitespace(JsonReader.java:1455) ~[gson-2.10.jar%2372!/:?]
	at com.google.gson.stream.JsonReader.doPeek(JsonReader.java:558) ~[gson-2.10.jar%2372!/:?]
	at com.google.gson.stream.JsonReader.peek(JsonReader.java:433) ~[gson-2.10.jar%2372!/:?]
	at com.google.gson.internal.bind.TypeAdapters$28.read(TypeAdapters.java:769) ~[gson-2.10.jar%2372!/:?]
	at com.google.gson.internal.bind.TypeAdapters$28.read(TypeAdapters.java:725) ~[gson-2.10.jar%2372!/:?]
	at com.google.gson.internal.bind.TypeAdapters$34$1.read(TypeAdapters.java:1007) ~[gson-2.10.jar%2372!/:?]
	at net.minecraft.util.GsonHelper.m_13780_(GsonHelper.java:524) ~[server-1.20.1-20230612.114412-srg.jar%23420!/:?]
	... 13 more
[06Jun2026 05:46:31.291] [Worker-Main-1/ERROR] [net.minecraft.server.packs.resources.SimpleJsonResourceReloadListener/]: Couldn't parse data file irons_spellbooks:cursed_doll_spell_book from irons_spellbooks:recipes/cursed_doll_spell_book.json
com.google.gson.JsonParseException: java.io.EOFException: End of input at line 1 column 1 path $
	at net.minecraft.util.GsonHelper.m_13780_(GsonHelper.java:526) ~[server-1.20.1-20230612.114412-srg.jar%23420!/:?]
	at net.minecraft.util.GsonHelper.m_263475_(GsonHelper.java:531) ~[server-1.20.1-20230612.114412-srg.jar%23420!/:?]
	at net.minecraft.util.GsonHelper.m_13776_(GsonHelper.java:581) ~[server-1.20.1-20230612.114412-srg.jar%23420!/:?]
	at net.minecraft.server.packs.resources.SimpleJsonResourceReloadListener.m_278771_(SimpleJsonResourceReloadListener.java:41) ~[server-1.20.1-20230612.114412-srg.jar%23420!/:?]
	at net.minecraft.server.packs.resources.SimpleJsonResourceReloadListener.m_5944_(SimpleJsonResourceReloadListener.java:29) ~[server-1.20.1-20230612.114412-srg.jar%23420!/:?]
	at net.minecraft.server.packs.resources.SimpleJsonResourceReloadListener.m_5944_(SimpleJsonResourceReloadListener.java:17) ~[server-1.20.1-20230612.114412-srg.jar%23420!/:?]
	at net.minecraft.server.packs.resources.SimplePreparableReloadListener.m_10786_(SimplePreparableReloadListener.java:11) ~[server-1.20.1-20230612.114412-srg.jar%23420!/:?]
	at java.util.concurrent.CompletableFuture$AsyncSupply.run(CompletableFuture.java:1768) ~[?:?]
	at java.util.concurrent.CompletableFuture$AsyncSupply.exec(CompletableFuture.java:1760) ~[?:?]
	at java.util.concurrent.ForkJoinTask.doExec(ForkJoinTask.java:373) ~[?:?]
	at java.util.concurrent.ForkJoinPool$WorkQueue.topLevelExec(ForkJoinPool.java:1182) ~[?:?]
	at java.util.concurrent.ForkJoinPool.scan(ForkJoinPool.java:1655) ~[?:?]
	at java.util.concurrent.ForkJoinPool.runWorker(ForkJoinPool.java:1622) ~[?:?]
	at java.util.concurrent.ForkJoinWorkerThread.run(ForkJoinWorkerThread.java:165) ~[?:?]
Caused by: java.io.EOFException: End of input at line 1 column 1 path $
	at com.google.gson.stream.JsonReader.nextNonWhitespace(JsonReader.java:1455) ~[gson-2.10.jar%2372!/:?]
	at com.google.gson.stream.JsonReader.doPeek(JsonReader.java:558) ~[gson-2.10.jar%2372!/:?]
	at com.google.gson.stream.JsonReader.peek(JsonReader.java:433) ~[gson-2.10.jar%2372!/:?]
	at com.google.gson.internal.bind.TypeAdapters$28.read(TypeAdapters.java:769) ~[gson-2.10.jar%2372!/:?]
	at com.google.gson.internal.bind.TypeAdapters$28.read(TypeAdapters.java:725) ~[gson-2.10.jar%2372!/:?]
	at com.google.gson.internal.bind.TypeAdapters$34$1.read(TypeAdapters.java:1007) ~[gson-2.10.jar%2372!/:?]
	at net.minecraft.util.GsonHelper.m_13780_(GsonHelper.java:524) ~[server-1.20.1-20230612.114412-srg.jar%23420!/:?]
	... 13 more
[06Jun2026 05:46:31.302] [Worker-Main-1/ERROR] [net.minecraft.server.packs.resources.SimpleJsonResourceReloadListener/]: Couldn't parse data file irons_spellbooks:decrepit_scythe_repair from irons_spellbooks:recipes/decrepit_scythe_repair.json
com.google.gson.JsonParseException: java.io.EOFException: End of input at line 1 column 1 path $
	at net.minecraft.util.GsonHelper.m_13780_(GsonHelper.java:526) ~[server-1.20.1-20230612.114412-srg.jar%23420!/:?]
	at net.minecraft.util.GsonHelper.m_263475_(GsonHelper.java:531) ~[server-1.20.1-20230612.114412-srg.jar%23420!/:?]
	at net.minecraft.util.GsonHelper.m_13776_(GsonHelper.java:581) ~[server-1.20.1-20230612.114412-srg.jar%23420!/:?]
	at net.minecraft.server.packs.resources.SimpleJsonResourceReloadListener.m_278771_(SimpleJsonResourceReloadListener.java:41) ~[server-1.20.1-20230612.114412-srg.jar%23420!/:?]
	at net.minecraft.server.packs.resources.SimpleJsonResourceReloadListener.m_5944_(SimpleJsonResourceReloadListener.java:29) ~[server-1.20.1-20230612.114412-srg.jar%23420!/:?]
	at net.minecraft.server.packs.resources.SimpleJsonResourceReloadListener.m_5944_(SimpleJsonResourceReloadListener.java:17) ~[server-1.20.1-20230612.114412-srg.jar%23420!/:?]
	at net.minecraft.server.packs.resources.SimplePreparableReloadListener.m_10786_(SimplePreparableReloadListener.java:11) ~[server-1.20.1-20230612.114412-srg.jar%23420!/:?]
	at java.util.concurrent.CompletableFuture$AsyncSupply.run(CompletableFuture.java:1768) ~[?:?]
	at java.util.concurrent.CompletableFuture$AsyncSupply.exec(CompletableFuture.java:1760) ~[?:?]
	at java.util.concurrent.ForkJoinTask.doExec(ForkJoinTask.java:373) ~[?:?]
	at java.util.concurrent.ForkJoinPool$WorkQueue.topLevelExec(ForkJoinPool.java:1182) ~[?:?]
	at java.util.concurrent.ForkJoinPool.scan(ForkJoinPool.java:1655) ~[?:?]
	at java.util.concurrent.ForkJoinPool.runWorker(ForkJoinPool.java:1622) ~[?:?]
	at java.util.concurrent.ForkJoinWorkerThread.run(ForkJoinWorkerThread.java:165) ~[?:?]
Caused by: java.io.EOFException: End of input at line 1 column 1 path $
	at com.google.gson.stream.JsonReader.nextNonWhitespace(JsonReader.java:1455) ~[gson-2.10.jar%2372!/:?]
	at com.google.gson.stream.JsonReader.doPeek(JsonReader.java:558) ~[gson-2.10.jar%2372!/:?]
	at com.google.gson.stream.JsonReader.peek(JsonReader.java:433) ~[gson-2.10.jar%2372!/:?]
	at com.google.gson.internal.bind.TypeAdapters$28.read(TypeAdapters.java:769) ~[gson-2.10.jar%2372!/:?]
	at com.google.gson.internal.bind.TypeAdapters$28.read(TypeAdapters.java:725) ~[gson-2.10.jar%2372!/:?]
	at com.google.gson.internal.bind.TypeAdapters$34$1.read(TypeAdapters.java:1007) ~[gson-2.10.jar%2372!/:?]
	at net.minecraft.util.GsonHelper.m_13780_(GsonHelper.java:524) ~[server-1.20.1-20230612.114412-srg.jar%23420!/:?]
	... 13 more
[06Jun2026 05:46:31.304] [Worker-Main-1/ERROR] [net.minecraft.server.packs.resources.SimpleJsonResourceReloadListener/]: Couldn't parse data file fromtheshadows:devil_splitter from fromtheshadows:recipes/devil_splitter.json
com.google.gson.JsonParseException: java.io.EOFException: End of input at line 1 column 1 path $
	at net.minecraft.util.GsonHelper.m_13780_(GsonHelper.java:526) ~[server-1.20.1-20230612.114412-srg.jar%23420!/:?]
	at net.minecraft.util.GsonHelper.m_263475_(GsonHelper.java:531) ~[server-1.20.1-20230612.114412-srg.jar%23420!/:?]
	at net.minecraft.util.GsonHelper.m_13776_(GsonHelper.java:581) ~[server-1.20.1-20230612.114412-srg.jar%23420!/:?]
	at net.minecraft.server.packs.resources.SimpleJsonResourceReloadListener.m_278771_(SimpleJsonResourceReloadListener.java:41) ~[server-1.20.1-20230612.114412-srg.jar%23420!/:?]
	at net.minecraft.server.packs.resources.SimpleJsonResourceReloadListener.m_5944_(SimpleJsonResourceReloadListener.java:29) ~[server-1.20.1-20230612.114412-srg.jar%23420!/:?]
	at net.minecraft.server.packs.resources.SimpleJsonResourceReloadListener.m_5944_(SimpleJsonResourceReloadListener.java:17) ~[server-1.20.1-20230612.114412-srg.jar%23420!/:?]
	at net.minecraft.server.packs.resources.SimplePreparableReloadListener.m_10786_(SimplePreparableReloadListener.java:11) ~[server-1.20.1-20230612.114412-srg.jar%23420!/:?]
	at java.util.concurrent.CompletableFuture$AsyncSupply.run(CompletableFuture.java:1768) ~[?:?]
	at java.util.concurrent.CompletableFuture$AsyncSupply.exec(CompletableFuture.java:1760) ~[?:?]
	at java.util.concurrent.ForkJoinTask.doExec(ForkJoinTask.java:373) ~[?:?]
	at java.util.concurrent.ForkJoinPool$WorkQueue.topLevelExec(ForkJoinPool.java:1182) ~[?:?]
	at java.util.concurrent.ForkJoinPool.scan(ForkJoinPool.java:1655) ~[?:?]
	at java.util.concurrent.ForkJoinPool.runWorker(ForkJoinPool.java:1622) ~[?:?]
	at java.util.concurrent.ForkJoinWorkerThread.run(ForkJoinWorkerThread.java:165) ~[?:?]
Caused by: java.io.EOFException: End of input at line 1 column 1 path $
	at com.google.gson.stream.JsonReader.nextNonWhitespace(JsonReader.java:1455) ~[gson-2.10.jar%2372!/:?]
	at com.google.gson.stream.JsonReader.doPeek(JsonReader.java:558) ~[gson-2.10.jar%2372!/:?]
	at com.google.gson.stream.JsonReader.peek(JsonReader.java:433) ~[gson-2.10.jar%2372!/:?]
	at com.google.gson.internal.bind.TypeAdapters$28.read(TypeAdapters.java:769) ~[gson-2.10.jar%2372!/:?]
	at com.google.gson.internal.bind.TypeAdapters$28.read(TypeAdapters.java:725) ~[gson-2.10.jar%2372!/:?]
	at com.google.gson.internal.bind.TypeAdapters$34$1.read(TypeAdapters.java:1007) ~[gson-2.10.jar%2372!/:?]
	at net.minecraft.util.GsonHelper.m_13780_(GsonHelper.java:524) ~[server-1.20.1-20230612.114412-srg.jar%23420!/:?]
	... 13 more
[06Jun2026 05:46:31.307] [Worker-Main-1/ERROR] [net.minecraft.server.packs.resources.SimpleJsonResourceReloadListener/]: Couldn't parse data file irons_spellbooks:diamond_spell_book from irons_spellbooks:recipes/diamond_spell_book.json
com.google.gson.JsonParseException: java.io.EOFException: End of input at line 1 column 1 path $
	at net.minecraft.util.GsonHelper.m_13780_(GsonHelper.java:526) ~[server-1.20.1-20230612.114412-srg.jar%23420!/:?]
	at net.minecraft.util.GsonHelper.m_263475_(GsonHelper.java:531) ~[server-1.20.1-20230612.114412-srg.jar%23420!/:?]
	at net.minecraft.util.GsonHelper.m_13776_(GsonHelper.java:581) ~[server-1.20.1-20230612.114412-srg.jar%23420!/:?]
	at net.minecraft.server.packs.resources.SimpleJsonResourceReloadListener.m_278771_(SimpleJsonResourceReloadListener.java:41) ~[server-1.20.1-20230612.114412-srg.jar%23420!/:?]
	at net.minecraft.server.packs.resources.SimpleJsonResourceReloadListener.m_5944_(SimpleJsonResourceReloadListener.java:29) ~[server-1.20.1-20230612.114412-srg.jar%23420!/:?]
	at net.minecraft.server.packs.resources.SimpleJsonResourceReloadListener.m_5944_(SimpleJsonResourceReloadListener.java:17) ~[server-1.20.1-20230612.114412-srg.jar%23420!/:?]
	at net.minecraft.server.packs.resources.SimplePreparableReloadListener.m_10786_(SimplePreparableReloadListener.java:11) ~[server-1.20.1-20230612.114412-srg.jar%23420!/:?]
	at java.util.concurrent.CompletableFuture$AsyncSupply.run(CompletableFuture.java:1768) ~[?:?]
	at java.util.concurrent.CompletableFuture$AsyncSupply.exec(CompletableFuture.java:1760) ~[?:?]
	at java.util.concurrent.ForkJoinTask.doExec(ForkJoinTask.java:373) ~[?:?]
	at java.util.concurrent.ForkJoinPool$WorkQueue.topLevelExec(ForkJoinPool.java:1182) ~[?:?]
	at java.util.concurrent.ForkJoinPool.scan(ForkJoinPool.java:1655) ~[?:?]
	at java.util.concurrent.ForkJoinPool.runWorker(ForkJoinPool.java:1622) ~[?:?]
	at java.util.concurrent.ForkJoinWorkerThread.run(ForkJoinWorkerThread.java:165) ~[?:?]
Caused by: java.io.EOFException: End of input at line 1 column 1 path $
	at com.google.gson.stream.JsonReader.nextNonWhitespace(JsonReader.java:1455) ~[gson-2.10.jar%2372!/:?]
	at com.google.gson.stream.JsonReader.doPeek(JsonReader.java:558) ~[gson-2.10.jar%2372!/:?]
	at com.google.gson.stream.JsonReader.peek(JsonReader.java:433) ~[gson-2.10.jar%2372!/:?]
	at com.google.gson.internal.bind.TypeAdapters$28.read(TypeAdapters.java:769) ~[gson-2.10.jar%2372!/:?]
	at com.google.gson.internal.bind.TypeAdapters$28.read(TypeAdapters.java:725) ~[gson-2.10.jar%2372!/:?]
	at com.google.gson.internal.bind.TypeAdapters$34$1.read(TypeAdapters.java:1007) ~[gson-2.10.jar%2372!/:?]
	at net.minecraft.util.GsonHelper.m_13780_(GsonHelper.java:524) ~[server-1.20.1-20230612.114412-srg.jar%23420!/:?]
	... 13 more
[06Jun2026 05:46:31.310] [Worker-Main-1/ERROR] [net.minecraft.server.packs.resources.SimpleJsonResourceReloadListener/]: Couldn't parse data file irons_spellbooks:dragonskin_spell_book from irons_spellbooks:recipes/dragonskin_spell_book.json
com.google.gson.JsonParseException: java.io.EOFException: End of input at line 1 column 1 path $
	at net.minecraft.util.GsonHelper.m_13780_(GsonHelper.java:526) ~[server-1.20.1-20230612.114412-srg.jar%23420!/:?]
	at net.minecraft.util.GsonHelper.m_263475_(GsonHelper.java:531) ~[server-1.20.1-20230612.114412-srg.jar%23420!/:?]
	at net.minecraft.util.GsonHelper.m_13776_(GsonHelper.java:581) ~[server-1.20.1-20230612.114412-srg.jar%23420!/:?]
	at net.minecraft.server.packs.resources.SimpleJsonResourceReloadListener.m_278771_(SimpleJsonResourceReloadListener.java:41) ~[server-1.20.1-20230612.114412-srg.jar%23420!/:?]
	at net.minecraft.server.packs.resources.SimpleJsonResourceReloadListener.m_5944_(SimpleJsonResourceReloadListener.java:29) ~[server-1.20.1-20230612.114412-srg.jar%23420!/:?]
	at net.minecraft.server.packs.resources.SimpleJsonResourceReloadListener.m_5944_(SimpleJsonResourceReloadListener.java:17) ~[server-1.20.1-20230612.114412-srg.jar%23420!/:?]
	at net.minecraft.server.packs.resources.SimplePreparableReloadListener.m_10786_(SimplePreparableReloadListener.java:11) ~[server-1.20.1-20230612.114412-srg.jar%23420!/:?]
	at java.util.concurrent.CompletableFuture$AsyncSupply.run(CompletableFuture.java:1768) ~[?:?]
	at java.util.concurrent.CompletableFuture$AsyncSupply.exec(CompletableFuture.java:1760) ~[?:?]
	at java.util.concurrent.ForkJoinTask.doExec(ForkJoinTask.java:373) ~[?:?]
	at java.util.concurrent.ForkJoinPool$WorkQueue.topLevelExec(ForkJoinPool.java:1182) ~[?:?]
	at java.util.concurrent.ForkJoinPool.scan(ForkJoinPool.java:1655) ~[?:?]
	at java.util.concurrent.ForkJoinPool.runWorker(ForkJoinPool.java:1622) ~[?:?]
	at java.util.concurrent.ForkJoinWorkerThread.run(ForkJoinWorkerThread.java:165) ~[?:?]
Caused by: java.io.EOFException: End of input at line 1 column 1 path $
	at com.google.gson.stream.JsonReader.nextNonWhitespace(JsonReader.java:1455) ~[gson-2.10.jar%2372!/:?]
	at com.google.gson.stream.JsonReader.doPeek(JsonReader.java:558) ~[gson-2.10.jar%2372!/:?]
	at com.google.gson.stream.JsonReader.peek(JsonReader.java:433) ~[gson-2.10.jar%2372!/:?]
	at com.google.gson.internal.bind.TypeAdapters$28.read(TypeAdapters.java:769) ~[gson-2.10.jar%2372!/:?]
	at com.google.gson.internal.bind.TypeAdapters$28.read(TypeAdapters.java:725) ~[gson-2.10.jar%2372!/:?]
	at com.google.gson.internal.bind.TypeAdapters$34$1.read(TypeAdapters.java:1007) ~[gson-2.10.jar%2372!/:?]
	at net.minecraft.util.GsonHelper.m_13780_(GsonHelper.java:524) ~[server-1.20.1-20230612.114412-srg.jar%23420!/:?]
	... 13 more
[06Jun2026 05:46:31.311] [Worker-Main-1/ERROR] [net.minecraft.server.packs.resources.SimpleJsonResourceReloadListener/]: Couldn't parse data file irons_spellbooks:druidic_spell_book from irons_spellbooks:recipes/druidic_spell_book.json
com.google.gson.JsonParseException: java.io.EOFException: End of input at line 1 column 1 path $
	at net.minecraft.util.GsonHelper.m_13780_(GsonHelper.java:526) ~[server-1.20.1-20230612.114412-srg.jar%23420!/:?]
	at net.minecraft.util.GsonHelper.m_263475_(GsonHelper.java:531) ~[server-1.20.1-20230612.114412-srg.jar%23420!/:?]
	at net.minecraft.util.GsonHelper.m_13776_(GsonHelper.java:581) ~[server-1.20.1-20230612.114412-srg.jar%23420!/:?]
	at net.minecraft.server.packs.resources.SimpleJsonResourceReloadListener.m_278771_(SimpleJsonResourceReloadListener.java:41) ~[server-1.20.1-20230612.114412-srg.jar%23420!/:?]
	at net.minecraft.server.packs.resources.SimpleJsonResourceReloadListener.m_5944_(SimpleJsonResourceReloadListener.java:29) ~[server-1.20.1-20230612.114412-srg.jar%23420!/:?]
	at net.minecraft.server.packs.resources.SimpleJsonResourceReloadListener.m_5944_(SimpleJsonResourceReloadListener.java:17) ~[server-1.20.1-20230612.114412-srg.jar%23420!/:?]
	at net.minecraft.server.packs.resources.SimplePreparableReloadListener.m_10786_(SimplePreparableReloadListener.java:11) ~[server-1.20.1-20230612.114412-srg.jar%23420!/:?]
	at java.util.concurrent.CompletableFuture$AsyncSupply.run(CompletableFuture.java:1768) ~[?:?]
	at java.util.concurrent.CompletableFuture$AsyncSupply.exec(CompletableFuture.java:1760) ~[?:?]
	at java.util.concurrent.ForkJoinTask.doExec(ForkJoinTask.java:373) ~[?:?]
	at java.util.concurrent.ForkJoinPool$WorkQueue.topLevelExec(ForkJoinPool.java:1182) ~[?:?]
	at java.util.concurrent.ForkJoinPool.scan(ForkJoinPool.java:1655) ~[?:?]
	at java.util.concurrent.ForkJoinPool.runWorker(ForkJoinPool.java:1622) ~[?:?]
	at java.util.concurrent.ForkJoinWorkerThread.run(ForkJoinWorkerThread.java:165) ~[?:?]
Caused by: java.io.EOFException: End of input at line 1 column 1 path $
	at com.google.gson.stream.JsonReader.nextNonWhitespace(JsonReader.java:1455) ~[gson-2.10.jar%2372!/:?]
	at com.google.gson.stream.JsonReader.doPeek(JsonReader.java:558) ~[gson-2.10.jar%2372!/:?]
	at com.google.gson.stream.JsonReader.peek(JsonReader.java:433) ~[gson-2.10.jar%2372!/:?]
	at com.google.gson.internal.bind.TypeAdapters$28.read(TypeAdapters.java:769) ~[gson-2.10.jar%2372!/:?]
	at com.google.gson.internal.bind.TypeAdapters$28.read(TypeAdapters.java:725) ~[gson-2.10.jar%2372!/:?]
	at com.google.gson.internal.bind.TypeAdapters$34$1.read(TypeAdapters.java:1007) ~[gson-2.10.jar%2372!/:?]
	at net.minecraft.util.GsonHelper.m_13780_(GsonHelper.java:524) ~[server-1.20.1-20230612.114412-srg.jar%23420!/:?]
	... 13 more
[06Jun2026 05:46:31.312] [Worker-Main-1/ERROR] [net.minecraft.server.packs.resources.SimpleJsonResourceReloadListener/]: Couldn't parse data file efn:duskfire_boots from efn:recipes/duskfire_boots.json
com.google.gson.JsonParseException: java.io.EOFException: End of input at line 1 column 1 path $
	at net.minecraft.util.GsonHelper.m_13780_(GsonHelper.java:526) ~[server-1.20.1-20230612.114412-srg.jar%23420!/:?]
	at net.minecraft.util.GsonHelper.m_263475_(GsonHelper.java:531) ~[server-1.20.1-20230612.114412-srg.jar%23420!/:?]
	at net.minecraft.util.GsonHelper.m_13776_(GsonHelper.java:581) ~[server-1.20.1-20230612.114412-srg.jar%23420!/:?]
	at net.minecraft.server.packs.resources.SimpleJsonResourceReloadListener.m_278771_(SimpleJsonResourceReloadListener.java:41) ~[server-1.20.1-20230612.114412-srg.jar%23420!/:?]
	at net.minecraft.server.packs.resources.SimpleJsonResourceReloadListener.m_5944_(SimpleJsonResourceReloadListener.java:29) ~[server-1.20.1-20230612.114412-srg.jar%23420!/:?]
	at net.minecraft.server.packs.resources.SimpleJsonResourceReloadListener.m_5944_(SimpleJsonResourceReloadListener.java:17) ~[server-1.20.1-20230612.114412-srg.jar%23420!/:?]
	at net.minecraft.server.packs.resources.SimplePreparableReloadListener.m_10786_(SimplePreparableReloadListener.java:11) ~[server-1.20.1-20230612.114412-srg.jar%23420!/:?]
	at java.util.concurrent.CompletableFuture$AsyncSupply.run(CompletableFuture.java:1768) ~[?:?]
	at java.util.concurrent.CompletableFuture$AsyncSupply.exec(CompletableFuture.java:1760) ~[?:?]
	at java.util.concurrent.ForkJoinTask.doExec(ForkJoinTask.java:373) ~[?:?]
	at java.util.concurrent.ForkJoinPool$WorkQueue.topLevelExec(ForkJoinPool.java:1182) ~[?:?]
	at java.util.concurrent.ForkJoinPool.scan(ForkJoinPool.java:1655) ~[?:?]
	at java.util.concurrent.ForkJoinPool.runWorker(ForkJoinPool.java:1622) ~[?:?]
	at java.util.concurrent.ForkJoinWorkerThread.run(ForkJoinWorkerThread.java:165) ~[?:?]
Caused by: java.io.EOFException: End of input at line 1 column 1 path $
	at com.google.gson.stream.JsonReader.nextNonWhitespace(JsonReader.java:1455) ~[gson-2.10.jar%2372!/:?]
	at com.google.gson.stream.JsonReader.doPeek(JsonReader.java:558) ~[gson-2.10.jar%2372!/:?]
	at com.google.gson.stream.JsonReader.peek(JsonReader.java:433) ~[gson-2.10.jar%2372!/:?]
	at com.google.gson.internal.bind.TypeAdapters$28.read(TypeAdapters.java:769) ~[gson-2.10.jar%2372!/:?]
	at com.google.gson.internal.bind.TypeAdapters$28.read(TypeAdapters.java:725) ~[gson-2.10.jar%2372!/:?]
	at com.google.gson.internal.bind.TypeAdapters$34$1.read(TypeAdapters.java:1007) ~[gson-2.10.jar%2372!/:?]
	at net.minecraft.util.GsonHelper.m_13780_(GsonHelper.java:524) ~[server-1.20.1-20230612.114412-srg.jar%23420!/:?]
	... 13 more
[06Jun2026 05:46:31.313] [Worker-Main-1/ERROR] [net.minecraft.server.packs.resources.SimpleJsonResourceReloadListener/]: Couldn't parse data file efn:duskfire_chestplate from efn:recipes/duskfire_chestplate.json
com.google.gson.JsonParseException: java.io.EOFException: End of input at line 1 column 1 path $
	at net.minecraft.util.GsonHelper.m_13780_(GsonHelper.java:526) ~[server-1.20.1-20230612.114412-srg.jar%23420!/:?]
	at net.minecraft.util.GsonHelper.m_263475_(GsonHelper.java:531) ~[server-1.20.1-20230612.114412-srg.jar%23420!/:?]
	at net.minecraft.util.GsonHelper.m_13776_(GsonHelper.java:581) ~[server-1.20.1-20230612.114412-srg.jar%23420!/:?]
	at net.minecraft.server.packs.resources.SimpleJsonResourceReloadListener.m_278771_(SimpleJsonResourceReloadListener.java:41) ~[server-1.20.1-20230612.114412-srg.jar%23420!/:?]
	at net.minecraft.server.packs.resources.SimpleJsonResourceReloadListener.m_5944_(SimpleJsonResourceReloadListener.java:29) ~[server-1.20.1-20230612.114412-srg.jar%23420!/:?]
	at net.minecraft.server.packs.resources.SimpleJsonResourceReloadListener.m_5944_(SimpleJsonResourceReloadListener.java:17) ~[server-1.20.1-20230612.114412-srg.jar%23420!/:?]
	at net.minecraft.server.packs.resources.SimplePreparableReloadListener.m_10786_(SimplePreparableReloadListener.java:11) ~[server-1.20.1-20230612.114412-srg.jar%23420!/:?]
	at java.util.concurrent.CompletableFuture$AsyncSupply.run(CompletableFuture.java:1768) ~[?:?]
	at java.util.concurrent.CompletableFuture$AsyncSupply.exec(CompletableFuture.java:1760) ~[?:?]
	at java.util.concurrent.ForkJoinTask.doExec(ForkJoinTask.java:373) ~[?:?]
	at java.util.concurrent.ForkJoinPool$WorkQueue.topLevelExec(ForkJoinPool.java:1182) ~[?:?]
	at java.util.concurrent.ForkJoinPool.scan(ForkJoinPool.java:1655) ~[?:?]
	at java.util.concurrent.ForkJoinPool.runWorker(ForkJoinPool.java:1622) ~[?:?]
	at java.util.concurrent.ForkJoinWorkerThread.run(ForkJoinWorkerThread.java:165) ~[?:?]
Caused by: java.io.EOFException: End of input at line 1 column 1 path $
	at com.google.gson.stream.JsonReader.nextNonWhitespace(JsonReader.java:1455) ~[gson-2.10.jar%2372!/:?]
	at com.google.gson.stream.JsonReader.doPeek(JsonReader.java:558) ~[gson-2.10.jar%2372!/:?]
	at com.google.gson.stream.JsonReader.peek(JsonReader.java:433) ~[gson-2.10.jar%2372!/:?]
	at com.google.gson.internal.bind.TypeAdapters$28.read(TypeAdapters.java:769) ~[gson-2.10.jar%2372!/:?]
	at com.google.gson.internal.bind.TypeAdapters$28.read(TypeAdapters.java:725) ~[gson-2.10.jar%2372!/:?]
	at com.google.gson.internal.bind.TypeAdapters$34$1.read(TypeAdapters.java:1007) ~[gson-2.10.jar%2372!/:?]
	at net.minecraft.util.GsonHelper.m_13780_(GsonHelper.java:524) ~[server-1.20.1-20230612.114412-srg.jar%23420!/:?]
	... 13 more
[06Jun2026 05:46:31.314] [Worker-Main-1/ERROR] [net.minecraft.server.packs.resources.SimpleJsonResourceReloadListener/]: Couldn't parse data file efn:duskfire_helmet from efn:recipes/duskfire_helmet.json
com.google.gson.JsonParseException: java.io.EOFException: End of input at line 1 column 1 path $
	at net.minecraft.util.GsonHelper.m_13780_(GsonHelper.java:526) ~[server-1.20.1-20230612.114412-srg.jar%23420!/:?]
	at net.minecraft.util.GsonHelper.m_263475_(GsonHelper.java:531) ~[server-1.20.1-20230612.114412-srg.jar%23420!/:?]
	at net.minecraft.util.GsonHelper.m_13776_(GsonHelper.java:581) ~[server-1.20.1-20230612.114412-srg.jar%23420!/:?]
	at net.minecraft.server.packs.resources.SimpleJsonResourceReloadListener.m_278771_(SimpleJsonResourceReloadListener.java:41) ~[server-1.20.1-20230612.114412-srg.jar%23420!/:?]
	at net.minecraft.server.packs.resources.SimpleJsonResourceReloadListener.m_5944_(SimpleJsonResourceReloadListener.java:29) ~[server-1.20.1-20230612.114412-srg.jar%23420!/:?]
	at net.minecraft.server.packs.resources.SimpleJsonResourceReloadListener.m_5944_(SimpleJsonResourceReloadListener.java:17) ~[server-1.20.1-20230612.114412-srg.jar%23420!/:?]
	at net.minecraft.server.packs.resources.SimplePreparableReloadListener.m_10786_(SimplePreparableReloadListener.java:11) ~[server-1.20.1-20230612.114412-srg.jar%23420!/:?]
	at java.util.concurrent.CompletableFuture$AsyncSupply.run(CompletableFuture.java:1768) ~[?:?]
	at java.util.concurrent.CompletableFuture$AsyncSupply.exec(CompletableFuture.java:1760) ~[?:?]
	at java.util.concurrent.ForkJoinTask.doExec(ForkJoinTask.java:373) ~[?:?]
	at java.util.concurrent.ForkJoinPool$WorkQueue.topLevelExec(ForkJoinPool.java:1182) ~[?:?]
	at java.util.concurrent.ForkJoinPool.scan(ForkJoinPool.java:1655) ~[?:?]
	at java.util.concurrent.ForkJoinPool.runWorker(ForkJoinPool.java:1622) ~[?:?]
	at java.util.concurrent.ForkJoinWorkerThread.run(ForkJoinWorkerThread.java:165) ~[?:?]
Caused by: java.io.EOFException: End of input at line 1 column 1 path $
	at com.google.gson.stream.JsonReader.nextNonWhitespace(JsonReader.java:1455) ~[gson-2.10.jar%2372!/:?]
	at com.google.gson.stream.JsonReader.doPeek(JsonReader.java:558) ~[gson-2.10.jar%2372!/:?]
	at com.google.gson.stream.JsonReader.peek(JsonReader.java:433) ~[gson-2.10.jar%2372!/:?]
	at com.google.gson.internal.bind.TypeAdapters$28.read(TypeAdapters.java:769) ~[gson-2.10.jar%2372!/:?]
	at com.google.gson.internal.bind.TypeAdapters$28.read(TypeAdapters.java:725) ~[gson-2.10.jar%2372!/:?]
	at com.google.gson.internal.bind.TypeAdapters$34$1.read(TypeAdapters.java:1007) ~[gson-2.10.jar%2372!/:?]
	at net.minecraft.util.GsonHelper.m_13780_(GsonHelper.java:524) ~[server-1.20.1-20230612.114412-srg.jar%23420!/:?]
	... 13 more
[06Jun2026 05:46:31.314] [Worker-Main-1/ERROR] [net.minecraft.server.packs.resources.SimpleJsonResourceReloadListener/]: Couldn't parse data file efn:duskfire_leggings from efn:recipes/duskfire_leggings.json
com.google.gson.JsonParseException: java.io.EOFException: End of input at line 1 column 1 path $
	at net.minecraft.util.GsonHelper.m_13780_(GsonHelper.java:526) ~[server-1.20.1-20230612.114412-srg.jar%23420!/:?]
	at net.minecraft.util.GsonHelper.m_263475_(GsonHelper.java:531) ~[server-1.20.1-20230612.114412-srg.jar%23420!/:?]
	at net.minecraft.util.GsonHelper.m_13776_(GsonHelper.java:581) ~[server-1.20.1-20230612.114412-srg.jar%23420!/:?]
	at net.minecraft.server.packs.resources.SimpleJsonResourceReloadListener.m_278771_(SimpleJsonResourceReloadListener.java:41) ~[server-1.20.1-20230612.114412-srg.jar%23420!/:?]
	at net.minecraft.server.packs.resources.SimpleJsonResourceReloadListener.m_5944_(SimpleJsonResourceReloadListener.java:29) ~[server-1.20.1-20230612.114412-srg.jar%23420!/:?]
	at net.minecraft.server.packs.resources.SimpleJsonResourceReloadListener.m_5944_(SimpleJsonResourceReloadListener.java:17) ~[server-1.20.1-20230612.114412-srg.jar%23420!/:?]
	at net.minecraft.server.packs.resources.SimplePreparableReloadListener.m_10786_(SimplePreparableReloadListener.java:11) ~[server-1.20.1-20230612.114412-srg.jar%23420!/:?]
	at java.util.concurrent.CompletableFuture$AsyncSupply.run(CompletableFuture.java:1768) ~[?:?]
	at java.util.concurrent.CompletableFuture$AsyncSupply.exec(CompletableFuture.java:1760) ~[?:?]
	at java.util.concurrent.ForkJoinTask.doExec(ForkJoinTask.java:373) ~[?:?]
	at java.util.concurrent.ForkJoinPool$WorkQueue.topLevelExec(ForkJoinPool.java:1182) ~[?:?]
	at java.util.concurrent.ForkJoinPool.scan(ForkJoinPool.java:1655) ~[?:?]
	at java.util.concurrent.ForkJoinPool.runWorker(ForkJoinPool.java:1622) ~[?:?]
	at java.util.concurrent.ForkJoinWorkerThread.run(ForkJoinWorkerThread.java:165) ~[?:?]
Caused by: java.io.EOFException: End of input at line 1 column 1 path $
	at com.google.gson.stream.JsonReader.nextNonWhitespace(JsonReader.java:1455) ~[gson-2.10.jar%2372!/:?]
	at com.google.gson.stream.JsonReader.doPeek(JsonReader.java:558) ~[gson-2.10.jar%2372!/:?]
	at com.google.gson.stream.JsonReader.peek(JsonReader.java:433) ~[gson-2.10.jar%2372!/:?]
	at com.google.gson.internal.bind.TypeAdapters$28.read(TypeAdapters.java:769) ~[gson-2.10.jar%2372!/:?]
	at com.google.gson.internal.bind.TypeAdapters$28.read(TypeAdapters.java:725) ~[gson-2.10.jar%2372!/:?]
	at com.google.gson.internal.bind.TypeAdapters$34$1.read(TypeAdapters.java:1007) ~[gson-2.10.jar%2372!/:?]
	at net.minecraft.util.GsonHelper.m_13780_(GsonHelper.java:524) ~[server-1.20.1-20230612.114412-srg.jar%23420!/:?]
	... 13 more
[06Jun2026 05:46:31.321] [Worker-Main-1/ERROR] [net.minecraft.server.packs.resources.SimpleJsonResourceReloadListener/]: Couldn't parse data file efn:efn_dodge from efn:recipes/efn_dodge.json
com.google.gson.JsonParseException: java.io.EOFException: End of input at line 1 column 1 path $
	at net.minecraft.util.GsonHelper.m_13780_(GsonHelper.java:526) ~[server-1.20.1-20230612.114412-srg.jar%23420!/:?]
	at net.minecraft.util.GsonHelper.m_263475_(GsonHelper.java:531) ~[server-1.20.1-20230612.114412-srg.jar%23420!/:?]
	at net.minecraft.util.GsonHelper.m_13776_(GsonHelper.java:581) ~[server-1.20.1-20230612.114412-srg.jar%23420!/:?]
	at net.minecraft.server.packs.resources.SimpleJsonResourceReloadListener.m_278771_(SimpleJsonResourceReloadListener.java:41) ~[server-1.20.1-20230612.114412-srg.jar%23420!/:?]
	at net.minecraft.server.packs.resources.SimpleJsonResourceReloadListener.m_5944_(SimpleJsonResourceReloadListener.java:29) ~[server-1.20.1-20230612.114412-srg.jar%23420!/:?]
	at net.minecraft.server.packs.resources.SimpleJsonResourceReloadListener.m_5944_(SimpleJsonResourceReloadListener.java:17) ~[server-1.20.1-20230612.114412-srg.jar%23420!/:?]
	at net.minecraft.server.packs.resources.SimplePreparableReloadListener.m_10786_(SimplePreparableReloadListener.java:11) ~[server-1.20.1-20230612.114412-srg.jar%23420!/:?]
	at java.util.concurrent.CompletableFuture$AsyncSupply.run(CompletableFuture.java:1768) ~[?:?]
	at java.util.concurrent.CompletableFuture$AsyncSupply.exec(CompletableFuture.java:1760) ~[?:?]
	at java.util.concurrent.ForkJoinTask.doExec(ForkJoinTask.java:373) ~[?:?]
	at java.util.concurrent.ForkJoinPool$WorkQueue.topLevelExec(ForkJoinPool.java:1182) ~[?:?]
	at java.util.concurrent.ForkJoinPool.scan(ForkJoinPool.java:1655) ~[?:?]
	at java.util.concurrent.ForkJoinPool.runWorker(ForkJoinPool.java:1622) ~[?:?]
	at java.util.concurrent.ForkJoinWorkerThread.run(ForkJoinWorkerThread.java:165) ~[?:?]
Caused by: java.io.EOFException: End of input at line 1 column 1 path $
	at com.google.gson.stream.JsonReader.nextNonWhitespace(JsonReader.java:1455) ~[gson-2.10.jar%2372!/:?]
	at com.google.gson.stream.JsonReader.doPeek(JsonReader.java:558) ~[gson-2.10.jar%2372!/:?]
	at com.google.gson.stream.JsonReader.peek(JsonReader.java:433) ~[gson-2.10.jar%2372!/:?]
	at com.google.gson.internal.bind.TypeAdapters$28.read(TypeAdapters.java:769) ~[gson-2.10.jar%2372!/:?]
	at com.google.gson.internal.bind.TypeAdapters$28.read(TypeAdapters.java:725) ~[gson-2.10.jar%2372!/:?]
	at com.google.gson.internal.bind.TypeAdapters$34$1.read(TypeAdapters.java:1007) ~[gson-2.10.jar%2372!/:?]
	at net.minecraft.util.GsonHelper.m_13780_(GsonHelper.java:524) ~[server-1.20.1-20230612.114412-srg.jar%23420!/:?]
	... 13 more
[06Jun2026 05:46:31.321] [Worker-Main-1/ERROR] [net.minecraft.server.packs.resources.SimpleJsonResourceReloadListener/]: Couldn't parse data file efn:efn_step from efn:recipes/efn_step.json
com.google.gson.JsonParseException: java.io.EOFException: End of input at line 1 column 1 path $
	at net.minecraft.util.GsonHelper.m_13780_(GsonHelper.java:526) ~[server-1.20.1-20230612.114412-srg.jar%23420!/:?]
	at net.minecraft.util.GsonHelper.m_263475_(GsonHelper.java:531) ~[server-1.20.1-20230612.114412-srg.jar%23420!/:?]
	at net.minecraft.util.GsonHelper.m_13776_(GsonHelper.java:581) ~[server-1.20.1-20230612.114412-srg.jar%23420!/:?]
	at net.minecraft.server.packs.resources.SimpleJsonResourceReloadListener.m_278771_(SimpleJsonResourceReloadListener.java:41) ~[server-1.20.1-20230612.114412-srg.jar%23420!/:?]
	at net.minecraft.server.packs.resources.SimpleJsonResourceReloadListener.m_5944_(SimpleJsonResourceReloadListener.java:29) ~[server-1.20.1-20230612.114412-srg.jar%23420!/:?]
	at net.minecraft.server.packs.resources.SimpleJsonResourceReloadListener.m_5944_(SimpleJsonResourceReloadListener.java:17) ~[server-1.20.1-20230612.114412-srg.jar%23420!/:?]
	at net.minecraft.server.packs.resources.SimplePreparableReloadListener.m_10786_(SimplePreparableReloadListener.java:11) ~[server-1.20.1-20230612.114412-srg.jar%23420!/:?]
	at java.util.concurrent.CompletableFuture$AsyncSupply.run(CompletableFuture.java:1768) ~[?:?]
	at java.util.concurrent.CompletableFuture$AsyncSupply.exec(CompletableFuture.java:1760) ~[?:?]
	at java.util.concurrent.ForkJoinTask.doExec(ForkJoinTask.java:373) ~[?:?]
	at java.util.concurrent.ForkJoinPool$WorkQueue.topLevelExec(ForkJoinPool.java:1182) ~[?:?]
	at java.util.concurrent.ForkJoinPool.scan(ForkJoinPool.java:1655) ~[?:?]
	at java.util.concurrent.ForkJoinPool.runWorker(ForkJoinPool.java:1622) ~[?:?]
	at java.util.concurrent.ForkJoinWorkerThread.run(ForkJoinWorkerThread.java:165) ~[?:?]
Caused by: java.io.EOFException: End of input at line 1 column 1 path $
	at com.google.gson.stream.JsonReader.nextNonWhitespace(JsonReader.java:1455) ~[gson-2.10.jar%2372!/:?]
	at com.google.gson.stream.JsonReader.doPeek(JsonReader.java:558) ~[gson-2.10.jar%2372!/:?]
	at com.google.gson.stream.JsonReader.peek(JsonReader.java:433) ~[gson-2.10.jar%2372!/:?]
	at com.google.gson.internal.bind.TypeAdapters$28.read(TypeAdapters.java:769) ~[gson-2.10.jar%2372!/:?]
	at com.google.gson.internal.bind.TypeAdapters$28.read(TypeAdapters.java:725) ~[gson-2.10.jar%2372!/:?]
	at com.google.gson.internal.bind.TypeAdapters$34$1.read(TypeAdapters.java:1007) ~[gson-2.10.jar%2372!/:?]
	at net.minecraft.util.GsonHelper.m_13780_(GsonHelper.java:524) ~[server-1.20.1-20230612.114412-srg.jar%23420!/:?]
	... 13 more
[06Jun2026 05:46:31.323] [Worker-Main-1/ERROR] [net.minecraft.server.packs.resources.SimpleJsonResourceReloadListener/]: Couldn't parse data file irons_spellbooks:energized_core from irons_spellbooks:recipes/energized_core.json
com.google.gson.JsonParseException: java.io.EOFException: End of input at line 1 column 1 path $
	at net.minecraft.util.GsonHelper.m_13780_(GsonHelper.java:526) ~[server-1.20.1-20230612.114412-srg.jar%23420!/:?]
	at net.minecraft.util.GsonHelper.m_263475_(GsonHelper.java:531) ~[server-1.20.1-20230612.114412-srg.jar%23420!/:?]
	at net.minecraft.util.GsonHelper.m_13776_(GsonHelper.java:581) ~[server-1.20.1-20230612.114412-srg.jar%23420!/:?]
	at net.minecraft.server.packs.resources.SimpleJsonResourceReloadListener.m_278771_(SimpleJsonResourceReloadListener.java:41) ~[server-1.20.1-20230612.114412-srg.jar%23420!/:?]
	at net.minecraft.server.packs.resources.SimpleJsonResourceReloadListener.m_5944_(SimpleJsonResourceReloadListener.java:29) ~[server-1.20.1-20230612.114412-srg.jar%23420!/:?]
	at net.minecraft.server.packs.resources.SimpleJsonResourceReloadListener.m_5944_(SimpleJsonResourceReloadListener.java:17) ~[server-1.20.1-20230612.114412-srg.jar%23420!/:?]
	at net.minecraft.server.packs.resources.SimplePreparableReloadListener.m_10786_(SimplePreparableReloadListener.java:11) ~[server-1.20.1-20230612.114412-srg.jar%23420!/:?]
	at java.util.concurrent.CompletableFuture$AsyncSupply.run(CompletableFuture.java:1768) ~[?:?]
	at java.util.concurrent.CompletableFuture$AsyncSupply.exec(CompletableFuture.java:1760) ~[?:?]
	at java.util.concurrent.ForkJoinTask.doExec(ForkJoinTask.java:373) ~[?:?]
	at java.util.concurrent.ForkJoinPool$WorkQueue.topLevelExec(ForkJoinPool.java:1182) ~[?:?]
	at java.util.concurrent.ForkJoinPool.scan(ForkJoinPool.java:1655) ~[?:?]
	at java.util.concurrent.ForkJoinPool.runWorker(ForkJoinPool.java:1622) ~[?:?]
	at java.util.concurrent.ForkJoinWorkerThread.run(ForkJoinWorkerThread.java:165) ~[?:?]
Caused by: java.io.EOFException: End of input at line 1 column 1 path $
	at com.google.gson.stream.JsonReader.nextNonWhitespace(JsonReader.java:1455) ~[gson-2.10.jar%2372!/:?]
	at com.google.gson.stream.JsonReader.doPeek(JsonReader.java:558) ~[gson-2.10.jar%2372!/:?]
	at com.google.gson.stream.JsonReader.peek(JsonReader.java:433) ~[gson-2.10.jar%2372!/:?]
	at com.google.gson.internal.bind.TypeAdapters$28.read(TypeAdapters.java:769) ~[gson-2.10.jar%2372!/:?]
	at com.google.gson.internal.bind.TypeAdapters$28.read(TypeAdapters.java:725) ~[gson-2.10.jar%2372!/:?]
	at com.google.gson.internal.bind.TypeAdapters$34$1.read(TypeAdapters.java:1007) ~[gson-2.10.jar%2372!/:?]
	at net.minecraft.util.GsonHelper.m_13780_(GsonHelper.java:524) ~[server-1.20.1-20230612.114412-srg.jar%23420!/:?]
	... 13 more
[06Jun2026 05:46:31.325] [Worker-Main-1/ERROR] [net.minecraft.server.packs.resources.SimpleJsonResourceReloadListener/]: Couldn't parse data file efn:exsiliumgladius from efn:recipes/exsiliumgladius.json
com.google.gson.JsonParseException: java.io.EOFException: End of input at line 1 column 1 path $
	at net.minecraft.util.GsonHelper.m_13780_(GsonHelper.java:526) ~[server-1.20.1-20230612.114412-srg.jar%23420!/:?]
	at net.minecraft.util.GsonHelper.m_263475_(GsonHelper.java:531) ~[server-1.20.1-20230612.114412-srg.jar%23420!/:?]
	at net.minecraft.util.GsonHelper.m_13776_(GsonHelper.java:581) ~[server-1.20.1-20230612.114412-srg.jar%23420!/:?]
	at net.minecraft.server.packs.resources.SimpleJsonResourceReloadListener.m_278771_(SimpleJsonResourceReloadListener.java:41) ~[server-1.20.1-20230612.114412-srg.jar%23420!/:?]
	at net.minecraft.server.packs.resources.SimpleJsonResourceReloadListener.m_5944_(SimpleJsonResourceReloadListener.java:29) ~[server-1.20.1-20230612.114412-srg.jar%23420!/:?]
	at net.minecraft.server.packs.resources.SimpleJsonResourceReloadListener.m_5944_(SimpleJsonResourceReloadListener.java:17) ~[server-1.20.1-20230612.114412-srg.jar%23420!/:?]
	at net.minecraft.server.packs.resources.SimplePreparableReloadListener.m_10786_(SimplePreparableReloadListener.java:11) ~[server-1.20.1-20230612.114412-srg.jar%23420!/:?]
	at java.util.concurrent.CompletableFuture$AsyncSupply.run(CompletableFuture.java:1768) ~[?:?]
	at java.util.concurrent.CompletableFuture$AsyncSupply.exec(CompletableFuture.java:1760) ~[?:?]
	at java.util.concurrent.ForkJoinTask.doExec(ForkJoinTask.java:373) ~[?:?]
	at java.util.concurrent.ForkJoinPool$WorkQueue.topLevelExec(ForkJoinPool.java:1182) ~[?:?]
	at java.util.concurrent.ForkJoinPool.scan(ForkJoinPool.java:1655) ~[?:?]
	at java.util.concurrent.ForkJoinPool.runWorker(ForkJoinPool.java:1622) ~[?:?]
	at java.util.concurrent.ForkJoinWorkerThread.run(ForkJoinWorkerThread.java:165) ~[?:?]
Caused by: java.io.EOFException: End of input at line 1 column 1 path $
	at com.google.gson.stream.JsonReader.nextNonWhitespace(JsonReader.java:1455) ~[gson-2.10.jar%2372!/:?]
	at com.google.gson.stream.JsonReader.doPeek(JsonReader.java:558) ~[gson-2.10.jar%2372!/:?]
	at com.google.gson.stream.JsonReader.peek(JsonReader.java:433) ~[gson-2.10.jar%2372!/:?]
	at com.google.gson.internal.bind.TypeAdapters$28.read(TypeAdapters.java:769) ~[gson-2.10.jar%2372!/:?]
	at com.google.gson.internal.bind.TypeAdapters$28.read(TypeAdapters.java:725) ~[gson-2.10.jar%2372!/:?]
	at com.google.gson.internal.bind.TypeAdapters$34$1.read(TypeAdapters.java:1007) ~[gson-2.10.jar%2372!/:?]
	at net.minecraft.util.GsonHelper.m_13780_(GsonHelper.java:524) ~[server-1.20.1-20230612.114412-srg.jar%23420!/:?]
	... 13 more
[06Jun2026 05:46:31.326] [Worker-Main-1/ERROR] [net.minecraft.server.packs.resources.SimpleJsonResourceReloadListener/]: Couldn't parse data file efn:fire_exsiliumgladius from efn:recipes/fire_exsiliumgladius.json
com.google.gson.JsonParseException: java.io.EOFException: End of input at line 1 column 1 path $
	at net.minecraft.util.GsonHelper.m_13780_(GsonHelper.java:526) ~[server-1.20.1-20230612.114412-srg.jar%23420!/:?]
	at net.minecraft.util.GsonHelper.m_263475_(GsonHelper.java:531) ~[server-1.20.1-20230612.114412-srg.jar%23420!/:?]
	at net.minecraft.util.GsonHelper.m_13776_(GsonHelper.java:581) ~[server-1.20.1-20230612.114412-srg.jar%23420!/:?]
	at net.minecraft.server.packs.resources.SimpleJsonResourceReloadListener.m_278771_(SimpleJsonResourceReloadListener.java:41) ~[server-1.20.1-20230612.114412-srg.jar%23420!/:?]
	at net.minecraft.server.packs.resources.SimpleJsonResourceReloadListener.m_5944_(SimpleJsonResourceReloadListener.java:29) ~[server-1.20.1-20230612.114412-srg.jar%23420!/:?]
	at net.minecraft.server.packs.resources.SimpleJsonResourceReloadListener.m_5944_(SimpleJsonResourceReloadListener.java:17) ~[server-1.20.1-20230612.114412-srg.jar%23420!/:?]
	at net.minecraft.server.packs.resources.SimplePreparableReloadListener.m_10786_(SimplePreparableReloadListener.java:11) ~[server-1.20.1-20230612.114412-srg.jar%23420!/:?]
	at java.util.concurrent.CompletableFuture$AsyncSupply.run(CompletableFuture.java:1768) ~[?:?]
	at java.util.concurrent.CompletableFuture$AsyncSupply.exec(CompletableFuture.java:1760) ~[?:?]
	at java.util.concurrent.ForkJoinTask.doExec(ForkJoinTask.java:373) ~[?:?]
	at java.util.concurrent.ForkJoinPool$WorkQueue.topLevelExec(ForkJoinPool.java:1182) ~[?:?]
	at java.util.concurrent.ForkJoinPool.scan(ForkJoinPool.java:1655) ~[?:?]
	at java.util.concurrent.ForkJoinPool.runWorker(ForkJoinPool.java:1622) ~[?:?]
	at java.util.concurrent.ForkJoinWorkerThread.run(ForkJoinWorkerThread.java:165) ~[?:?]
Caused by: java.io.EOFException: End of input at line 1 column 1 path $
	at com.google.gson.stream.JsonReader.nextNonWhitespace(JsonReader.java:1455) ~[gson-2.10.jar%2372!/:?]
	at com.google.gson.stream.JsonReader.doPeek(JsonReader.java:558) ~[gson-2.10.jar%2372!/:?]
	at com.google.gson.stream.JsonReader.peek(JsonReader.java:433) ~[gson-2.10.jar%2372!/:?]
	at com.google.gson.internal.bind.TypeAdapters$28.read(TypeAdapters.java:769) ~[gson-2.10.jar%2372!/:?]
	at com.google.gson.internal.bind.TypeAdapters$28.read(TypeAdapters.java:725) ~[gson-2.10.jar%2372!/:?]
	at com.google.gson.internal.bind.TypeAdapters$34$1.read(TypeAdapters.java:1007) ~[gson-2.10.jar%2372!/:?]
	at net.minecraft.util.GsonHelper.m_13780_(GsonHelper.java:524) ~[server-1.20.1-20230612.114412-srg.jar%23420!/:?]
	... 13 more
[06Jun2026 05:46:31.332] [Worker-Main-1/ERROR] [net.minecraft.server.packs.resources.SimpleJsonResourceReloadListener/]: Couldn't parse data file irons_spellbooks:gold_spell_book from irons_spellbooks:recipes/gold_spell_book.json
com.google.gson.JsonParseException: java.io.EOFException: End of input at line 1 column 1 path $
	at net.minecraft.util.GsonHelper.m_13780_(GsonHelper.java:526) ~[server-1.20.1-20230612.114412-srg.jar%23420!/:?]
	at net.minecraft.util.GsonHelper.m_263475_(GsonHelper.java:531) ~[server-1.20.1-20230612.114412-srg.jar%23420!/:?]
	at net.minecraft.util.GsonHelper.m_13776_(GsonHelper.java:581) ~[server-1.20.1-20230612.114412-srg.jar%23420!/:?]
	at net.minecraft.server.packs.resources.SimpleJsonResourceReloadListener.m_278771_(SimpleJsonResourceReloadListener.java:41) ~[server-1.20.1-20230612.114412-srg.jar%23420!/:?]
	at net.minecraft.server.packs.resources.SimpleJsonResourceReloadListener.m_5944_(SimpleJsonResourceReloadListener.java:29) ~[server-1.20.1-20230612.114412-srg.jar%23420!/:?]
	at net.minecraft.server.packs.resources.SimpleJsonResourceReloadListener.m_5944_(SimpleJsonResourceReloadListener.java:17) ~[server-1.20.1-20230612.114412-srg.jar%23420!/:?]
	at net.minecraft.server.packs.resources.SimplePreparableReloadListener.m_10786_(SimplePreparableReloadListener.java:11) ~[server-1.20.1-20230612.114412-srg.jar%23420!/:?]
	at java.util.concurrent.CompletableFuture$AsyncSupply.run(CompletableFuture.java:1768) ~[?:?]
	at java.util.concurrent.CompletableFuture$AsyncSupply.exec(CompletableFuture.java:1760) ~[?:?]
	at java.util.concurrent.ForkJoinTask.doExec(ForkJoinTask.java:373) ~[?:?]
	at java.util.concurrent.ForkJoinPool$WorkQueue.topLevelExec(ForkJoinPool.java:1182) ~[?:?]
	at java.util.concurrent.ForkJoinPool.scan(ForkJoinPool.java:1655) ~[?:?]
	at java.util.concurrent.ForkJoinPool.runWorker(ForkJoinPool.java:1622) ~[?:?]
	at java.util.concurrent.ForkJoinWorkerThread.run(ForkJoinWorkerThread.java:165) ~[?:?]
Caused by: java.io.EOFException: End of input at line 1 column 1 path $
	at com.google.gson.stream.JsonReader.nextNonWhitespace(JsonReader.java:1455) ~[gson-2.10.jar%2372!/:?]
	at com.google.gson.stream.JsonReader.doPeek(JsonReader.java:558) ~[gson-2.10.jar%2372!/:?]
	at com.google.gson.stream.JsonReader.peek(JsonReader.java:433) ~[gson-2.10.jar%2372!/:?]
	at com.google.gson.internal.bind.TypeAdapters$28.read(TypeAdapters.java:769) ~[gson-2.10.jar%2372!/:?]
	at com.google.gson.internal.bind.TypeAdapters$28.read(TypeAdapters.java:725) ~[gson-2.10.jar%2372!/:?]
	at com.google.gson.internal.bind.TypeAdapters$34$1.read(TypeAdapters.java:1007) ~[gson-2.10.jar%2372!/:?]
	at net.minecraft.util.GsonHelper.m_13780_(GsonHelper.java:524) ~[server-1.20.1-20230612.114412-srg.jar%23420!/:?]
	... 13 more
[06Jun2026 05:46:31.336] [Worker-Main-1/ERROR] [net.minecraft.server.packs.resources.SimpleJsonResourceReloadListener/]: Couldn't parse data file irons_spellbooks:graybeard_staff from irons_spellbooks:recipes/graybeard_staff.json
com.google.gson.JsonParseException: java.io.EOFException: End of input at line 1 column 1 path $
	at net.minecraft.util.GsonHelper.m_13780_(GsonHelper.java:526) ~[server-1.20.1-20230612.114412-srg.jar%23420!/:?]
	at net.minecraft.util.GsonHelper.m_263475_(GsonHelper.java:531) ~[server-1.20.1-20230612.114412-srg.jar%23420!/:?]
	at net.minecraft.util.GsonHelper.m_13776_(GsonHelper.java:581) ~[server-1.20.1-20230612.114412-srg.jar%23420!/:?]
	at net.minecraft.server.packs.resources.SimpleJsonResourceReloadListener.m_278771_(SimpleJsonResourceReloadListener.java:41) ~[server-1.20.1-20230612.114412-srg.jar%23420!/:?]
	at net.minecraft.server.packs.resources.SimpleJsonResourceReloadListener.m_5944_(SimpleJsonResourceReloadListener.java:29) ~[server-1.20.1-20230612.114412-srg.jar%23420!/:?]
	at net.minecraft.server.packs.resources.SimpleJsonResourceReloadListener.m_5944_(SimpleJsonResourceReloadListener.java:17) ~[server-1.20.1-20230612.114412-srg.jar%23420!/:?]
	at net.minecraft.server.packs.resources.SimplePreparableReloadListener.m_10786_(SimplePreparableReloadListener.java:11) ~[server-1.20.1-20230612.114412-srg.jar%23420!/:?]
	at java.util.concurrent.CompletableFuture$AsyncSupply.run(CompletableFuture.java:1768) ~[?:?]
	at java.util.concurrent.CompletableFuture$AsyncSupply.exec(CompletableFuture.java:1760) ~[?:?]
	at java.util.concurrent.ForkJoinTask.doExec(ForkJoinTask.java:373) ~[?:?]
	at java.util.concurrent.ForkJoinPool$WorkQueue.topLevelExec(ForkJoinPool.java:1182) ~[?:?]
	at java.util.concurrent.ForkJoinPool.scan(ForkJoinPool.java:1655) ~[?:?]
	at java.util.concurrent.ForkJoinPool.runWorker(ForkJoinPool.java:1622) ~[?:?]
	at java.util.concurrent.ForkJoinWorkerThread.run(ForkJoinWorkerThread.java:165) ~[?:?]
Caused by: java.io.EOFException: End of input at line 1 column 1 path $
	at com.google.gson.stream.JsonReader.nextNonWhitespace(JsonReader.java:1455) ~[gson-2.10.jar%2372!/:?]
	at com.google.gson.stream.JsonReader.doPeek(JsonReader.java:558) ~[gson-2.10.jar%2372!/:?]
	at com.google.gson.stream.JsonReader.peek(JsonReader.java:433) ~[gson-2.10.jar%2372!/:?]
	at com.google.gson.internal.bind.TypeAdapters$28.read(TypeAdapters.java:769) ~[gson-2.10.jar%2372!/:?]
	at com.google.gson.internal.bind.TypeAdapters$28.read(TypeAdapters.java:725) ~[gson-2.10.jar%2372!/:?]
	at com.google.gson.internal.bind.TypeAdapters$34$1.read(TypeAdapters.java:1007) ~[gson-2.10.jar%2372!/:?]
	at net.minecraft.util.GsonHelper.m_13780_(GsonHelper.java:524) ~[server-1.20.1-20230612.114412-srg.jar%23420!/:?]
	... 13 more
[06Jun2026 05:46:31.340] [Worker-Main-1/ERROR] [net.minecraft.server.packs.resources.SimpleJsonResourceReloadListener/]: Couldn't parse data file irons_spellbooks:ice_spell_book from irons_spellbooks:recipes/ice_spell_book.json
com.google.gson.JsonParseException: java.io.EOFException: End of input at line 1 column 1 path $
	at net.minecraft.util.GsonHelper.m_13780_(GsonHelper.java:526) ~[server-1.20.1-20230612.114412-srg.jar%23420!/:?]
	at net.minecraft.util.GsonHelper.m_263475_(GsonHelper.java:531) ~[server-1.20.1-20230612.114412-srg.jar%23420!/:?]
	at net.minecraft.util.GsonHelper.m_13776_(GsonHelper.java:581) ~[server-1.20.1-20230612.114412-srg.jar%23420!/:?]
	at net.minecraft.server.packs.resources.SimpleJsonResourceReloadListener.m_278771_(SimpleJsonResourceReloadListener.java:41) ~[server-1.20.1-20230612.114412-srg.jar%23420!/:?]
	at net.minecraft.server.packs.resources.SimpleJsonResourceReloadListener.m_5944_(SimpleJsonResourceReloadListener.java:29) ~[server-1.20.1-20230612.114412-srg.jar%23420!/:?]
	at net.minecraft.server.packs.resources.SimpleJsonResourceReloadListener.m_5944_(SimpleJsonResourceReloadListener.java:17) ~[server-1.20.1-20230612.114412-srg.jar%23420!/:?]
	at net.minecraft.server.packs.resources.SimplePreparableReloadListener.m_10786_(SimplePreparableReloadListener.java:11) ~[server-1.20.1-20230612.114412-srg.jar%23420!/:?]
	at java.util.concurrent.CompletableFuture$AsyncSupply.run(CompletableFuture.java:1768) ~[?:?]
	at java.util.concurrent.CompletableFuture$AsyncSupply.exec(CompletableFuture.java:1760) ~[?:?]
	at java.util.concurrent.ForkJoinTask.doExec(ForkJoinTask.java:373) ~[?:?]
	at java.util.concurrent.ForkJoinPool$WorkQueue.topLevelExec(ForkJoinPool.java:1182) ~[?:?]
	at java.util.concurrent.ForkJoinPool.scan(ForkJoinPool.java:1655) ~[?:?]
	at java.util.concurrent.ForkJoinPool.runWorker(ForkJoinPool.java:1622) ~[?:?]
	at java.util.concurrent.ForkJoinWorkerThread.run(ForkJoinWorkerThread.java:165) ~[?:?]
Caused by: java.io.EOFException: End of input at line 1 column 1 path $
	at com.google.gson.stream.JsonReader.nextNonWhitespace(JsonReader.java:1455) ~[gson-2.10.jar%2372!/:?]
	at com.google.gson.stream.JsonReader.doPeek(JsonReader.java:558) ~[gson-2.10.jar%2372!/:?]
	at com.google.gson.stream.JsonReader.peek(JsonReader.java:433) ~[gson-2.10.jar%2372!/:?]
	at com.google.gson.internal.bind.TypeAdapters$28.read(TypeAdapters.java:769) ~[gson-2.10.jar%2372!/:?]
	at com.google.gson.internal.bind.TypeAdapters$28.read(TypeAdapters.java:725) ~[gson-2.10.jar%2372!/:?]
	at com.google.gson.internal.bind.TypeAdapters$34$1.read(TypeAdapters.java:1007) ~[gson-2.10.jar%2372!/:?]
	at net.minecraft.util.GsonHelper.m_13780_(GsonHelper.java:524) ~[server-1.20.1-20230612.114412-srg.jar%23420!/:?]
	... 13 more
[06Jun2026 05:46:31.477] [Worker-Main-1/ERROR] [net.minecraft.server.packs.resources.SimpleJsonResourceReloadListener/]: Couldn't parse data file irons_spellbooks:ice_staff from irons_spellbooks:recipes/ice_staff.json
com.google.gson.JsonParseException: java.io.EOFException: End of input at line 1 column 1 path $
	at net.minecraft.util.GsonHelper.m_13780_(GsonHelper.java:526) ~[server-1.20.1-20230612.114412-srg.jar%23420!/:?]
	at net.minecraft.util.GsonHelper.m_263475_(GsonHelper.java:531) ~[server-1.20.1-20230612.114412-srg.jar%23420!/:?]
	at net.minecraft.util.GsonHelper.m_13776_(GsonHelper.java:581) ~[server-1.20.1-20230612.114412-srg.jar%23420!/:?]
	at net.minecraft.server.packs.resources.SimpleJsonResourceReloadListener.m_278771_(SimpleJsonResourceReloadListener.java:41) ~[server-1.20.1-20230612.114412-srg.jar%23420!/:?]
	at net.minecraft.server.packs.resources.SimpleJsonResourceReloadListener.m_5944_(SimpleJsonResourceReloadListener.java:29) ~[server-1.20.1-20230612.114412-srg.jar%23420!/:?]
	at net.minecraft.server.packs.resources.SimpleJsonResourceReloadListener.m_5944_(SimpleJsonResourceReloadListener.java:17) ~[server-1.20.1-20230612.114412-srg.jar%23420!/:?]
	at net.minecraft.server.packs.resources.SimplePreparableReloadListener.m_10786_(SimplePreparableReloadListener.java:11) ~[server-1.20.1-20230612.114412-srg.jar%23420!/:?]
	at java.util.concurrent.CompletableFuture$AsyncSupply.run(CompletableFuture.java:1768) ~[?:?]
	at java.util.concurrent.CompletableFuture$AsyncSupply.exec(CompletableFuture.java:1760) ~[?:?]
	at java.util.concurrent.ForkJoinTask.doExec(ForkJoinTask.java:373) ~[?:?]
	at java.util.concurrent.ForkJoinPool$WorkQueue.topLevelExec(ForkJoinPool.java:1182) ~[?:?]
	at java.util.concurrent.ForkJoinPool.scan(ForkJoinPool.java:1655) ~[?:?]
	at java.util.concurrent.ForkJoinPool.runWorker(ForkJoinPool.java:1622) ~[?:?]
	at java.util.concurrent.ForkJoinWorkerThread.run(ForkJoinWorkerThread.java:165) ~[?:?]
Caused by: java.io.EOFException: End of input at line 1 column 1 path $
	at com.google.gson.stream.JsonReader.nextNonWhitespace(JsonReader.java:1455) ~[gson-2.10.jar%2372!/:?]
	at com.google.gson.stream.JsonReader.doPeek(JsonReader.java:558) ~[gson-2.10.jar%2372!/:?]
	at com.google.gson.stream.JsonReader.peek(JsonReader.java:433) ~[gson-2.10.jar%2372!/:?]
	at com.google.gson.internal.bind.TypeAdapters$28.read(TypeAdapters.java:769) ~[gson-2.10.jar%2372!/:?]
	at com.google.gson.internal.bind.TypeAdapters$28.read(TypeAdapters.java:725) ~[gson-2.10.jar%2372!/:?]
	at com.google.gson.internal.bind.TypeAdapters$34$1.read(TypeAdapters.java:1007) ~[gson-2.10.jar%2372!/:?]
	at net.minecraft.util.GsonHelper.m_13780_(GsonHelper.java:524) ~[server-1.20.1-20230612.114412-srg.jar%23420!/:?]
	... 13 more
[06Jun2026 05:46:31.478] [Worker-Main-1/ERROR] [net.minecraft.server.packs.resources.SimpleJsonResourceReloadListener/]: Couldn't parse data file irons_spellbooks:inscription_table from irons_spellbooks:recipes/inscription_table.json
com.google.gson.JsonParseException: java.io.EOFException: End of input at line 1 column 1 path $
	at net.minecraft.util.GsonHelper.m_13780_(GsonHelper.java:526) ~[server-1.20.1-20230612.114412-srg.jar%23420!/:?]
	at net.minecraft.util.GsonHelper.m_263475_(GsonHelper.java:531) ~[server-1.20.1-20230612.114412-srg.jar%23420!/:?]
	at net.minecraft.util.GsonHelper.m_13776_(GsonHelper.java:581) ~[server-1.20.1-20230612.114412-srg.jar%23420!/:?]
	at net.minecraft.server.packs.resources.SimpleJsonResourceReloadListener.m_278771_(SimpleJsonResourceReloadListener.java:41) ~[server-1.20.1-20230612.114412-srg.jar%23420!/:?]
	at net.minecraft.server.packs.resources.SimpleJsonResourceReloadListener.m_5944_(SimpleJsonResourceReloadListener.java:29) ~[server-1.20.1-20230612.114412-srg.jar%23420!/:?]
	at net.minecraft.server.packs.resources.SimpleJsonResourceReloadListener.m_5944_(SimpleJsonResourceReloadListener.java:17) ~[server-1.20.1-20230612.114412-srg.jar%23420!/:?]
	at net.minecraft.server.packs.resources.SimplePreparableReloadListener.m_10786_(SimplePreparableReloadListener.java:11) ~[server-1.20.1-20230612.114412-srg.jar%23420!/:?]
	at java.util.concurrent.CompletableFuture$AsyncSupply.run(CompletableFuture.java:1768) ~[?:?]
	at java.util.concurrent.CompletableFuture$AsyncSupply.exec(CompletableFuture.java:1760) ~[?:?]
	at java.util.concurrent.ForkJoinTask.doExec(ForkJoinTask.java:373) ~[?:?]
	at java.util.concurrent.ForkJoinPool$WorkQueue.topLevelExec(ForkJoinPool.java:1182) ~[?:?]
	at java.util.concurrent.ForkJoinPool.scan(ForkJoinPool.java:1655) ~[?:?]
	at java.util.concurrent.ForkJoinPool.runWorker(ForkJoinPool.java:1622) ~[?:?]
	at java.util.concurrent.ForkJoinWorkerThread.run(ForkJoinWorkerThread.java:165) ~[?:?]
Caused by: java.io.EOFException: End of input at line 1 column 1 path $
	at com.google.gson.stream.JsonReader.nextNonWhitespace(JsonReader.java:1455) ~[gson-2.10.jar%2372!/:?]
	at com.google.gson.stream.JsonReader.doPeek(JsonReader.java:558) ~[gson-2.10.jar%2372!/:?]
	at com.google.gson.stream.JsonReader.peek(JsonReader.java:433) ~[gson-2.10.jar%2372!/:?]
	at com.google.gson.internal.bind.TypeAdapters$28.read(TypeAdapters.java:769) ~[gson-2.10.jar%2372!/:?]
	at com.google.gson.internal.bind.TypeAdapters$28.read(TypeAdapters.java:725) ~[gson-2.10.jar%2372!/:?]
	at com.google.gson.internal.bind.TypeAdapters$34$1.read(TypeAdapters.java:1007) ~[gson-2.10.jar%2372!/:?]
	at net.minecraft.util.GsonHelper.m_13780_(GsonHelper.java:524) ~[server-1.20.1-20230612.114412-srg.jar%23420!/:?]
	... 13 more
[06Jun2026 05:46:31.482] [Worker-Main-1/ERROR] [net.minecraft.server.packs.resources.SimpleJsonResourceReloadListener/]: Couldn't parse data file irons_spellbooks:iron_spell_book from irons_spellbooks:recipes/iron_spell_book.json
com.google.gson.JsonParseException: java.io.EOFException: End of input at line 1 column 1 path $
	at net.minecraft.util.GsonHelper.m_13780_(GsonHelper.java:526) ~[server-1.20.1-20230612.114412-srg.jar%23420!/:?]
	at net.minecraft.util.GsonHelper.m_263475_(GsonHelper.java:531) ~[server-1.20.1-20230612.114412-srg.jar%23420!/:?]
	at net.minecraft.util.GsonHelper.m_13776_(GsonHelper.java:581) ~[server-1.20.1-20230612.114412-srg.jar%23420!/:?]
	at net.minecraft.server.packs.resources.SimpleJsonResourceReloadListener.m_278771_(SimpleJsonResourceReloadListener.java:41) ~[server-1.20.1-20230612.114412-srg.jar%23420!/:?]
	at net.minecraft.server.packs.resources.SimpleJsonResourceReloadListener.m_5944_(SimpleJsonResourceReloadListener.java:29) ~[server-1.20.1-20230612.114412-srg.jar%23420!/:?]
	at net.minecraft.server.packs.resources.SimpleJsonResourceReloadListener.m_5944_(SimpleJsonResourceReloadListener.java:17) ~[server-1.20.1-20230612.114412-srg.jar%23420!/:?]
	at net.minecraft.server.packs.resources.SimplePreparableReloadListener.m_10786_(SimplePreparableReloadListener.java:11) ~[server-1.20.1-20230612.114412-srg.jar%23420!/:?]
	at java.util.concurrent.CompletableFuture$AsyncSupply.run(CompletableFuture.java:1768) ~[?:?]
	at java.util.concurrent.CompletableFuture$AsyncSupply.exec(CompletableFuture.java:1760) ~[?:?]
	at java.util.concurrent.ForkJoinTask.doExec(ForkJoinTask.java:373) ~[?:?]
	at java.util.concurrent.ForkJoinPool$WorkQueue.topLevelExec(ForkJoinPool.java:1182) ~[?:?]
	at java.util.concurrent.ForkJoinPool.scan(ForkJoinPool.java:1655) ~[?:?]
	at java.util.concurrent.ForkJoinPool.runWorker(ForkJoinPool.java:1622) ~[?:?]
	at java.util.concurrent.ForkJoinWorkerThread.run(ForkJoinWorkerThread.java:165) ~[?:?]
Caused by: java.io.EOFException: End of input at line 1 column 1 path $
	at com.google.gson.stream.JsonReader.nextNonWhitespace(JsonReader.java:1455) ~[gson-2.10.jar%2372!/:?]
	at com.google.gson.stream.JsonReader.doPeek(JsonReader.java:558) ~[gson-2.10.jar%2372!/:?]
	at com.google.gson.stream.JsonReader.peek(JsonReader.java:433) ~[gson-2.10.jar%2372!/:?]
	at com.google.gson.internal.bind.TypeAdapters$28.read(TypeAdapters.java:769) ~[gson-2.10.jar%2372!/:?]
	at com.google.gson.internal.bind.TypeAdapters$28.read(TypeAdapters.java:725) ~[gson-2.10.jar%2372!/:?]
	at com.google.gson.internal.bind.TypeAdapters$34$1.read(TypeAdapters.java:1007) ~[gson-2.10.jar%2372!/:?]
	at net.minecraft.util.GsonHelper.m_13780_(GsonHelper.java:524) ~[server-1.20.1-20230612.114412-srg.jar%23420!/:?]
	... 13 more
[06Jun2026 05:46:31.487] [Worker-Main-1/ERROR] [net.minecraft.server.packs.resources.SimpleJsonResourceReloadListener/]: Couldn't parse data file efn:kusabimaru from efn:recipes/kusabimaru.json
com.google.gson.JsonParseException: java.io.EOFException: End of input at line 1 column 1 path $
	at net.minecraft.util.GsonHelper.m_13780_(GsonHelper.java:526) ~[server-1.20.1-20230612.114412-srg.jar%23420!/:?]
	at net.minecraft.util.GsonHelper.m_263475_(GsonHelper.java:531) ~[server-1.20.1-20230612.114412-srg.jar%23420!/:?]
	at net.minecraft.util.GsonHelper.m_13776_(GsonHelper.java:581) ~[server-1.20.1-20230612.114412-srg.jar%23420!/:?]
	at net.minecraft.server.packs.resources.SimpleJsonResourceReloadListener.m_278771_(SimpleJsonResourceReloadListener.java:41) ~[server-1.20.1-20230612.114412-srg.jar%23420!/:?]
	at net.minecraft.server.packs.resources.SimpleJsonResourceReloadListener.m_5944_(SimpleJsonResourceReloadListener.java:29) ~[server-1.20.1-20230612.114412-srg.jar%23420!/:?]
	at net.minecraft.server.packs.resources.SimpleJsonResourceReloadListener.m_5944_(SimpleJsonResourceReloadListener.java:17) ~[server-1.20.1-20230612.114412-srg.jar%23420!/:?]
	at net.minecraft.server.packs.resources.SimplePreparableReloadListener.m_10786_(SimplePreparableReloadListener.java:11) ~[server-1.20.1-20230612.114412-srg.jar%23420!/:?]
	at java.util.concurrent.CompletableFuture$AsyncSupply.run(CompletableFuture.java:1768) ~[?:?]
	at java.util.concurrent.CompletableFuture$AsyncSupply.exec(CompletableFuture.java:1760) ~[?:?]
	at java.util.concurrent.ForkJoinTask.doExec(ForkJoinTask.java:373) ~[?:?]
	at java.util.concurrent.ForkJoinPool$WorkQueue.topLevelExec(ForkJoinPool.java:1182) ~[?:?]
	at java.util.concurrent.ForkJoinPool.scan(ForkJoinPool.java:1655) ~[?:?]
	at java.util.concurrent.ForkJoinPool.runWorker(ForkJoinPool.java:1622) ~[?:?]
	at java.util.concurrent.ForkJoinWorkerThread.run(ForkJoinWorkerThread.java:165) ~[?:?]
Caused by: java.io.EOFException: End of input at line 1 column 1 path $
	at com.google.gson.stream.JsonReader.nextNonWhitespace(JsonReader.java:1455) ~[gson-2.10.jar%2372!/:?]
	at com.google.gson.stream.JsonReader.doPeek(JsonReader.java:558) ~[gson-2.10.jar%2372!/:?]
	at com.google.gson.stream.JsonReader.peek(JsonReader.java:433) ~[gson-2.10.jar%2372!/:?]
	at com.google.gson.internal.bind.TypeAdapters$28.read(TypeAdapters.java:769) ~[gson-2.10.jar%2372!/:?]
	at com.google.gson.internal.bind.TypeAdapters$28.read(TypeAdapters.java:725) ~[gson-2.10.jar%2372!/:?]
	at com.google.gson.internal.bind.TypeAdapters$34$1.read(TypeAdapters.java:1007) ~[gson-2.10.jar%2372!/:?]
	at net.minecraft.util.GsonHelper.m_13780_(GsonHelper.java:524) ~[server-1.20.1-20230612.114412-srg.jar%23420!/:?]
	... 13 more
[06Jun2026 05:46:31.488] [Worker-Main-1/ERROR] [net.minecraft.server.packs.resources.SimpleJsonResourceReloadListener/]: Couldn't parse data file cataclysm:laser_gatling from cataclysm:recipes/laser_gatling.json
com.google.gson.JsonParseException: java.io.EOFException: End of input at line 1 column 1 path $
	at net.minecraft.util.GsonHelper.m_13780_(GsonHelper.java:526) ~[server-1.20.1-20230612.114412-srg.jar%23420!/:?]
	at net.minecraft.util.GsonHelper.m_263475_(GsonHelper.java:531) ~[server-1.20.1-20230612.114412-srg.jar%23420!/:?]
	at net.minecraft.util.GsonHelper.m_13776_(GsonHelper.java:581) ~[server-1.20.1-20230612.114412-srg.jar%23420!/:?]
	at net.minecraft.server.packs.resources.SimpleJsonResourceReloadListener.m_278771_(SimpleJsonResourceReloadListener.java:41) ~[server-1.20.1-20230612.114412-srg.jar%23420!/:?]
	at net.minecraft.server.packs.resources.SimpleJsonResourceReloadListener.m_5944_(SimpleJsonResourceReloadListener.java:29) ~[server-1.20.1-20230612.114412-srg.jar%23420!/:?]
	at net.minecraft.server.packs.resources.SimpleJsonResourceReloadListener.m_5944_(SimpleJsonResourceReloadListener.java:17) ~[server-1.20.1-20230612.114412-srg.jar%23420!/:?]
	at net.minecraft.server.packs.resources.SimplePreparableReloadListener.m_10786_(SimplePreparableReloadListener.java:11) ~[server-1.20.1-20230612.114412-srg.jar%23420!/:?]
	at java.util.concurrent.CompletableFuture$AsyncSupply.run(CompletableFuture.java:1768) ~[?:?]
	at java.util.concurrent.CompletableFuture$AsyncSupply.exec(CompletableFuture.java:1760) ~[?:?]
	at java.util.concurrent.ForkJoinTask.doExec(ForkJoinTask.java:373) ~[?:?]
	at java.util.concurrent.ForkJoinPool$WorkQueue.topLevelExec(ForkJoinPool.java:1182) ~[?:?]
	at java.util.concurrent.ForkJoinPool.scan(ForkJoinPool.java:1655) ~[?:?]
	at java.util.concurrent.ForkJoinPool.runWorker(ForkJoinPool.java:1622) ~[?:?]
	at java.util.concurrent.ForkJoinWorkerThread.run(ForkJoinWorkerThread.java:165) ~[?:?]
Caused by: java.io.EOFException: End of input at line 1 column 1 path $
	at com.google.gson.stream.JsonReader.nextNonWhitespace(JsonReader.java:1455) ~[gson-2.10.jar%2372!/:?]
	at com.google.gson.stream.JsonReader.doPeek(JsonReader.java:558) ~[gson-2.10.jar%2372!/:?]
	at com.google.gson.stream.JsonReader.peek(JsonReader.java:433) ~[gson-2.10.jar%2372!/:?]
	at com.google.gson.internal.bind.TypeAdapters$28.read(TypeAdapters.java:769) ~[gson-2.10.jar%2372!/:?]
	at com.google.gson.internal.bind.TypeAdapters$28.read(TypeAdapters.java:725) ~[gson-2.10.jar%2372!/:?]
	at com.google.gson.internal.bind.TypeAdapters$34$1.read(TypeAdapters.java:1007) ~[gson-2.10.jar%2372!/:?]
	at net.minecraft.util.GsonHelper.m_13780_(GsonHelper.java:524) ~[server-1.20.1-20230612.114412-srg.jar%23420!/:?]
	... 13 more
[06Jun2026 05:46:31.489] [Worker-Main-1/ERROR] [net.minecraft.server.packs.resources.SimpleJsonResourceReloadListener/]: Couldn't parse data file irons_spellbooks:legionnaire_flamberge_repair from irons_spellbooks:recipes/legionnaire_flamberge_repair.json
com.google.gson.JsonParseException: java.io.EOFException: End of input at line 1 column 1 path $
	at net.minecraft.util.GsonHelper.m_13780_(GsonHelper.java:526) ~[server-1.20.1-20230612.114412-srg.jar%23420!/:?]
	at net.minecraft.util.GsonHelper.m_263475_(GsonHelper.java:531) ~[server-1.20.1-20230612.114412-srg.jar%23420!/:?]
	at net.minecraft.util.GsonHelper.m_13776_(GsonHelper.java:581) ~[server-1.20.1-20230612.114412-srg.jar%23420!/:?]
	at net.minecraft.server.packs.resources.SimpleJsonResourceReloadListener.m_278771_(SimpleJsonResourceReloadListener.java:41) ~[server-1.20.1-20230612.114412-srg.jar%23420!/:?]
	at net.minecraft.server.packs.resources.SimpleJsonResourceReloadListener.m_5944_(SimpleJsonResourceReloadListener.java:29) ~[server-1.20.1-20230612.114412-srg.jar%23420!/:?]
	at net.minecraft.server.packs.resources.SimpleJsonResourceReloadListener.m_5944_(SimpleJsonResourceReloadListener.java:17) ~[server-1.20.1-20230612.114412-srg.jar%23420!/:?]
	at net.minecraft.server.packs.resources.SimplePreparableReloadListener.m_10786_(SimplePreparableReloadListener.java:11) ~[server-1.20.1-20230612.114412-srg.jar%23420!/:?]
	at java.util.concurrent.CompletableFuture$AsyncSupply.run(CompletableFuture.java:1768) ~[?:?]
	at java.util.concurrent.CompletableFuture$AsyncSupply.exec(CompletableFuture.java:1760) ~[?:?]
	at java.util.concurrent.ForkJoinTask.doExec(ForkJoinTask.java:373) ~[?:?]
	at java.util.concurrent.ForkJoinPool$WorkQueue.topLevelExec(ForkJoinPool.java:1182) ~[?:?]
	at java.util.concurrent.ForkJoinPool.scan(ForkJoinPool.java:1655) ~[?:?]
	at java.util.concurrent.ForkJoinPool.runWorker(ForkJoinPool.java:1622) ~[?:?]
	at java.util.concurrent.ForkJoinWorkerThread.run(ForkJoinWorkerThread.java:165) ~[?:?]
Caused by: java.io.EOFException: End of input at line 1 column 1 path $
	at com.google.gson.stream.JsonReader.nextNonWhitespace(JsonReader.java:1455) ~[gson-2.10.jar%2372!/:?]
	at com.google.gson.stream.JsonReader.doPeek(JsonReader.java:558) ~[gson-2.10.jar%2372!/:?]
	at com.google.gson.stream.JsonReader.peek(JsonReader.java:433) ~[gson-2.10.jar%2372!/:?]
	at com.google.gson.internal.bind.TypeAdapters$28.read(TypeAdapters.java:769) ~[gson-2.10.jar%2372!/:?]
	at com.google.gson.internal.bind.TypeAdapters$28.read(TypeAdapters.java:725) ~[gson-2.10.jar%2372!/:?]
	at com.google.gson.internal.bind.TypeAdapters$34$1.read(TypeAdapters.java:1007) ~[gson-2.10.jar%2372!/:?]
	at net.minecraft.util.GsonHelper.m_13780_(GsonHelper.java:524) ~[server-1.20.1-20230612.114412-srg.jar%23420!/:?]
	... 13 more
[06Jun2026 05:46:31.495] [Worker-Main-1/ERROR] [net.minecraft.server.packs.resources.SimpleJsonResourceReloadListener/]: Couldn't parse data file cataclysm:meat_shredder from cataclysm:recipes/meat_shredder.json
com.google.gson.JsonParseException: java.io.EOFException: End of input at line 1 column 1 path $
	at net.minecraft.util.GsonHelper.m_13780_(GsonHelper.java:526) ~[server-1.20.1-20230612.114412-srg.jar%23420!/:?]
	at net.minecraft.util.GsonHelper.m_263475_(GsonHelper.java:531) ~[server-1.20.1-20230612.114412-srg.jar%23420!/:?]
	at net.minecraft.util.GsonHelper.m_13776_(GsonHelper.java:581) ~[server-1.20.1-20230612.114412-srg.jar%23420!/:?]
	at net.minecraft.server.packs.resources.SimpleJsonResourceReloadListener.m_278771_(SimpleJsonResourceReloadListener.java:41) ~[server-1.20.1-20230612.114412-srg.jar%23420!/:?]
	at net.minecraft.server.packs.resources.SimpleJsonResourceReloadListener.m_5944_(SimpleJsonResourceReloadListener.java:29) ~[server-1.20.1-20230612.114412-srg.jar%23420!/:?]
	at net.minecraft.server.packs.resources.SimpleJsonResourceReloadListener.m_5944_(SimpleJsonResourceReloadListener.java:17) ~[server-1.20.1-20230612.114412-srg.jar%23420!/:?]
	at net.minecraft.server.packs.resources.SimplePreparableReloadListener.m_10786_(SimplePreparableReloadListener.java:11) ~[server-1.20.1-20230612.114412-srg.jar%23420!/:?]
	at java.util.concurrent.CompletableFuture$AsyncSupply.run(CompletableFuture.java:1768) ~[?:?]
	at java.util.concurrent.CompletableFuture$AsyncSupply.exec(CompletableFuture.java:1760) ~[?:?]
	at java.util.concurrent.ForkJoinTask.doExec(ForkJoinTask.java:373) ~[?:?]
	at java.util.concurrent.ForkJoinPool$WorkQueue.topLevelExec(ForkJoinPool.java:1182) ~[?:?]
	at java.util.concurrent.ForkJoinPool.scan(ForkJoinPool.java:1655) ~[?:?]
	at java.util.concurrent.ForkJoinPool.runWorker(ForkJoinPool.java:1622) ~[?:?]
	at java.util.concurrent.ForkJoinWorkerThread.run(ForkJoinWorkerThread.java:165) ~[?:?]
Caused by: java.io.EOFException: End of input at line 1 column 1 path $
	at com.google.gson.stream.JsonReader.nextNonWhitespace(JsonReader.java:1455) ~[gson-2.10.jar%2372!/:?]
	at com.google.gson.stream.JsonReader.doPeek(JsonReader.java:558) ~[gson-2.10.jar%2372!/:?]
	at com.google.gson.stream.JsonReader.peek(JsonReader.java:433) ~[gson-2.10.jar%2372!/:?]
	at com.google.gson.internal.bind.TypeAdapters$28.read(TypeAdapters.java:769) ~[gson-2.10.jar%2372!/:?]
	at com.google.gson.internal.bind.TypeAdapters$28.read(TypeAdapters.java:725) ~[gson-2.10.jar%2372!/:?]
	at com.google.gson.internal.bind.TypeAdapters$34$1.read(TypeAdapters.java:1007) ~[gson-2.10.jar%2372!/:?]
	at net.minecraft.util.GsonHelper.m_13780_(GsonHelper.java:524) ~[server-1.20.1-20230612.114412-srg.jar%23420!/:?]
	... 13 more
[06Jun2026 05:46:31.496] [Worker-Main-1/ERROR] [net.minecraft.server.packs.resources.SimpleJsonResourceReloadListener/]: Couldn't parse data file efn:meen_spear from efn:recipes/meen_spear.json
com.google.gson.JsonParseException: java.io.EOFException: End of input at line 1 column 1 path $
	at net.minecraft.util.GsonHelper.m_13780_(GsonHelper.java:526) ~[server-1.20.1-20230612.114412-srg.jar%23420!/:?]
	at net.minecraft.util.GsonHelper.m_263475_(GsonHelper.java:531) ~[server-1.20.1-20230612.114412-srg.jar%23420!/:?]
	at net.minecraft.util.GsonHelper.m_13776_(GsonHelper.java:581) ~[server-1.20.1-20230612.114412-srg.jar%23420!/:?]
	at net.minecraft.server.packs.resources.SimpleJsonResourceReloadListener.m_278771_(SimpleJsonResourceReloadListener.java:41) ~[server-1.20.1-20230612.114412-srg.jar%23420!/:?]
	at net.minecraft.server.packs.resources.SimpleJsonResourceReloadListener.m_5944_(SimpleJsonResourceReloadListener.java:29) ~[server-1.20.1-20230612.114412-srg.jar%23420!/:?]
	at net.minecraft.server.packs.resources.SimpleJsonResourceReloadListener.m_5944_(SimpleJsonResourceReloadListener.java:17) ~[server-1.20.1-20230612.114412-srg.jar%23420!/:?]
	at net.minecraft.server.packs.resources.SimplePreparableReloadListener.m_10786_(SimplePreparableReloadListener.java:11) ~[server-1.20.1-20230612.114412-srg.jar%23420!/:?]
	at java.util.concurrent.CompletableFuture$AsyncSupply.run(CompletableFuture.java:1768) ~[?:?]
	at java.util.concurrent.CompletableFuture$AsyncSupply.exec(CompletableFuture.java:1760) ~[?:?]
	at java.util.concurrent.ForkJoinTask.doExec(ForkJoinTask.java:373) ~[?:?]
	at java.util.concurrent.ForkJoinPool$WorkQueue.topLevelExec(ForkJoinPool.java:1182) ~[?:?]
	at java.util.concurrent.ForkJoinPool.scan(ForkJoinPool.java:1655) ~[?:?]
	at java.util.concurrent.ForkJoinPool.runWorker(ForkJoinPool.java:1622) ~[?:?]
	at java.util.concurrent.ForkJoinWorkerThread.run(ForkJoinWorkerThread.java:165) ~[?:?]
Caused by: java.io.EOFException: End of input at line 1 column 1 path $
	at com.google.gson.stream.JsonReader.nextNonWhitespace(JsonReader.java:1455) ~[gson-2.10.jar%2372!/:?]
	at com.google.gson.stream.JsonReader.doPeek(JsonReader.java:558) ~[gson-2.10.jar%2372!/:?]
	at com.google.gson.stream.JsonReader.peek(JsonReader.java:433) ~[gson-2.10.jar%2372!/:?]
	at com.google.gson.internal.bind.TypeAdapters$28.read(TypeAdapters.java:769) ~[gson-2.10.jar%2372!/:?]
	at com.google.gson.internal.bind.TypeAdapters$28.read(TypeAdapters.java:725) ~[gson-2.10.jar%2372!/:?]
	at com.google.gson.internal.bind.TypeAdapters$34$1.read(TypeAdapters.java:1007) ~[gson-2.10.jar%2372!/:?]
	at net.minecraft.util.GsonHelper.m_13780_(GsonHelper.java:524) ~[server-1.20.1-20230612.114412-srg.jar%23420!/:?]
	... 13 more
[06Jun2026 05:46:31.497] [Worker-Main-1/ERROR] [net.minecraft.server.packs.resources.SimpleJsonResourceReloadListener/]: Couldn't parse data file efn:mortal_blade from efn:recipes/mortal_blade.json
com.google.gson.JsonParseException: java.io.EOFException: End of input at line 1 column 1 path $
	at net.minecraft.util.GsonHelper.m_13780_(GsonHelper.java:526) ~[server-1.20.1-20230612.114412-srg.jar%23420!/:?]
	at net.minecraft.util.GsonHelper.m_263475_(GsonHelper.java:531) ~[server-1.20.1-20230612.114412-srg.jar%23420!/:?]
	at net.minecraft.util.GsonHelper.m_13776_(GsonHelper.java:581) ~[server-1.20.1-20230612.114412-srg.jar%23420!/:?]
	at net.minecraft.server.packs.resources.SimpleJsonResourceReloadListener.m_278771_(SimpleJsonResourceReloadListener.java:41) ~[server-1.20.1-20230612.114412-srg.jar%23420!/:?]
	at net.minecraft.server.packs.resources.SimpleJsonResourceReloadListener.m_5944_(SimpleJsonResourceReloadListener.java:29) ~[server-1.20.1-20230612.114412-srg.jar%23420!/:?]
	at net.minecraft.server.packs.resources.SimpleJsonResourceReloadListener.m_5944_(SimpleJsonResourceReloadListener.java:17) ~[server-1.20.1-20230612.114412-srg.jar%23420!/:?]
	at net.minecraft.server.packs.resources.SimplePreparableReloadListener.m_10786_(SimplePreparableReloadListener.java:11) ~[server-1.20.1-20230612.114412-srg.jar%23420!/:?]
	at java.util.concurrent.CompletableFuture$AsyncSupply.run(CompletableFuture.java:1768) ~[?:?]
	at java.util.concurrent.CompletableFuture$AsyncSupply.exec(CompletableFuture.java:1760) ~[?:?]
	at java.util.concurrent.ForkJoinTask.doExec(ForkJoinTask.java:373) ~[?:?]
	at java.util.concurrent.ForkJoinPool$WorkQueue.topLevelExec(ForkJoinPool.java:1182) ~[?:?]
	at java.util.concurrent.ForkJoinPool.scan(ForkJoinPool.java:1655) ~[?:?]
	at java.util.concurrent.ForkJoinPool.runWorker(ForkJoinPool.java:1622) ~[?:?]
	at java.util.concurrent.ForkJoinWorkerThread.run(ForkJoinWorkerThread.java:165) ~[?:?]
Caused by: java.io.EOFException: End of input at line 1 column 1 path $
	at com.google.gson.stream.JsonReader.nextNonWhitespace(JsonReader.java:1455) ~[gson-2.10.jar%2372!/:?]
	at com.google.gson.stream.JsonReader.doPeek(JsonReader.java:558) ~[gson-2.10.jar%2372!/:?]
	at com.google.gson.stream.JsonReader.peek(JsonReader.java:433) ~[gson-2.10.jar%2372!/:?]
	at com.google.gson.internal.bind.TypeAdapters$28.read(TypeAdapters.java:769) ~[gson-2.10.jar%2372!/:?]
	at com.google.gson.internal.bind.TypeAdapters$28.read(TypeAdapters.java:725) ~[gson-2.10.jar%2372!/:?]
	at com.google.gson.internal.bind.TypeAdapters$34$1.read(TypeAdapters.java:1007) ~[gson-2.10.jar%2372!/:?]
	at net.minecraft.util.GsonHelper.m_13780_(GsonHelper.java:524) ~[server-1.20.1-20230612.114412-srg.jar%23420!/:?]
	... 13 more
[06Jun2026 05:46:31.497] [Worker-Main-1/ERROR] [net.minecraft.server.packs.resources.SimpleJsonResourceReloadListener/]: Couldn't parse data file p1nero_bow:mortis_bow from p1nero_bow:recipes/mortis_bow.json
com.google.gson.JsonParseException: java.io.EOFException: End of input at line 1 column 1 path $
	at net.minecraft.util.GsonHelper.m_13780_(GsonHelper.java:526) ~[server-1.20.1-20230612.114412-srg.jar%23420!/:?]
	at net.minecraft.util.GsonHelper.m_263475_(GsonHelper.java:531) ~[server-1.20.1-20230612.114412-srg.jar%23420!/:?]
	at net.minecraft.util.GsonHelper.m_13776_(GsonHelper.java:581) ~[server-1.20.1-20230612.114412-srg.jar%23420!/:?]
	at net.minecraft.server.packs.resources.SimpleJsonResourceReloadListener.m_278771_(SimpleJsonResourceReloadListener.java:41) ~[server-1.20.1-20230612.114412-srg.jar%23420!/:?]
	at net.minecraft.server.packs.resources.SimpleJsonResourceReloadListener.m_5944_(SimpleJsonResourceReloadListener.java:29) ~[server-1.20.1-20230612.114412-srg.jar%23420!/:?]
	at net.minecraft.server.packs.resources.SimpleJsonResourceReloadListener.m_5944_(SimpleJsonResourceReloadListener.java:17) ~[server-1.20.1-20230612.114412-srg.jar%23420!/:?]
	at net.minecraft.server.packs.resources.SimplePreparableReloadListener.m_10786_(SimplePreparableReloadListener.java:11) ~[server-1.20.1-20230612.114412-srg.jar%23420!/:?]
	at java.util.concurrent.CompletableFuture$AsyncSupply.run(CompletableFuture.java:1768) ~[?:?]
	at java.util.concurrent.CompletableFuture$AsyncSupply.exec(CompletableFuture.java:1760) ~[?:?]
	at java.util.concurrent.ForkJoinTask.doExec(ForkJoinTask.java:373) ~[?:?]
	at java.util.concurrent.ForkJoinPool$WorkQueue.topLevelExec(ForkJoinPool.java:1182) ~[?:?]
	at java.util.concurrent.ForkJoinPool.scan(ForkJoinPool.java:1655) ~[?:?]
	at java.util.concurrent.ForkJoinPool.runWorker(ForkJoinPool.java:1622) ~[?:?]
	at java.util.concurrent.ForkJoinWorkerThread.run(ForkJoinWorkerThread.java:165) ~[?:?]
Caused by: java.io.EOFException: End of input at line 1 column 1 path $
	at com.google.gson.stream.JsonReader.nextNonWhitespace(JsonReader.java:1455) ~[gson-2.10.jar%2372!/:?]
	at com.google.gson.stream.JsonReader.doPeek(JsonReader.java:558) ~[gson-2.10.jar%2372!/:?]
	at com.google.gson.stream.JsonReader.peek(JsonReader.java:433) ~[gson-2.10.jar%2372!/:?]
	at com.google.gson.internal.bind.TypeAdapters$28.read(TypeAdapters.java:769) ~[gson-2.10.jar%2372!/:?]
	at com.google.gson.internal.bind.TypeAdapters$28.read(TypeAdapters.java:725) ~[gson-2.10.jar%2372!/:?]
	at com.google.gson.internal.bind.TypeAdapters$34$1.read(TypeAdapters.java:1007) ~[gson-2.10.jar%2372!/:?]
	at net.minecraft.util.GsonHelper.m_13780_(GsonHelper.java:524) ~[server-1.20.1-20230612.114412-srg.jar%23420!/:?]
	... 13 more
[06Jun2026 05:46:31.500] [Worker-Main-1/ERROR] [net.minecraft.server.packs.resources.SimpleJsonResourceReloadListener/]: Couldn't parse data file cataclysm_spellbooks:murasama from cataclysm_spellbooks:recipes/murasama.json
com.google.gson.JsonParseException: java.io.EOFException: End of input at line 1 column 1 path $
	at net.minecraft.util.GsonHelper.m_13780_(GsonHelper.java:526) ~[server-1.20.1-20230612.114412-srg.jar%23420!/:?]
	at net.minecraft.util.GsonHelper.m_263475_(GsonHelper.java:531) ~[server-1.20.1-20230612.114412-srg.jar%23420!/:?]
	at net.minecraft.util.GsonHelper.m_13776_(GsonHelper.java:581) ~[server-1.20.1-20230612.114412-srg.jar%23420!/:?]
	at net.minecraft.server.packs.resources.SimpleJsonResourceReloadListener.m_278771_(SimpleJsonResourceReloadListener.java:41) ~[server-1.20.1-20230612.114412-srg.jar%23420!/:?]
	at net.minecraft.server.packs.resources.SimpleJsonResourceReloadListener.m_5944_(SimpleJsonResourceReloadListener.java:29) ~[server-1.20.1-20230612.114412-srg.jar%23420!/:?]
	at net.minecraft.server.packs.resources.SimpleJsonResourceReloadListener.m_5944_(SimpleJsonResourceReloadListener.java:17) ~[server-1.20.1-20230612.114412-srg.jar%23420!/:?]
	at net.minecraft.server.packs.resources.SimplePreparableReloadListener.m_10786_(SimplePreparableReloadListener.java:11) ~[server-1.20.1-20230612.114412-srg.jar%23420!/:?]
	at java.util.concurrent.CompletableFuture$AsyncSupply.run(CompletableFuture.java:1768) ~[?:?]
	at java.util.concurrent.CompletableFuture$AsyncSupply.exec(CompletableFuture.java:1760) ~[?:?]
	at java.util.concurrent.ForkJoinTask.doExec(ForkJoinTask.java:373) ~[?:?]
	at java.util.concurrent.ForkJoinPool$WorkQueue.topLevelExec(ForkJoinPool.java:1182) ~[?:?]
	at java.util.concurrent.ForkJoinPool.scan(ForkJoinPool.java:1655) ~[?:?]
	at java.util.concurrent.ForkJoinPool.runWorker(ForkJoinPool.java:1622) ~[?:?]
	at java.util.concurrent.ForkJoinWorkerThread.run(ForkJoinWorkerThread.java:165) ~[?:?]
Caused by: java.io.EOFException: End of input at line 1 column 1 path $
	at com.google.gson.stream.JsonReader.nextNonWhitespace(JsonReader.java:1455) ~[gson-2.10.jar%2372!/:?]
	at com.google.gson.stream.JsonReader.doPeek(JsonReader.java:558) ~[gson-2.10.jar%2372!/:?]
	at com.google.gson.stream.JsonReader.peek(JsonReader.java:433) ~[gson-2.10.jar%2372!/:?]
	at com.google.gson.internal.bind.TypeAdapters$28.read(TypeAdapters.java:769) ~[gson-2.10.jar%2372!/:?]
	at com.google.gson.internal.bind.TypeAdapters$28.read(TypeAdapters.java:725) ~[gson-2.10.jar%2372!/:?]
	at com.google.gson.internal.bind.TypeAdapters$34$1.read(TypeAdapters.java:1007) ~[gson-2.10.jar%2372!/:?]
	at net.minecraft.util.GsonHelper.m_13780_(GsonHelper.java:524) ~[server-1.20.1-20230612.114412-srg.jar%23420!/:?]
	... 13 more
[06Jun2026 05:46:31.503] [Worker-Main-3/ERROR] [net.minecraftforge.common.ForgeHooks/]: Couldn't parse element loot_tables:beyonddimensions:blocks/mana_pool_pathway
com.google.gson.JsonSyntaxException: Expected name to be an item, was unknown string 'beyonddimensions:mana_pool_pathway'
	at net.minecraft.util.GsonHelper.m_13866_(GsonHelper.java:145) ~[server-1.20.1-20230612.114412-srg.jar%23420!/:?]
	at java.util.Optional.orElseThrow(Optional.java:403) ~[?:?]
	at net.minecraft.util.GsonHelper.m_13874_(GsonHelper.java:145) ~[server-1.20.1-20230612.114412-srg.jar%23420!/:?]
	at net.minecraft.util.GsonHelper.m_13909_(GsonHelper.java:153) ~[server-1.20.1-20230612.114412-srg.jar%23420!/:?]
	at net.minecraft.world.level.storage.loot.entries.LootItem$Serializer.m_7267_(LootItem.java:55) ~[server-1.20.1-20230612.114412-srg.jar%23420!/:?]
	at net.minecraft.world.level.storage.loot.entries.LootItem$Serializer.m_7267_(LootItem.java:40) ~[server-1.20.1-20230612.114412-srg.jar%23420!/:?]
	at net.minecraft.world.level.storage.loot.entries.LootPoolSingletonContainer$Serializer.m_5921_(LootPoolSingletonContainer.java:151) ~[server-1.20.1-20230612.114412-srg.jar%23420!/:?]
	at net.minecraft.world.level.storage.loot.entries.LootPoolSingletonContainer$Serializer.m_5921_(LootPoolSingletonContainer.java:129) ~[server-1.20.1-20230612.114412-srg.jar%23420!/:?]
	at net.minecraft.world.level.storage.loot.entries.LootPoolEntryContainer$Serializer.m_7561_(LootPoolEntryContainer.java:86) ~[server-1.20.1-20230612.114412-srg.jar%23420!/:?]
	at net.minecraft.world.level.storage.loot.entries.LootPoolEntryContainer$Serializer.m_7561_(LootPoolEntryContainer.java:74) ~[server-1.20.1-20230612.114412-srg.jar%23420!/:?]
	at net.minecraft.world.level.storage.loot.GsonAdapterFactory$JsonAdapter.deserialize(GsonAdapterFactory.java:102) ~[server-1.20.1-20230612.114412-srg.jar%23420!/:?]
	at com.google.gson.internal.bind.TreeTypeAdapter.read(TreeTypeAdapter.java:76) ~[gson-2.10.jar%2372!/:?]
	at com.google.gson.internal.bind.TypeAdapterRuntimeTypeWrapper.read(TypeAdapterRuntimeTypeWrapper.java:40) ~[gson-2.10.jar%2372!/:?]
	at com.google.gson.internal.bind.ArrayTypeAdapter.read(ArrayTypeAdapter.java:72) ~[gson-2.10.jar%2372!/:?]
	at com.google.gson.Gson.fromJson(Gson.java:1214) ~[gson-2.10.jar%2372!/:?]
	at com.google.gson.Gson.fromJson(Gson.java:1319) ~[gson-2.10.jar%2372!/:?]
	at com.google.gson.Gson.fromJson(Gson.java:1290) ~[gson-2.10.jar%2372!/:?]
	at com.google.gson.internal.bind.TreeTypeAdapter$GsonContextImpl.deserialize(TreeTypeAdapter.java:179) ~[gson-2.10.jar%2372!/:?]
	at net.minecraft.util.GsonHelper.m_13808_(GsonHelper.java:463) ~[server-1.20.1-20230612.114412-srg.jar%23420!/:?]
	at net.minecraft.util.GsonHelper.m_13836_(GsonHelper.java:471) ~[server-1.20.1-20230612.114412-srg.jar%23420!/:?]
	at net.minecraft.world.level.storage.loot.LootPool$Serializer.deserialize(LootPool.java:192) ~[server-1.20.1-20230612.114412-srg.jar%23420!/:?]
	at net.minecraft.world.level.storage.loot.LootPool$Serializer.deserialize(LootPool.java:189) ~[server-1.20.1-20230612.114412-srg.jar%23420!/:?]
	at com.google.gson.internal.bind.TreeTypeAdapter.read(TreeTypeAdapter.java:76) ~[gson-2.10.jar%2372!/:?]
	at com.google.gson.internal.bind.TypeAdapterRuntimeTypeWrapper.read(TypeAdapterRuntimeTypeWrapper.java:40) ~[gson-2.10.jar%2372!/:?]
	at com.google.gson.internal.bind.ArrayTypeAdapter.read(ArrayTypeAdapter.java:72) ~[gson-2.10.jar%2372!/:?]
	at com.google.gson.Gson.fromJson(Gson.java:1214) ~[gson-2.10.jar%2372!/:?]
	at com.google.gson.Gson.fromJson(Gson.java:1319) ~[gson-2.10.jar%2372!/:?]
	at com.google.gson.Gson.fromJson(Gson.java:1290) ~[gson-2.10.jar%2372!/:?]
	at com.google.gson.internal.bind.TreeTypeAdapter$GsonContextImpl.deserialize(TreeTypeAdapter.java:179) ~[gson-2.10.jar%2372!/:?]
	at net.minecraft.util.GsonHelper.m_13808_(GsonHelper.java:463) ~[server-1.20.1-20230612.114412-srg.jar%23420!/:?]
	at net.minecraft.util.GsonHelper.m_13845_(GsonHelper.java:481) ~[server-1.20.1-20230612.114412-srg.jar%23420!/:?]
	at net.minecraft.world.level.storage.loot.LootTable$Serializer.deserialize(LootTable.java:294) ~[server-1.20.1-20230612.114412-srg.jar%23420!/:?]
	at net.minecraft.world.level.storage.loot.LootTable$Serializer.deserialize(LootTable.java:291) ~[server-1.20.1-20230612.114412-srg.jar%23420!/:?]
	at com.google.gson.internal.bind.TreeTypeAdapter.read(TreeTypeAdapter.java:76) ~[gson-2.10.jar%2372!/:?]
	at com.google.gson.Gson.fromJson(Gson.java:1214) ~[gson-2.10.jar%2372!/:?]
	at com.google.gson.Gson.fromJson(Gson.java:1319) ~[gson-2.10.jar%2372!/:?]
	at com.google.gson.Gson.fromJson(Gson.java:1261) ~[gson-2.10.jar%2372!/:?]
	at net.minecraftforge.common.ForgeHooks.loadLootTable(ForgeHooks.java:872) ~[forge-1.20.1-47.4.20-universal.jar%23425!/:?]
	at net.minecraftforge.common.ForgeHooks.lambda$getLootTableDeserializer$3(ForgeHooks.java:849) ~[forge-1.20.1-47.4.20-universal.jar%23425!/:?]
	at net.minecraft.world.level.storage.loot.LootDataType.deserialize(LootDataType.java:45) ~[server-1.20.1-20230612.114412-srg.jar%23420!/:?]
	at net.minecraft.world.level.storage.loot.LootDataManager.lambda$scheduleElementParse$4(LootDataManager.java:56) ~[server-1.20.1-20230612.114412-srg.jar%23420!/:?]
	at java.util.HashMap.forEach(HashMap.java:1421) ~[?:?]
	at net.minecraft.world.level.storage.loot.LootDataManager.m_278660_(LootDataManager.java:55) ~[server-1.20.1-20230612.114412-srg.jar%23420!/:?]
	at java.util.concurrent.CompletableFuture$AsyncRun.run(CompletableFuture.java:1804) ~[?:?]
	at java.util.concurrent.CompletableFuture$AsyncRun.exec(CompletableFuture.java:1796) ~[?:?]
	at java.util.concurrent.ForkJoinTask.doExec(ForkJoinTask.java:373) ~[?:?]
	at java.util.concurrent.ForkJoinPool$WorkQueue.topLevelExec(ForkJoinPool.java:1182) ~[?:?]
	at java.util.concurrent.ForkJoinPool.scan(ForkJoinPool.java:1655) ~[?:?]
	at java.util.concurrent.ForkJoinPool.runWorker(ForkJoinPool.java:1622) ~[?:?]
	at java.util.concurrent.ForkJoinWorkerThread.run(ForkJoinWorkerThread.java:165) ~[?:?]
[06Jun2026 05:46:31.504] [Worker-Main-1/ERROR] [net.minecraft.server.packs.resources.SimpleJsonResourceReloadListener/]: Couldn't parse data file irons_spellbooks:netherite_spell_book from irons_spellbooks:recipes/netherite_spell_book.json
com.google.gson.JsonParseException: java.io.EOFException: End of input at line 1 column 1 path $
	at net.minecraft.util.GsonHelper.m_13780_(GsonHelper.java:526) ~[server-1.20.1-20230612.114412-srg.jar%23420!/:?]
	at net.minecraft.util.GsonHelper.m_263475_(GsonHelper.java:531) ~[server-1.20.1-20230612.114412-srg.jar%23420!/:?]
	at net.minecraft.util.GsonHelper.m_13776_(GsonHelper.java:581) ~[server-1.20.1-20230612.114412-srg.jar%23420!/:?]
	at net.minecraft.server.packs.resources.SimpleJsonResourceReloadListener.m_278771_(SimpleJsonResourceReloadListener.java:41) ~[server-1.20.1-20230612.114412-srg.jar%23420!/:?]
	at net.minecraft.server.packs.resources.SimpleJsonResourceReloadListener.m_5944_(SimpleJsonResourceReloadListener.java:29) ~[server-1.20.1-20230612.114412-srg.jar%23420!/:?]
	at net.minecraft.server.packs.resources.SimpleJsonResourceReloadListener.m_5944_(SimpleJsonResourceReloadListener.java:17) ~[server-1.20.1-20230612.114412-srg.jar%23420!/:?]
	at net.minecraft.server.packs.resources.SimplePreparableReloadListener.m_10786_(SimplePreparableReloadListener.java:11) ~[server-1.20.1-20230612.114412-srg.jar%23420!/:?]
	at java.util.concurrent.CompletableFuture$AsyncSupply.run(CompletableFuture.java:1768) ~[?:?]
	at java.util.concurrent.CompletableFuture$AsyncSupply.exec(CompletableFuture.java:1760) ~[?:?]
	at java.util.concurrent.ForkJoinTask.doExec(ForkJoinTask.java:373) ~[?:?]
	at java.util.concurrent.ForkJoinPool$WorkQueue.topLevelExec(ForkJoinPool.java:1182) ~[?:?]
	at java.util.concurrent.ForkJoinPool.scan(ForkJoinPool.java:1655) ~[?:?]
	at java.util.concurrent.ForkJoinPool.runWorker(ForkJoinPool.java:1622) ~[?:?]
	at java.util.concurrent.ForkJoinWorkerThread.run(ForkJoinWorkerThread.java:165) ~[?:?]
Caused by: java.io.EOFException: End of input at line 1 column 1 path $
	at com.google.gson.stream.JsonReader.nextNonWhitespace(JsonReader.java:1455) ~[gson-2.10.jar%2372!/:?]
	at com.google.gson.stream.JsonReader.doPeek(JsonReader.java:558) ~[gson-2.10.jar%2372!/:?]
	at com.google.gson.stream.JsonReader.peek(JsonReader.java:433) ~[gson-2.10.jar%2372!/:?]
	at com.google.gson.internal.bind.TypeAdapters$28.read(TypeAdapters.java:769) ~[gson-2.10.jar%2372!/:?]
	at com.google.gson.internal.bind.TypeAdapters$28.read(TypeAdapters.java:725) ~[gson-2.10.jar%2372!/:?]
	at com.google.gson.internal.bind.TypeAdapters$34$1.read(TypeAdapters.java:1007) ~[gson-2.10.jar%2372!/:?]
	at net.minecraft.util.GsonHelper.m_13780_(GsonHelper.java:524) ~[server-1.20.1-20230612.114412-srg.jar%23420!/:?]
	... 13 more
[06Jun2026 05:46:31.505] [Worker-Main-1/ERROR] [net.minecraft.server.packs.resources.SimpleJsonResourceReloadListener/]: Couldn't parse data file efn:nf_claw from efn:recipes/nf_claw.json
com.google.gson.JsonParseException: java.io.EOFException: End of input at line 1 column 1 path $
	at net.minecraft.util.GsonHelper.m_13780_(GsonHelper.java:526) ~[server-1.20.1-20230612.114412-srg.jar%23420!/:?]
	at net.minecraft.util.GsonHelper.m_263475_(GsonHelper.java:531) ~[server-1.20.1-20230612.114412-srg.jar%23420!/:?]
	at net.minecraft.util.GsonHelper.m_13776_(GsonHelper.java:581) ~[server-1.20.1-20230612.114412-srg.jar%23420!/:?]
	at net.minecraft.server.packs.resources.SimpleJsonResourceReloadListener.m_278771_(SimpleJsonResourceReloadListener.java:41) ~[server-1.20.1-20230612.114412-srg.jar%23420!/:?]
	at net.minecraft.server.packs.resources.SimpleJsonResourceReloadListener.m_5944_(SimpleJsonResourceReloadListener.java:29) ~[server-1.20.1-20230612.114412-srg.jar%23420!/:?]
	at net.minecraft.server.packs.resources.SimpleJsonResourceReloadListener.m_5944_(SimpleJsonResourceReloadListener.java:17) ~[server-1.20.1-20230612.114412-srg.jar%23420!/:?]
	at net.minecraft.server.packs.resources.SimplePreparableReloadListener.m_10786_(SimplePreparableReloadListener.java:11) ~[server-1.20.1-20230612.114412-srg.jar%23420!/:?]
	at java.util.concurrent.CompletableFuture$AsyncSupply.run(CompletableFuture.java:1768) ~[?:?]
	at java.util.concurrent.CompletableFuture$AsyncSupply.exec(CompletableFuture.java:1760) ~[?:?]
	at java.util.concurrent.ForkJoinTask.doExec(ForkJoinTask.java:373) ~[?:?]
	at java.util.concurrent.ForkJoinPool$WorkQueue.topLevelExec(ForkJoinPool.java:1182) ~[?:?]
	at java.util.concurrent.ForkJoinPool.scan(ForkJoinPool.java:1655) ~[?:?]
	at java.util.concurrent.ForkJoinPool.runWorker(ForkJoinPool.java:1622) ~[?:?]
	at java.util.concurrent.ForkJoinWorkerThread.run(ForkJoinWorkerThread.java:165) ~[?:?]
Caused by: java.io.EOFException: End of input at line 1 column 1 path $
	at com.google.gson.stream.JsonReader.nextNonWhitespace(JsonReader.java:1455) ~[gson-2.10.jar%2372!/:?]
	at com.google.gson.stream.JsonReader.doPeek(JsonReader.java:558) ~[gson-2.10.jar%2372!/:?]
	at com.google.gson.stream.JsonReader.peek(JsonReader.java:433) ~[gson-2.10.jar%2372!/:?]
	at com.google.gson.internal.bind.TypeAdapters$28.read(TypeAdapters.java:769) ~[gson-2.10.jar%2372!/:?]
	at com.google.gson.internal.bind.TypeAdapters$28.read(TypeAdapters.java:725) ~[gson-2.10.jar%2372!/:?]
	at com.google.gson.internal.bind.TypeAdapters$34$1.read(TypeAdapters.java:1007) ~[gson-2.10.jar%2372!/:?]
	at net.minecraft.util.GsonHelper.m_13780_(GsonHelper.java:524) ~[server-1.20.1-20230612.114412-srg.jar%23420!/:?]
	... 13 more
[06Jun2026 05:46:31.505] [Worker-Main-1/ERROR] [net.minecraft.server.packs.resources.SimpleJsonResourceReloadListener/]: Couldn't parse data file efn:nf_dual_sword from efn:recipes/nf_dual_sword.json
com.google.gson.JsonParseException: java.io.EOFException: End of input at line 1 column 1 path $
	at net.minecraft.util.GsonHelper.m_13780_(GsonHelper.java:526) ~[server-1.20.1-20230612.114412-srg.jar%23420!/:?]
	at net.minecraft.util.GsonHelper.m_263475_(GsonHelper.java:531) ~[server-1.20.1-20230612.114412-srg.jar%23420!/:?]
	at net.minecraft.util.GsonHelper.m_13776_(GsonHelper.java:581) ~[server-1.20.1-20230612.114412-srg.jar%23420!/:?]
	at net.minecraft.server.packs.resources.SimpleJsonResourceReloadListener.m_278771_(SimpleJsonResourceReloadListener.java:41) ~[server-1.20.1-20230612.114412-srg.jar%23420!/:?]
	at net.minecraft.server.packs.resources.SimpleJsonResourceReloadListener.m_5944_(SimpleJsonResourceReloadListener.java:29) ~[server-1.20.1-20230612.114412-srg.jar%23420!/:?]
	at net.minecraft.server.packs.resources.SimpleJsonResourceReloadListener.m_5944_(SimpleJsonResourceReloadListener.java:17) ~[server-1.20.1-20230612.114412-srg.jar%23420!/:?]
	at net.minecraft.server.packs.resources.SimplePreparableReloadListener.m_10786_(SimplePreparableReloadListener.java:11) ~[server-1.20.1-20230612.114412-srg.jar%23420!/:?]
	at java.util.concurrent.CompletableFuture$AsyncSupply.run(CompletableFuture.java:1768) ~[?:?]
	at java.util.concurrent.CompletableFuture$AsyncSupply.exec(CompletableFuture.java:1760) ~[?:?]
	at java.util.concurrent.ForkJoinTask.doExec(ForkJoinTask.java:373) ~[?:?]
	at java.util.concurrent.ForkJoinPool$WorkQueue.topLevelExec(ForkJoinPool.java:1182) ~[?:?]
	at java.util.concurrent.ForkJoinPool.scan(ForkJoinPool.java:1655) ~[?:?]
	at java.util.concurrent.ForkJoinPool.runWorker(ForkJoinPool.java:1622) ~[?:?]
	at java.util.concurrent.ForkJoinWorkerThread.run(ForkJoinWorkerThread.java:165) ~[?:?]
Caused by: java.io.EOFException: End of input at line 1 column 1 path $
	at com.google.gson.stream.JsonReader.nextNonWhitespace(JsonReader.java:1455) ~[gson-2.10.jar%2372!/:?]
	at com.google.gson.stream.JsonReader.doPeek(JsonReader.java:558) ~[gson-2.10.jar%2372!/:?]
	at com.google.gson.stream.JsonReader.peek(JsonReader.java:433) ~[gson-2.10.jar%2372!/:?]
	at com.google.gson.internal.bind.TypeAdapters$28.read(TypeAdapters.java:769) ~[gson-2.10.jar%2372!/:?]
	at com.google.gson.internal.bind.TypeAdapters$28.read(TypeAdapters.java:725) ~[gson-2.10.jar%2372!/:?]
	at com.google.gson.internal.bind.TypeAdapters$34$1.read(TypeAdapters.java:1007) ~[gson-2.10.jar%2372!/:?]
	at net.minecraft.util.GsonHelper.m_13780_(GsonHelper.java:524) ~[server-1.20.1-20230612.114412-srg.jar%23420!/:?]
	... 13 more
[06Jun2026 05:46:31.506] [Worker-Main-1/ERROR] [net.minecraft.server.packs.resources.SimpleJsonResourceReloadListener/]: Couldn't parse data file efn:nf_shortsword from efn:recipes/nf_shortsword.json
com.google.gson.JsonParseException: java.io.EOFException: End of input at line 1 column 1 path $
	at net.minecraft.util.GsonHelper.m_13780_(GsonHelper.java:526) ~[server-1.20.1-20230612.114412-srg.jar%23420!/:?]
	at net.minecraft.util.GsonHelper.m_263475_(GsonHelper.java:531) ~[server-1.20.1-20230612.114412-srg.jar%23420!/:?]
	at net.minecraft.util.GsonHelper.m_13776_(GsonHelper.java:581) ~[server-1.20.1-20230612.114412-srg.jar%23420!/:?]
	at net.minecraft.server.packs.resources.SimpleJsonResourceReloadListener.m_278771_(SimpleJsonResourceReloadListener.java:41) ~[server-1.20.1-20230612.114412-srg.jar%23420!/:?]
	at net.minecraft.server.packs.resources.SimpleJsonResourceReloadListener.m_5944_(SimpleJsonResourceReloadListener.java:29) ~[server-1.20.1-20230612.114412-srg.jar%23420!/:?]
	at net.minecraft.server.packs.resources.SimpleJsonResourceReloadListener.m_5944_(SimpleJsonResourceReloadListener.java:17) ~[server-1.20.1-20230612.114412-srg.jar%23420!/:?]
	at net.minecraft.server.packs.resources.SimplePreparableReloadListener.m_10786_(SimplePreparableReloadListener.java:11) ~[server-1.20.1-20230612.114412-srg.jar%23420!/:?]
	at java.util.concurrent.CompletableFuture$AsyncSupply.run(CompletableFuture.java:1768) ~[?:?]
	at java.util.concurrent.CompletableFuture$AsyncSupply.exec(CompletableFuture.java:1760) ~[?:?]
	at java.util.concurrent.ForkJoinTask.doExec(ForkJoinTask.java:373) ~[?:?]
	at java.util.concurrent.ForkJoinPool$WorkQueue.topLevelExec(ForkJoinPool.java:1182) ~[?:?]
	at java.util.concurrent.ForkJoinPool.scan(ForkJoinPool.java:1655) ~[?:?]
	at java.util.concurrent.ForkJoinPool.runWorker(ForkJoinPool.java:1622) ~[?:?]
	at java.util.concurrent.ForkJoinWorkerThread.run(ForkJoinWorkerThread.java:165) ~[?:?]
Caused by: java.io.EOFException: End of input at line 1 column 1 path $
	at com.google.gson.stream.JsonReader.nextNonWhitespace(JsonReader.java:1455) ~[gson-2.10.jar%2372!/:?]
	at com.google.gson.stream.JsonReader.doPeek(JsonReader.java:558) ~[gson-2.10.jar%2372!/:?]
	at com.google.gson.stream.JsonReader.peek(JsonReader.java:433) ~[gson-2.10.jar%2372!/:?]
	at com.google.gson.internal.bind.TypeAdapters$28.read(TypeAdapters.java:769) ~[gson-2.10.jar%2372!/:?]
	at com.google.gson.internal.bind.TypeAdapters$28.read(TypeAdapters.java:725) ~[gson-2.10.jar%2372!/:?]
	at com.google.gson.internal.bind.TypeAdapters$34$1.read(TypeAdapters.java:1007) ~[gson-2.10.jar%2372!/:?]
	at net.minecraft.util.GsonHelper.m_13780_(GsonHelper.java:524) ~[server-1.20.1-20230612.114412-srg.jar%23420!/:?]
	... 13 more
[06Jun2026 05:46:31.506] [Worker-Main-1/ERROR] [net.minecraft.server.packs.resources.SimpleJsonResourceReloadListener/]: Couldn't parse data file efn:nf_shortsword_2 from efn:recipes/nf_shortsword_2.json
com.google.gson.JsonParseException: java.io.EOFException: End of input at line 1 column 1 path $
	at net.minecraft.util.GsonHelper.m_13780_(GsonHelper.java:526) ~[server-1.20.1-20230612.114412-srg.jar%23420!/:?]
	at net.minecraft.util.GsonHelper.m_263475_(GsonHelper.java:531) ~[server-1.20.1-20230612.114412-srg.jar%23420!/:?]
	at net.minecraft.util.GsonHelper.m_13776_(GsonHelper.java:581) ~[server-1.20.1-20230612.114412-srg.jar%23420!/:?]
	at net.minecraft.server.packs.resources.SimpleJsonResourceReloadListener.m_278771_(SimpleJsonResourceReloadListener.java:41) ~[server-1.20.1-20230612.114412-srg.jar%23420!/:?]
	at net.minecraft.server.packs.resources.SimpleJsonResourceReloadListener.m_5944_(SimpleJsonResourceReloadListener.java:29) ~[server-1.20.1-20230612.114412-srg.jar%23420!/:?]
	at net.minecraft.server.packs.resources.SimpleJsonResourceReloadListener.m_5944_(SimpleJsonResourceReloadListener.java:17) ~[server-1.20.1-20230612.114412-srg.jar%23420!/:?]
	at net.minecraft.server.packs.resources.SimplePreparableReloadListener.m_10786_(SimplePreparableReloadListener.java:11) ~[server-1.20.1-20230612.114412-srg.jar%23420!/:?]
	at java.util.concurrent.CompletableFuture$AsyncSupply.run(CompletableFuture.java:1768) ~[?:?]
	at java.util.concurrent.CompletableFuture$AsyncSupply.exec(CompletableFuture.java:1760) ~[?:?]
	at java.util.concurrent.ForkJoinTask.doExec(ForkJoinTask.java:373) ~[?:?]
	at java.util.concurrent.ForkJoinPool$WorkQueue.topLevelExec(ForkJoinPool.java:1182) ~[?:?]
	at java.util.concurrent.ForkJoinPool.scan(ForkJoinPool.java:1655) ~[?:?]
	at java.util.concurrent.ForkJoinPool.runWorker(ForkJoinPool.java:1622) ~[?:?]
	at java.util.concurrent.ForkJoinWorkerThread.run(ForkJoinWorkerThread.java:165) ~[?:?]
Caused by: java.io.EOFException: End of input at line 1 column 1 path $
	at com.google.gson.stream.JsonReader.nextNonWhitespace(JsonReader.java:1455) ~[gson-2.10.jar%2372!/:?]
	at com.google.gson.stream.JsonReader.doPeek(JsonReader.java:558) ~[gson-2.10.jar%2372!/:?]
	at com.google.gson.stream.JsonReader.peek(JsonReader.java:433) ~[gson-2.10.jar%2372!/:?]
	at com.google.gson.internal.bind.TypeAdapters$28.read(TypeAdapters.java:769) ~[gson-2.10.jar%2372!/:?]
	at com.google.gson.internal.bind.TypeAdapters$28.read(TypeAdapters.java:725) ~[gson-2.10.jar%2372!/:?]
	at com.google.gson.internal.bind.TypeAdapters$34$1.read(TypeAdapters.java:1007) ~[gson-2.10.jar%2372!/:?]
	at net.minecraft.util.GsonHelper.m_13780_(GsonHelper.java:524) ~[server-1.20.1-20230612.114412-srg.jar%23420!/:?]
	... 13 more
[06Jun2026 05:46:31.517] [Worker-Main-1/ERROR] [net.minecraft.server.packs.resources.SimpleJsonResourceReloadListener/]: Couldn't parse data file irons_spellbooks:pyrium_staff from irons_spellbooks:recipes/pyrium_staff.json
com.google.gson.JsonParseException: java.io.EOFException: End of input at line 1 column 1 path $
	at net.minecraft.util.GsonHelper.m_13780_(GsonHelper.java:526) ~[server-1.20.1-20230612.114412-srg.jar%23420!/:?]
	at net.minecraft.util.GsonHelper.m_263475_(GsonHelper.java:531) ~[server-1.20.1-20230612.114412-srg.jar%23420!/:?]
	at net.minecraft.util.GsonHelper.m_13776_(GsonHelper.java:581) ~[server-1.20.1-20230612.114412-srg.jar%23420!/:?]
	at net.minecraft.server.packs.resources.SimpleJsonResourceReloadListener.m_278771_(SimpleJsonResourceReloadListener.java:41) ~[server-1.20.1-20230612.114412-srg.jar%23420!/:?]
	at net.minecraft.server.packs.resources.SimpleJsonResourceReloadListener.m_5944_(SimpleJsonResourceReloadListener.java:29) ~[server-1.20.1-20230612.114412-srg.jar%23420!/:?]
	at net.minecraft.server.packs.resources.SimpleJsonResourceReloadListener.m_5944_(SimpleJsonResourceReloadListener.java:17) ~[server-1.20.1-20230612.114412-srg.jar%23420!/:?]
	at net.minecraft.server.packs.resources.SimplePreparableReloadListener.m_10786_(SimplePreparableReloadListener.java:11) ~[server-1.20.1-20230612.114412-srg.jar%23420!/:?]
	at java.util.concurrent.CompletableFuture$AsyncSupply.run(CompletableFuture.java:1768) ~[?:?]
	at java.util.concurrent.CompletableFuture$AsyncSupply.exec(CompletableFuture.java:1760) ~[?:?]
	at java.util.concurrent.ForkJoinTask.doExec(ForkJoinTask.java:373) ~[?:?]
	at java.util.concurrent.ForkJoinPool$WorkQueue.topLevelExec(ForkJoinPool.java:1182) ~[?:?]
	at java.util.concurrent.ForkJoinPool.scan(ForkJoinPool.java:1655) ~[?:?]
	at java.util.concurrent.ForkJoinPool.runWorker(ForkJoinPool.java:1622) ~[?:?]
	at java.util.concurrent.ForkJoinWorkerThread.run(ForkJoinWorkerThread.java:165) ~[?:?]
Caused by: java.io.EOFException: End of input at line 1 column 1 path $
	at com.google.gson.stream.JsonReader.nextNonWhitespace(JsonReader.java:1455) ~[gson-2.10.jar%2372!/:?]
	at com.google.gson.stream.JsonReader.doPeek(JsonReader.java:558) ~[gson-2.10.jar%2372!/:?]
	at com.google.gson.stream.JsonReader.peek(JsonReader.java:433) ~[gson-2.10.jar%2372!/:?]
	at com.google.gson.internal.bind.TypeAdapters$28.read(TypeAdapters.java:769) ~[gson-2.10.jar%2372!/:?]
	at com.google.gson.internal.bind.TypeAdapters$28.read(TypeAdapters.java:725) ~[gson-2.10.jar%2372!/:?]
	at com.google.gson.internal.bind.TypeAdapters$34$1.read(TypeAdapters.java:1007) ~[gson-2.10.jar%2372!/:?]
	at net.minecraft.util.GsonHelper.m_13780_(GsonHelper.java:524) ~[server-1.20.1-20230612.114412-srg.jar%23420!/:?]
	... 13 more
[06Jun2026 05:46:31.522] [Worker-Main-1/ERROR] [net.minecraft.server.packs.resources.SimpleJsonResourceReloadListener/]: Couldn't parse data file efn:ruinfighter_boots from efn:recipes/ruinfighter_boots.json
com.google.gson.JsonParseException: java.io.EOFException: End of input at line 1 column 1 path $
	at net.minecraft.util.GsonHelper.m_13780_(GsonHelper.java:526) ~[server-1.20.1-20230612.114412-srg.jar%23420!/:?]
	at net.minecraft.util.GsonHelper.m_263475_(GsonHelper.java:531) ~[server-1.20.1-20230612.114412-srg.jar%23420!/:?]
	at net.minecraft.util.GsonHelper.m_13776_(GsonHelper.java:581) ~[server-1.20.1-20230612.114412-srg.jar%23420!/:?]
	at net.minecraft.server.packs.resources.SimpleJsonResourceReloadListener.m_278771_(SimpleJsonResourceReloadListener.java:41) ~[server-1.20.1-20230612.114412-srg.jar%23420!/:?]
	at net.minecraft.server.packs.resources.SimpleJsonResourceReloadListener.m_5944_(SimpleJsonResourceReloadListener.java:29) ~[server-1.20.1-20230612.114412-srg.jar%23420!/:?]
	at net.minecraft.server.packs.resources.SimpleJsonResourceReloadListener.m_5944_(SimpleJsonResourceReloadListener.java:17) ~[server-1.20.1-20230612.114412-srg.jar%23420!/:?]
	at net.minecraft.server.packs.resources.SimplePreparableReloadListener.m_10786_(SimplePreparableReloadListener.java:11) ~[server-1.20.1-20230612.114412-srg.jar%23420!/:?]
	at java.util.concurrent.CompletableFuture$AsyncSupply.run(CompletableFuture.java:1768) ~[?:?]
	at java.util.concurrent.CompletableFuture$AsyncSupply.exec(CompletableFuture.java:1760) ~[?:?]
	at java.util.concurrent.ForkJoinTask.doExec(ForkJoinTask.java:373) ~[?:?]
	at java.util.concurrent.ForkJoinPool$WorkQueue.topLevelExec(ForkJoinPool.java:1182) ~[?:?]
	at java.util.concurrent.ForkJoinPool.scan(ForkJoinPool.java:1655) ~[?:?]
	at java.util.concurrent.ForkJoinPool.runWorker(ForkJoinPool.java:1622) ~[?:?]
	at java.util.concurrent.ForkJoinWorkerThread.run(ForkJoinWorkerThread.java:165) ~[?:?]
Caused by: java.io.EOFException: End of input at line 1 column 1 path $
	at com.google.gson.stream.JsonReader.nextNonWhitespace(JsonReader.java:1455) ~[gson-2.10.jar%2372!/:?]
	at com.google.gson.stream.JsonReader.doPeek(JsonReader.java:558) ~[gson-2.10.jar%2372!/:?]
	at com.google.gson.stream.JsonReader.peek(JsonReader.java:433) ~[gson-2.10.jar%2372!/:?]
	at com.google.gson.internal.bind.TypeAdapters$28.read(TypeAdapters.java:769) ~[gson-2.10.jar%2372!/:?]
	at com.google.gson.internal.bind.TypeAdapters$28.read(TypeAdapters.java:725) ~[gson-2.10.jar%2372!/:?]
	at com.google.gson.internal.bind.TypeAdapters$34$1.read(TypeAdapters.java:1007) ~[gson-2.10.jar%2372!/:?]
	at net.minecraft.util.GsonHelper.m_13780_(GsonHelper.java:524) ~[server-1.20.1-20230612.114412-srg.jar%23420!/:?]
	... 13 more
[06Jun2026 05:46:31.523] [Worker-Main-1/ERROR] [net.minecraft.server.packs.resources.SimpleJsonResourceReloadListener/]: Couldn't parse data file efn:ruinfighter_chestplate from efn:recipes/ruinfighter_chestplate.json
com.google.gson.JsonParseException: java.io.EOFException: End of input at line 1 column 1 path $
	at net.minecraft.util.GsonHelper.m_13780_(GsonHelper.java:526) ~[server-1.20.1-20230612.114412-srg.jar%23420!/:?]
	at net.minecraft.util.GsonHelper.m_263475_(GsonHelper.java:531) ~[server-1.20.1-20230612.114412-srg.jar%23420!/:?]
	at net.minecraft.util.GsonHelper.m_13776_(GsonHelper.java:581) ~[server-1.20.1-20230612.114412-srg.jar%23420!/:?]
	at net.minecraft.server.packs.resources.SimpleJsonResourceReloadListener.m_278771_(SimpleJsonResourceReloadListener.java:41) ~[server-1.20.1-20230612.114412-srg.jar%23420!/:?]
	at net.minecraft.server.packs.resources.SimpleJsonResourceReloadListener.m_5944_(SimpleJsonResourceReloadListener.java:29) ~[server-1.20.1-20230612.114412-srg.jar%23420!/:?]
	at net.minecraft.server.packs.resources.SimpleJsonResourceReloadListener.m_5944_(SimpleJsonResourceReloadListener.java:17) ~[server-1.20.1-20230612.114412-srg.jar%23420!/:?]
	at net.minecraft.server.packs.resources.SimplePreparableReloadListener.m_10786_(SimplePreparableReloadListener.java:11) ~[server-1.20.1-20230612.114412-srg.jar%23420!/:?]
	at java.util.concurrent.CompletableFuture$AsyncSupply.run(CompletableFuture.java:1768) ~[?:?]
	at java.util.concurrent.CompletableFuture$AsyncSupply.exec(CompletableFuture.java:1760) ~[?:?]
	at java.util.concurrent.ForkJoinTask.doExec(ForkJoinTask.java:373) ~[?:?]
	at java.util.concurrent.ForkJoinPool$WorkQueue.topLevelExec(ForkJoinPool.java:1182) ~[?:?]
	at java.util.concurrent.ForkJoinPool.scan(ForkJoinPool.java:1655) ~[?:?]
	at java.util.concurrent.ForkJoinPool.runWorker(ForkJoinPool.java:1622) ~[?:?]
	at java.util.concurrent.ForkJoinWorkerThread.run(ForkJoinWorkerThread.java:165) ~[?:?]
Caused by: java.io.EOFException: End of input at line 1 column 1 path $
	at com.google.gson.stream.JsonReader.nextNonWhitespace(JsonReader.java:1455) ~[gson-2.10.jar%2372!/:?]
	at com.google.gson.stream.JsonReader.doPeek(JsonReader.java:558) ~[gson-2.10.jar%2372!/:?]
	at com.google.gson.stream.JsonReader.peek(JsonReader.java:433) ~[gson-2.10.jar%2372!/:?]
	at com.google.gson.internal.bind.TypeAdapters$28.read(TypeAdapters.java:769) ~[gson-2.10.jar%2372!/:?]
	at com.google.gson.internal.bind.TypeAdapters$28.read(TypeAdapters.java:725) ~[gson-2.10.jar%2372!/:?]
	at com.google.gson.internal.bind.TypeAdapters$34$1.read(TypeAdapters.java:1007) ~[gson-2.10.jar%2372!/:?]
	at net.minecraft.util.GsonHelper.m_13780_(GsonHelper.java:524) ~[server-1.20.1-20230612.114412-srg.jar%23420!/:?]
	... 13 more
[06Jun2026 05:46:31.524] [Worker-Main-1/ERROR] [net.minecraft.server.packs.resources.SimpleJsonResourceReloadListener/]: Couldn't parse data file efn:ruinfighter_helmet from efn:recipes/ruinfighter_helmet.json
com.google.gson.JsonParseException: java.io.EOFException: End of input at line 1 column 1 path $
	at net.minecraft.util.GsonHelper.m_13780_(GsonHelper.java:526) ~[server-1.20.1-20230612.114412-srg.jar%23420!/:?]
	at net.minecraft.util.GsonHelper.m_263475_(GsonHelper.java:531) ~[server-1.20.1-20230612.114412-srg.jar%23420!/:?]
	at net.minecraft.util.GsonHelper.m_13776_(GsonHelper.java:581) ~[server-1.20.1-20230612.114412-srg.jar%23420!/:?]
	at net.minecraft.server.packs.resources.SimpleJsonResourceReloadListener.m_278771_(SimpleJsonResourceReloadListener.java:41) ~[server-1.20.1-20230612.114412-srg.jar%23420!/:?]
	at net.minecraft.server.packs.resources.SimpleJsonResourceReloadListener.m_5944_(SimpleJsonResourceReloadListener.java:29) ~[server-1.20.1-20230612.114412-srg.jar%23420!/:?]
	at net.minecraft.server.packs.resources.SimpleJsonResourceReloadListener.m_5944_(SimpleJsonResourceReloadListener.java:17) ~[server-1.20.1-20230612.114412-srg.jar%23420!/:?]
	at net.minecraft.server.packs.resources.SimplePreparableReloadListener.m_10786_(SimplePreparableReloadListener.java:11) ~[server-1.20.1-20230612.114412-srg.jar%23420!/:?]
	at java.util.concurrent.CompletableFuture$AsyncSupply.run(CompletableFuture.java:1768) ~[?:?]
	at java.util.concurrent.CompletableFuture$AsyncSupply.exec(CompletableFuture.java:1760) ~[?:?]
	at java.util.concurrent.ForkJoinTask.doExec(ForkJoinTask.java:373) ~[?:?]
	at java.util.concurrent.ForkJoinPool$WorkQueue.topLevelExec(ForkJoinPool.java:1182) ~[?:?]
	at java.util.concurrent.ForkJoinPool.scan(ForkJoinPool.java:1655) ~[?:?]
	at java.util.concurrent.ForkJoinPool.runWorker(ForkJoinPool.java:1622) ~[?:?]
	at java.util.concurrent.ForkJoinWorkerThread.run(ForkJoinWorkerThread.java:165) ~[?:?]
Caused by: java.io.EOFException: End of input at line 1 column 1 path $
	at com.google.gson.stream.JsonReader.nextNonWhitespace(JsonReader.java:1455) ~[gson-2.10.jar%2372!/:?]
	at com.google.gson.stream.JsonReader.doPeek(JsonReader.java:558) ~[gson-2.10.jar%2372!/:?]
	at com.google.gson.stream.JsonReader.peek(JsonReader.java:433) ~[gson-2.10.jar%2372!/:?]
	at com.google.gson.internal.bind.TypeAdapters$28.read(TypeAdapters.java:769) ~[gson-2.10.jar%2372!/:?]
	at com.google.gson.internal.bind.TypeAdapters$28.read(TypeAdapters.java:725) ~[gson-2.10.jar%2372!/:?]
	at com.google.gson.internal.bind.TypeAdapters$34$1.read(TypeAdapters.java:1007) ~[gson-2.10.jar%2372!/:?]
	at net.minecraft.util.GsonHelper.m_13780_(GsonHelper.java:524) ~[server-1.20.1-20230612.114412-srg.jar%23420!/:?]
	... 13 more
[06Jun2026 05:46:31.524] [Worker-Main-1/ERROR] [net.minecraft.server.packs.resources.SimpleJsonResourceReloadListener/]: Couldn't parse data file efn:ruinfighter_leggings from efn:recipes/ruinfighter_leggings.json
com.google.gson.JsonParseException: java.io.EOFException: End of input at line 1 column 1 path $
	at net.minecraft.util.GsonHelper.m_13780_(GsonHelper.java:526) ~[server-1.20.1-20230612.114412-srg.jar%23420!/:?]
	at net.minecraft.util.GsonHelper.m_263475_(GsonHelper.java:531) ~[server-1.20.1-20230612.114412-srg.jar%23420!/:?]
	at net.minecraft.util.GsonHelper.m_13776_(GsonHelper.java:581) ~[server-1.20.1-20230612.114412-srg.jar%23420!/:?]
	at net.minecraft.server.packs.resources.SimpleJsonResourceReloadListener.m_278771_(SimpleJsonResourceReloadListener.java:41) ~[server-1.20.1-20230612.114412-srg.jar%23420!/:?]
	at net.minecraft.server.packs.resources.SimpleJsonResourceReloadListener.m_5944_(SimpleJsonResourceReloadListener.java:29) ~[server-1.20.1-20230612.114412-srg.jar%23420!/:?]
	at net.minecraft.server.packs.resources.SimpleJsonResourceReloadListener.m_5944_(SimpleJsonResourceReloadListener.java:17) ~[server-1.20.1-20230612.114412-srg.jar%23420!/:?]
	at net.minecraft.server.packs.resources.SimplePreparableReloadListener.m_10786_(SimplePreparableReloadListener.java:11) ~[server-1.20.1-20230612.114412-srg.jar%23420!/:?]
	at java.util.concurrent.CompletableFuture$AsyncSupply.run(CompletableFuture.java:1768) ~[?:?]
	at java.util.concurrent.CompletableFuture$AsyncSupply.exec(CompletableFuture.java:1760) ~[?:?]
	at java.util.concurrent.ForkJoinTask.doExec(ForkJoinTask.java:373) ~[?:?]
	at java.util.concurrent.ForkJoinPool$WorkQueue.topLevelExec(ForkJoinPool.java:1182) ~[?:?]
	at java.util.concurrent.ForkJoinPool.scan(ForkJoinPool.java:1655) ~[?:?]
	at java.util.concurrent.ForkJoinPool.runWorker(ForkJoinPool.java:1622) ~[?:?]
	at java.util.concurrent.ForkJoinWorkerThread.run(ForkJoinWorkerThread.java:165) ~[?:?]
Caused by: java.io.EOFException: End of input at line 1 column 1 path $
	at com.google.gson.stream.JsonReader.nextNonWhitespace(JsonReader.java:1455) ~[gson-2.10.jar%2372!/:?]
	at com.google.gson.stream.JsonReader.doPeek(JsonReader.java:558) ~[gson-2.10.jar%2372!/:?]
	at com.google.gson.stream.JsonReader.peek(JsonReader.java:433) ~[gson-2.10.jar%2372!/:?]
	at com.google.gson.internal.bind.TypeAdapters$28.read(TypeAdapters.java:769) ~[gson-2.10.jar%2372!/:?]
	at com.google.gson.internal.bind.TypeAdapters$28.read(TypeAdapters.java:725) ~[gson-2.10.jar%2372!/:?]
	at com.google.gson.internal.bind.TypeAdapters$34$1.read(TypeAdapters.java:1007) ~[gson-2.10.jar%2372!/:?]
	at net.minecraft.util.GsonHelper.m_13780_(GsonHelper.java:524) ~[server-1.20.1-20230612.114412-srg.jar%23420!/:?]
	... 13 more
[06Jun2026 05:46:31.525] [Worker-Main-1/ERROR] [net.minecraft.server.packs.resources.SimpleJsonResourceReloadListener/]: Couldn't parse data file efn:ruinsgreatsword from efn:recipes/ruinsgreatsword.json
com.google.gson.JsonParseException: java.io.EOFException: End of input at line 1 column 1 path $
	at net.minecraft.util.GsonHelper.m_13780_(GsonHelper.java:526) ~[server-1.20.1-20230612.114412-srg.jar%23420!/:?]
	at net.minecraft.util.GsonHelper.m_263475_(GsonHelper.java:531) ~[server-1.20.1-20230612.114412-srg.jar%23420!/:?]
	at net.minecraft.util.GsonHelper.m_13776_(GsonHelper.java:581) ~[server-1.20.1-20230612.114412-srg.jar%23420!/:?]
	at net.minecraft.server.packs.resources.SimpleJsonResourceReloadListener.m_278771_(SimpleJsonResourceReloadListener.java:41) ~[server-1.20.1-20230612.114412-srg.jar%23420!/:?]
	at net.minecraft.server.packs.resources.SimpleJsonResourceReloadListener.m_5944_(SimpleJsonResourceReloadListener.java:29) ~[server-1.20.1-20230612.114412-srg.jar%23420!/:?]
	at net.minecraft.server.packs.resources.SimpleJsonResourceReloadListener.m_5944_(SimpleJsonResourceReloadListener.java:17) ~[server-1.20.1-20230612.114412-srg.jar%23420!/:?]
	at net.minecraft.server.packs.resources.SimplePreparableReloadListener.m_10786_(SimplePreparableReloadListener.java:11) ~[server-1.20.1-20230612.114412-srg.jar%23420!/:?]
	at java.util.concurrent.CompletableFuture$AsyncSupply.run(CompletableFuture.java:1768) ~[?:?]
	at java.util.concurrent.CompletableFuture$AsyncSupply.exec(CompletableFuture.java:1760) ~[?:?]
	at java.util.concurrent.ForkJoinTask.doExec(ForkJoinTask.java:373) ~[?:?]
	at java.util.concurrent.ForkJoinPool$WorkQueue.topLevelExec(ForkJoinPool.java:1182) ~[?:?]
	at java.util.concurrent.ForkJoinPool.scan(ForkJoinPool.java:1655) ~[?:?]
	at java.util.concurrent.ForkJoinPool.runWorker(ForkJoinPool.java:1622) ~[?:?]
	at java.util.concurrent.ForkJoinWorkerThread.run(ForkJoinWorkerThread.java:165) ~[?:?]
Caused by: java.io.EOFException: End of input at line 1 column 1 path $
	at com.google.gson.stream.JsonReader.nextNonWhitespace(JsonReader.java:1455) ~[gson-2.10.jar%2372!/:?]
	at com.google.gson.stream.JsonReader.doPeek(JsonReader.java:558) ~[gson-2.10.jar%2372!/:?]
	at com.google.gson.stream.JsonReader.peek(JsonReader.java:433) ~[gson-2.10.jar%2372!/:?]
	at com.google.gson.internal.bind.TypeAdapters$28.read(TypeAdapters.java:769) ~[gson-2.10.jar%2372!/:?]
	at com.google.gson.internal.bind.TypeAdapters$28.read(TypeAdapters.java:725) ~[gson-2.10.jar%2372!/:?]
	at com.google.gson.internal.bind.TypeAdapters$34$1.read(TypeAdapters.java:1007) ~[gson-2.10.jar%2372!/:?]
	at net.minecraft.util.GsonHelper.m_13780_(GsonHelper.java:524) ~[server-1.20.1-20230612.114412-srg.jar%23420!/:?]
	... 13 more
[06Jun2026 05:46:31.527] [Worker-Main-1/ERROR] [net.minecraft.server.packs.resources.SimpleJsonResourceReloadListener/]: Couldn't parse data file irons_spellbooks:scroll_forge from irons_spellbooks:recipes/scroll_forge.json
com.google.gson.JsonParseException: java.io.EOFException: End of input at line 1 column 1 path $
	at net.minecraft.util.GsonHelper.m_13780_(GsonHelper.java:526) ~[server-1.20.1-20230612.114412-srg.jar%23420!/:?]
	at net.minecraft.util.GsonHelper.m_263475_(GsonHelper.java:531) ~[server-1.20.1-20230612.114412-srg.jar%23420!/:?]
	at net.minecraft.util.GsonHelper.m_13776_(GsonHelper.java:581) ~[server-1.20.1-20230612.114412-srg.jar%23420!/:?]
	at net.minecraft.server.packs.resources.SimpleJsonResourceReloadListener.m_278771_(SimpleJsonResourceReloadListener.java:41) ~[server-1.20.1-20230612.114412-srg.jar%23420!/:?]
	at net.minecraft.server.packs.resources.SimpleJsonResourceReloadListener.m_5944_(SimpleJsonResourceReloadListener.java:29) ~[server-1.20.1-20230612.114412-srg.jar%23420!/:?]
	at net.minecraft.server.packs.resources.SimpleJsonResourceReloadListener.m_5944_(SimpleJsonResourceReloadListener.java:17) ~[server-1.20.1-20230612.114412-srg.jar%23420!/:?]
	at net.minecraft.server.packs.resources.SimplePreparableReloadListener.m_10786_(SimplePreparableReloadListener.java:11) ~[server-1.20.1-20230612.114412-srg.jar%23420!/:?]
	at java.util.concurrent.CompletableFuture$AsyncSupply.run(CompletableFuture.java:1768) ~[?:?]
	at java.util.concurrent.CompletableFuture$AsyncSupply.exec(CompletableFuture.java:1760) ~[?:?]
	at java.util.concurrent.ForkJoinTask.doExec(ForkJoinTask.java:373) ~[?:?]
	at java.util.concurrent.ForkJoinPool$WorkQueue.topLevelExec(ForkJoinPool.java:1182) ~[?:?]
	at java.util.concurrent.ForkJoinPool.scan(ForkJoinPool.java:1655) ~[?:?]
	at java.util.concurrent.ForkJoinPool.runWorker(ForkJoinPool.java:1622) ~[?:?]
	at java.util.concurrent.ForkJoinWorkerThread.run(ForkJoinWorkerThread.java:165) ~[?:?]
Caused by: java.io.EOFException: End of input at line 1 column 1 path $
	at com.google.gson.stream.JsonReader.nextNonWhitespace(JsonReader.java:1455) ~[gson-2.10.jar%2372!/:?]
	at com.google.gson.stream.JsonReader.doPeek(JsonReader.java:558) ~[gson-2.10.jar%2372!/:?]
	at com.google.gson.stream.JsonReader.peek(JsonReader.java:433) ~[gson-2.10.jar%2372!/:?]
	at com.google.gson.internal.bind.TypeAdapters$28.read(TypeAdapters.java:769) ~[gson-2.10.jar%2372!/:?]
	at com.google.gson.internal.bind.TypeAdapters$28.read(TypeAdapters.java:725) ~[gson-2.10.jar%2372!/:?]
	at com.google.gson.internal.bind.TypeAdapters$34$1.read(TypeAdapters.java:1007) ~[gson-2.10.jar%2372!/:?]
	at net.minecraft.util.GsonHelper.m_13780_(GsonHelper.java:524) ~[server-1.20.1-20230612.114412-srg.jar%23420!/:?]
	... 13 more
[06Jun2026 05:46:31.531] [Worker-Main-1/ERROR] [net.minecraft.server.packs.resources.SimpleJsonResourceReloadListener/]: Couldn't parse data file aether:skyroot_smithing_table from aether:recipes/skyroot_smithing_table.json
com.google.gson.JsonParseException: java.io.EOFException: End of input at line 1 column 1 path $
	at net.minecraft.util.GsonHelper.m_13780_(GsonHelper.java:526) ~[server-1.20.1-20230612.114412-srg.jar%23420!/:?]
	at net.minecraft.util.GsonHelper.m_263475_(GsonHelper.java:531) ~[server-1.20.1-20230612.114412-srg.jar%23420!/:?]
	at net.minecraft.util.GsonHelper.m_13776_(GsonHelper.java:581) ~[server-1.20.1-20230612.114412-srg.jar%23420!/:?]
	at net.minecraft.server.packs.resources.SimpleJsonResourceReloadListener.m_278771_(SimpleJsonResourceReloadListener.java:41) ~[server-1.20.1-20230612.114412-srg.jar%23420!/:?]
	at net.minecraft.server.packs.resources.SimpleJsonResourceReloadListener.m_5944_(SimpleJsonResourceReloadListener.java:29) ~[server-1.20.1-20230612.114412-srg.jar%23420!/:?]
	at net.minecraft.server.packs.resources.SimpleJsonResourceReloadListener.m_5944_(SimpleJsonResourceReloadListener.java:17) ~[server-1.20.1-20230612.114412-srg.jar%23420!/:?]
	at net.minecraft.server.packs.resources.SimplePreparableReloadListener.m_10786_(SimplePreparableReloadListener.java:11) ~[server-1.20.1-20230612.114412-srg.jar%23420!/:?]
	at java.util.concurrent.CompletableFuture$AsyncSupply.run(CompletableFuture.java:1768) ~[?:?]
	at java.util.concurrent.CompletableFuture$AsyncSupply.exec(CompletableFuture.java:1760) ~[?:?]
	at java.util.concurrent.ForkJoinTask.doExec(ForkJoinTask.java:373) ~[?:?]
	at java.util.concurrent.ForkJoinPool$WorkQueue.topLevelExec(ForkJoinPool.java:1182) ~[?:?]
	at java.util.concurrent.ForkJoinPool.scan(ForkJoinPool.java:1655) ~[?:?]
	at java.util.concurrent.ForkJoinPool.runWorker(ForkJoinPool.java:1622) ~[?:?]
	at java.util.concurrent.ForkJoinWorkerThread.run(ForkJoinWorkerThread.java:165) ~[?:?]
Caused by: java.io.EOFException: End of input at line 1 column 1 path $
	at com.google.gson.stream.JsonReader.nextNonWhitespace(JsonReader.java:1455) ~[gson-2.10.jar%2372!/:?]
	at com.google.gson.stream.JsonReader.doPeek(JsonReader.java:558) ~[gson-2.10.jar%2372!/:?]
	at com.google.gson.stream.JsonReader.peek(JsonReader.java:433) ~[gson-2.10.jar%2372!/:?]
	at com.google.gson.internal.bind.TypeAdapters$28.read(TypeAdapters.java:769) ~[gson-2.10.jar%2372!/:?]
	at com.google.gson.internal.bind.TypeAdapters$28.read(TypeAdapters.java:725) ~[gson-2.10.jar%2372!/:?]
	at com.google.gson.internal.bind.TypeAdapters$34$1.read(TypeAdapters.java:1007) ~[gson-2.10.jar%2372!/:?]
	at net.minecraft.util.GsonHelper.m_13780_(GsonHelper.java:524) ~[server-1.20.1-20230612.114412-srg.jar%23420!/:?]
	... 13 more
[06Jun2026 05:46:31.532] [Worker-Main-1/ERROR] [net.minecraft.server.packs.resources.SimpleJsonResourceReloadListener/]: Couldn't parse data file efn:smithing/nf_shortsword_2 from efn:recipes/smithing/nf_shortsword_2.json
com.google.gson.JsonParseException: java.io.EOFException: End of input at line 1 column 1 path $
	at net.minecraft.util.GsonHelper.m_13780_(GsonHelper.java:526) ~[server-1.20.1-20230612.114412-srg.jar%23420!/:?]
	at net.minecraft.util.GsonHelper.m_263475_(GsonHelper.java:531) ~[server-1.20.1-20230612.114412-srg.jar%23420!/:?]
	at net.minecraft.util.GsonHelper.m_13776_(GsonHelper.java:581) ~[server-1.20.1-20230612.114412-srg.jar%23420!/:?]
	at net.minecraft.server.packs.resources.SimpleJsonResourceReloadListener.m_278771_(SimpleJsonResourceReloadListener.java:41) ~[server-1.20.1-20230612.114412-srg.jar%23420!/:?]
	at net.minecraft.server.packs.resources.SimpleJsonResourceReloadListener.m_5944_(SimpleJsonResourceReloadListener.java:29) ~[server-1.20.1-20230612.114412-srg.jar%23420!/:?]
	at net.minecraft.server.packs.resources.SimpleJsonResourceReloadListener.m_5944_(SimpleJsonResourceReloadListener.java:17) ~[server-1.20.1-20230612.114412-srg.jar%23420!/:?]
	at net.minecraft.server.packs.resources.SimplePreparableReloadListener.m_10786_(SimplePreparableReloadListener.java:11) ~[server-1.20.1-20230612.114412-srg.jar%23420!/:?]
	at java.util.concurrent.CompletableFuture$AsyncSupply.run(CompletableFuture.java:1768) ~[?:?]
	at java.util.concurrent.CompletableFuture$AsyncSupply.exec(CompletableFuture.java:1760) ~[?:?]
	at java.util.concurrent.ForkJoinTask.doExec(ForkJoinTask.java:373) ~[?:?]
	at java.util.concurrent.ForkJoinPool$WorkQueue.topLevelExec(ForkJoinPool.java:1182) ~[?:?]
	at java.util.concurrent.ForkJoinPool.scan(ForkJoinPool.java:1655) ~[?:?]
	at java.util.concurrent.ForkJoinPool.runWorker(ForkJoinPool.java:1622) ~[?:?]
	at java.util.concurrent.ForkJoinWorkerThread.run(ForkJoinWorkerThread.java:165) ~[?:?]
Caused by: java.io.EOFException: End of input at line 1 column 1 path $
	at com.google.gson.stream.JsonReader.nextNonWhitespace(JsonReader.java:1455) ~[gson-2.10.jar%2372!/:?]
	at com.google.gson.stream.JsonReader.doPeek(JsonReader.java:558) ~[gson-2.10.jar%2372!/:?]
	at com.google.gson.stream.JsonReader.peek(JsonReader.java:433) ~[gson-2.10.jar%2372!/:?]
	at com.google.gson.internal.bind.TypeAdapters$28.read(TypeAdapters.java:769) ~[gson-2.10.jar%2372!/:?]
	at com.google.gson.internal.bind.TypeAdapters$28.read(TypeAdapters.java:725) ~[gson-2.10.jar%2372!/:?]
	at com.google.gson.internal.bind.TypeAdapters$34$1.read(TypeAdapters.java:1007) ~[gson-2.10.jar%2372!/:?]
	at net.minecraft.util.GsonHelper.m_13780_(GsonHelper.java:524) ~[server-1.20.1-20230612.114412-srg.jar%23420!/:?]
	... 13 more
[06Jun2026 05:46:31.535] [Worker-Main-1/ERROR] [net.minecraft.server.packs.resources.SimpleJsonResourceReloadListener/]: Couldn't parse data file cataclysm:soul_render from cataclysm:recipes/soul_render.json
com.google.gson.JsonParseException: java.io.EOFException: End of input at line 1 column 1 path $
	at net.minecraft.util.GsonHelper.m_13780_(GsonHelper.java:526) ~[server-1.20.1-20230612.114412-srg.jar%23420!/:?]
	at net.minecraft.util.GsonHelper.m_263475_(GsonHelper.java:531) ~[server-1.20.1-20230612.114412-srg.jar%23420!/:?]
	at net.minecraft.util.GsonHelper.m_13776_(GsonHelper.java:581) ~[server-1.20.1-20230612.114412-srg.jar%23420!/:?]
	at net.minecraft.server.packs.resources.SimpleJsonResourceReloadListener.m_278771_(SimpleJsonResourceReloadListener.java:41) ~[server-1.20.1-20230612.114412-srg.jar%23420!/:?]
	at net.minecraft.server.packs.resources.SimpleJsonResourceReloadListener.m_5944_(SimpleJsonResourceReloadListener.java:29) ~[server-1.20.1-20230612.114412-srg.jar%23420!/:?]
	at net.minecraft.server.packs.resources.SimpleJsonResourceReloadListener.m_5944_(SimpleJsonResourceReloadListener.java:17) ~[server-1.20.1-20230612.114412-srg.jar%23420!/:?]
	at net.minecraft.server.packs.resources.SimplePreparableReloadListener.m_10786_(SimplePreparableReloadListener.java:11) ~[server-1.20.1-20230612.114412-srg.jar%23420!/:?]
	at java.util.concurrent.CompletableFuture$AsyncSupply.run(CompletableFuture.java:1768) ~[?:?]
	at java.util.concurrent.CompletableFuture$AsyncSupply.exec(CompletableFuture.java:1760) ~[?:?]
	at java.util.concurrent.ForkJoinTask.doExec(ForkJoinTask.java:373) ~[?:?]
	at java.util.concurrent.ForkJoinPool$WorkQueue.topLevelExec(ForkJoinPool.java:1182) ~[?:?]
	at java.util.concurrent.ForkJoinPool.scan(ForkJoinPool.java:1655) ~[?:?]
	at java.util.concurrent.ForkJoinPool.runWorker(ForkJoinPool.java:1622) ~[?:?]
	at java.util.concurrent.ForkJoinWorkerThread.run(ForkJoinWorkerThread.java:165) ~[?:?]
Caused by: java.io.EOFException: End of input at line 1 column 1 path $
	at com.google.gson.stream.JsonReader.nextNonWhitespace(JsonReader.java:1455) ~[gson-2.10.jar%2372!/:?]
	at com.google.gson.stream.JsonReader.doPeek(JsonReader.java:558) ~[gson-2.10.jar%2372!/:?]
	at com.google.gson.stream.JsonReader.peek(JsonReader.java:433) ~[gson-2.10.jar%2372!/:?]
	at com.google.gson.internal.bind.TypeAdapters$28.read(TypeAdapters.java:769) ~[gson-2.10.jar%2372!/:?]
	at com.google.gson.internal.bind.TypeAdapters$28.read(TypeAdapters.java:725) ~[gson-2.10.jar%2372!/:?]
	at com.google.gson.internal.bind.TypeAdapters$34$1.read(TypeAdapters.java:1007) ~[gson-2.10.jar%2372!/:?]
	at net.minecraft.util.GsonHelper.m_13780_(GsonHelper.java:524) ~[server-1.20.1-20230612.114412-srg.jar%23420!/:?]
	... 13 more
[06Jun2026 05:46:31.674] [Worker-Main-1/ERROR] [net.minecraft.server.packs.resources.SimpleJsonResourceReloadListener/]: Couldn't parse data file irons_spellbooks:spellbreaker from irons_spellbooks:recipes/spellbreaker.json
com.google.gson.JsonParseException: java.io.EOFException: End of input at line 1 column 1 path $
	at net.minecraft.util.GsonHelper.m_13780_(GsonHelper.java:526) ~[server-1.20.1-20230612.114412-srg.jar%23420!/:?]
	at net.minecraft.util.GsonHelper.m_263475_(GsonHelper.java:531) ~[server-1.20.1-20230612.114412-srg.jar%23420!/:?]
	at net.minecraft.util.GsonHelper.m_13776_(GsonHelper.java:581) ~[server-1.20.1-20230612.114412-srg.jar%23420!/:?]
	at net.minecraft.server.packs.resources.SimpleJsonResourceReloadListener.m_278771_(SimpleJsonResourceReloadListener.java:41) ~[server-1.20.1-20230612.114412-srg.jar%23420!/:?]
	at net.minecraft.server.packs.resources.SimpleJsonResourceReloadListener.m_5944_(SimpleJsonResourceReloadListener.java:29) ~[server-1.20.1-20230612.114412-srg.jar%23420!/:?]
	at net.minecraft.server.packs.resources.SimpleJsonResourceReloadListener.m_5944_(SimpleJsonResourceReloadListener.java:17) ~[server-1.20.1-20230612.114412-srg.jar%23420!/:?]
	at net.minecraft.server.packs.resources.SimplePreparableReloadListener.m_10786_(SimplePreparableReloadListener.java:11) ~[server-1.20.1-20230612.114412-srg.jar%23420!/:?]
	at java.util.concurrent.CompletableFuture$AsyncSupply.run(CompletableFuture.java:1768) ~[?:?]
	at java.util.concurrent.CompletableFuture$AsyncSupply.exec(CompletableFuture.java:1760) ~[?:?]
	at java.util.concurrent.ForkJoinTask.doExec(ForkJoinTask.java:373) ~[?:?]
	at java.util.concurrent.ForkJoinPool$WorkQueue.topLevelExec(ForkJoinPool.java:1182) ~[?:?]
	at java.util.concurrent.ForkJoinPool.scan(ForkJoinPool.java:1655) ~[?:?]
	at java.util.concurrent.ForkJoinPool.runWorker(ForkJoinPool.java:1622) ~[?:?]
	at java.util.concurrent.ForkJoinWorkerThread.run(ForkJoinWorkerThread.java:165) ~[?:?]
Caused by: java.io.EOFException: End of input at line 1 column 1 path $
	at com.google.gson.stream.JsonReader.nextNonWhitespace(JsonReader.java:1455) ~[gson-2.10.jar%2372!/:?]
	at com.google.gson.stream.JsonReader.doPeek(JsonReader.java:558) ~[gson-2.10.jar%2372!/:?]
	at com.google.gson.stream.JsonReader.peek(JsonReader.java:433) ~[gson-2.10.jar%2372!/:?]
	at com.google.gson.internal.bind.TypeAdapters$28.read(TypeAdapters.java:769) ~[gson-2.10.jar%2372!/:?]
	at com.google.gson.internal.bind.TypeAdapters$28.read(TypeAdapters.java:725) ~[gson-2.10.jar%2372!/:?]
	at com.google.gson.internal.bind.TypeAdapters$34$1.read(TypeAdapters.java:1007) ~[gson-2.10.jar%2372!/:?]
	at net.minecraft.util.GsonHelper.m_13780_(GsonHelper.java:524) ~[server-1.20.1-20230612.114412-srg.jar%23420!/:?]
	... 13 more
[06Jun2026 05:46:31.682] [Worker-Main-1/ERROR] [net.minecraft.server.packs.resources.SimpleJsonResourceReloadListener/]: Couldn't parse data file efn:sword_of_pioneer from efn:recipes/sword_of_pioneer.json
com.google.gson.JsonParseException: java.io.EOFException: End of input at line 1 column 1 path $
	at net.minecraft.util.GsonHelper.m_13780_(GsonHelper.java:526) ~[server-1.20.1-20230612.114412-srg.jar%23420!/:?]
	at net.minecraft.util.GsonHelper.m_263475_(GsonHelper.java:531) ~[server-1.20.1-20230612.114412-srg.jar%23420!/:?]
	at net.minecraft.util.GsonHelper.m_13776_(GsonHelper.java:581) ~[server-1.20.1-20230612.114412-srg.jar%23420!/:?]
	at net.minecraft.server.packs.resources.SimpleJsonResourceReloadListener.m_278771_(SimpleJsonResourceReloadListener.java:41) ~[server-1.20.1-20230612.114412-srg.jar%23420!/:?]
	at net.minecraft.server.packs.resources.SimpleJsonResourceReloadListener.m_5944_(SimpleJsonResourceReloadListener.java:29) ~[server-1.20.1-20230612.114412-srg.jar%23420!/:?]
	at net.minecraft.server.packs.resources.SimpleJsonResourceReloadListener.m_5944_(SimpleJsonResourceReloadListener.java:17) ~[server-1.20.1-20230612.114412-srg.jar%23420!/:?]
	at net.minecraft.server.packs.resources.SimplePreparableReloadListener.m_10786_(SimplePreparableReloadListener.java:11) ~[server-1.20.1-20230612.114412-srg.jar%23420!/:?]
	at java.util.concurrent.CompletableFuture$AsyncSupply.run(CompletableFuture.java:1768) ~[?:?]
	at java.util.concurrent.CompletableFuture$AsyncSupply.exec(CompletableFuture.java:1760) ~[?:?]
	at java.util.concurrent.ForkJoinTask.doExec(ForkJoinTask.java:373) ~[?:?]
	at java.util.concurrent.ForkJoinPool$WorkQueue.topLevelExec(ForkJoinPool.java:1182) ~[?:?]
	at java.util.concurrent.ForkJoinPool.scan(ForkJoinPool.java:1655) ~[?:?]
	at java.util.concurrent.ForkJoinPool.runWorker(ForkJoinPool.java:1622) ~[?:?]
	at java.util.concurrent.ForkJoinWorkerThread.run(ForkJoinWorkerThread.java:165) ~[?:?]
Caused by: java.io.EOFException: End of input at line 1 column 1 path $
	at com.google.gson.stream.JsonReader.nextNonWhitespace(JsonReader.java:1455) ~[gson-2.10.jar%2372!/:?]
	at com.google.gson.stream.JsonReader.doPeek(JsonReader.java:558) ~[gson-2.10.jar%2372!/:?]
	at com.google.gson.stream.JsonReader.peek(JsonReader.java:433) ~[gson-2.10.jar%2372!/:?]
	at com.google.gson.internal.bind.TypeAdapters$28.read(TypeAdapters.java:769) ~[gson-2.10.jar%2372!/:?]
	at com.google.gson.internal.bind.TypeAdapters$28.read(TypeAdapters.java:725) ~[gson-2.10.jar%2372!/:?]
	at com.google.gson.internal.bind.TypeAdapters$34$1.read(TypeAdapters.java:1007) ~[gson-2.10.jar%2372!/:?]
	at net.minecraft.util.GsonHelper.m_13780_(GsonHelper.java:524) ~[server-1.20.1-20230612.114412-srg.jar%23420!/:?]
	... 13 more
[06Jun2026 05:46:31.683] [Worker-Main-1/ERROR] [net.minecraft.server.packs.resources.SimpleJsonResourceReloadListener/]: Couldn't parse data file fromtheshadows:thirst_for_blood from fromtheshadows:recipes/thirst_for_blood.json
com.google.gson.JsonParseException: java.io.EOFException: End of input at line 1 column 1 path $
	at net.minecraft.util.GsonHelper.m_13780_(GsonHelper.java:526) ~[server-1.20.1-20230612.114412-srg.jar%23420!/:?]
	at net.minecraft.util.GsonHelper.m_263475_(GsonHelper.java:531) ~[server-1.20.1-20230612.114412-srg.jar%23420!/:?]
	at net.minecraft.util.GsonHelper.m_13776_(GsonHelper.java:581) ~[server-1.20.1-20230612.114412-srg.jar%23420!/:?]
	at net.minecraft.server.packs.resources.SimpleJsonResourceReloadListener.m_278771_(SimpleJsonResourceReloadListener.java:41) ~[server-1.20.1-20230612.114412-srg.jar%23420!/:?]
	at net.minecraft.server.packs.resources.SimpleJsonResourceReloadListener.m_5944_(SimpleJsonResourceReloadListener.java:29) ~[server-1.20.1-20230612.114412-srg.jar%23420!/:?]
	at net.minecraft.server.packs.resources.SimpleJsonResourceReloadListener.m_5944_(SimpleJsonResourceReloadListener.java:17) ~[server-1.20.1-20230612.114412-srg.jar%23420!/:?]
	at net.minecraft.server.packs.resources.SimplePreparableReloadListener.m_10786_(SimplePreparableReloadListener.java:11) ~[server-1.20.1-20230612.114412-srg.jar%23420!/:?]
	at java.util.concurrent.CompletableFuture$AsyncSupply.run(CompletableFuture.java:1768) ~[?:?]
	at java.util.concurrent.CompletableFuture$AsyncSupply.exec(CompletableFuture.java:1760) ~[?:?]
	at java.util.concurrent.ForkJoinTask.doExec(ForkJoinTask.java:373) ~[?:?]
	at java.util.concurrent.ForkJoinPool$WorkQueue.topLevelExec(ForkJoinPool.java:1182) ~[?:?]
	at java.util.concurrent.ForkJoinPool.scan(ForkJoinPool.java:1655) ~[?:?]
	at java.util.concurrent.ForkJoinPool.runWorker(ForkJoinPool.java:1622) ~[?:?]
	at java.util.concurrent.ForkJoinWorkerThread.run(ForkJoinWorkerThread.java:165) ~[?:?]
Caused by: java.io.EOFException: End of input at line 1 column 1 path $
	at com.google.gson.stream.JsonReader.nextNonWhitespace(JsonReader.java:1455) ~[gson-2.10.jar%2372!/:?]
	at com.google.gson.stream.JsonReader.doPeek(JsonReader.java:558) ~[gson-2.10.jar%2372!/:?]
	at com.google.gson.stream.JsonReader.peek(JsonReader.java:433) ~[gson-2.10.jar%2372!/:?]
	at com.google.gson.internal.bind.TypeAdapters$28.read(TypeAdapters.java:769) ~[gson-2.10.jar%2372!/:?]
	at com.google.gson.internal.bind.TypeAdapters$28.read(TypeAdapters.java:725) ~[gson-2.10.jar%2372!/:?]
	at com.google.gson.internal.bind.TypeAdapters$34$1.read(TypeAdapters.java:1007) ~[gson-2.10.jar%2372!/:?]
	at net.minecraft.util.GsonHelper.m_13780_(GsonHelper.java:524) ~[server-1.20.1-20230612.114412-srg.jar%23420!/:?]
	... 13 more
[06Jun2026 05:46:31.690] [Worker-Main-1/ERROR] [net.minecraft.server.packs.resources.SimpleJsonResourceReloadListener/]: Couldn't parse data file irons_spellbooks:twilight_gale from irons_spellbooks:recipes/twilight_gale.json
com.google.gson.JsonParseException: java.io.EOFException: End of input at line 1 column 1 path $
	at net.minecraft.util.GsonHelper.m_13780_(GsonHelper.java:526) ~[server-1.20.1-20230612.114412-srg.jar%23420!/:?]
	at net.minecraft.util.GsonHelper.m_263475_(GsonHelper.java:531) ~[server-1.20.1-20230612.114412-srg.jar%23420!/:?]
	at net.minecraft.util.GsonHelper.m_13776_(GsonHelper.java:581) ~[server-1.20.1-20230612.114412-srg.jar%23420!/:?]
	at net.minecraft.server.packs.resources.SimpleJsonResourceReloadListener.m_278771_(SimpleJsonResourceReloadListener.java:41) ~[server-1.20.1-20230612.114412-srg.jar%23420!/:?]
	at net.minecraft.server.packs.resources.SimpleJsonResourceReloadListener.m_5944_(SimpleJsonResourceReloadListener.java:29) ~[server-1.20.1-20230612.114412-srg.jar%23420!/:?]
	at net.minecraft.server.packs.resources.SimpleJsonResourceReloadListener.m_5944_(SimpleJsonResourceReloadListener.java:17) ~[server-1.20.1-20230612.114412-srg.jar%23420!/:?]
	at net.minecraft.server.packs.resources.SimplePreparableReloadListener.m_10786_(SimplePreparableReloadListener.java:11) ~[server-1.20.1-20230612.114412-srg.jar%23420!/:?]
	at java.util.concurrent.CompletableFuture$AsyncSupply.run(CompletableFuture.java:1768) ~[?:?]
	at java.util.concurrent.CompletableFuture$AsyncSupply.exec(CompletableFuture.java:1760) ~[?:?]
	at java.util.concurrent.ForkJoinTask.doExec(ForkJoinTask.java:373) ~[?:?]
	at java.util.concurrent.ForkJoinPool$WorkQueue.topLevelExec(ForkJoinPool.java:1182) ~[?:?]
	at java.util.concurrent.ForkJoinPool.scan(ForkJoinPool.java:1655) ~[?:?]
	at java.util.concurrent.ForkJoinPool.runWorker(ForkJoinPool.java:1622) ~[?:?]
	at java.util.concurrent.ForkJoinWorkerThread.run(ForkJoinWorkerThread.java:165) ~[?:?]
Caused by: java.io.EOFException: End of input at line 1 column 1 path $
	at com.google.gson.stream.JsonReader.nextNonWhitespace(JsonReader.java:1455) ~[gson-2.10.jar%2372!/:?]
	at com.google.gson.stream.JsonReader.doPeek(JsonReader.java:558) ~[gson-2.10.jar%2372!/:?]
	at com.google.gson.stream.JsonReader.peek(JsonReader.java:433) ~[gson-2.10.jar%2372!/:?]
	at com.google.gson.internal.bind.TypeAdapters$28.read(TypeAdapters.java:769) ~[gson-2.10.jar%2372!/:?]
	at com.google.gson.internal.bind.TypeAdapters$28.read(TypeAdapters.java:725) ~[gson-2.10.jar%2372!/:?]
	at com.google.gson.internal.bind.TypeAdapters$34$1.read(TypeAdapters.java:1007) ~[gson-2.10.jar%2372!/:?]
	at net.minecraft.util.GsonHelper.m_13780_(GsonHelper.java:524) ~[server-1.20.1-20230612.114412-srg.jar%23420!/:?]
	... 13 more
[06Jun2026 05:46:31.692] [Worker-Main-1/ERROR] [net.minecraft.server.packs.resources.SimpleJsonResourceReloadListener/]: Couldn't parse data file cataclysm_spellbooks:void_staff from cataclysm_spellbooks:recipes/void_staff.json
com.google.gson.JsonParseException: java.io.EOFException: End of input at line 1 column 1 path $
	at net.minecraft.util.GsonHelper.m_13780_(GsonHelper.java:526) ~[server-1.20.1-20230612.114412-srg.jar%23420!/:?]
	at net.minecraft.util.GsonHelper.m_263475_(GsonHelper.java:531) ~[server-1.20.1-20230612.114412-srg.jar%23420!/:?]
	at net.minecraft.util.GsonHelper.m_13776_(GsonHelper.java:581) ~[server-1.20.1-20230612.114412-srg.jar%23420!/:?]
	at net.minecraft.server.packs.resources.SimpleJsonResourceReloadListener.m_278771_(SimpleJsonResourceReloadListener.java:41) ~[server-1.20.1-20230612.114412-srg.jar%23420!/:?]
	at net.minecraft.server.packs.resources.SimpleJsonResourceReloadListener.m_5944_(SimpleJsonResourceReloadListener.java:29) ~[server-1.20.1-20230612.114412-srg.jar%23420!/:?]
	at net.minecraft.server.packs.resources.SimpleJsonResourceReloadListener.m_5944_(SimpleJsonResourceReloadListener.java:17) ~[server-1.20.1-20230612.114412-srg.jar%23420!/:?]
	at net.minecraft.server.packs.resources.SimplePreparableReloadListener.m_10786_(SimplePreparableReloadListener.java:11) ~[server-1.20.1-20230612.114412-srg.jar%23420!/:?]
	at java.util.concurrent.CompletableFuture$AsyncSupply.run(CompletableFuture.java:1768) ~[?:?]
	at java.util.concurrent.CompletableFuture$AsyncSupply.exec(CompletableFuture.java:1760) ~[?:?]
	at java.util.concurrent.ForkJoinTask.doExec(ForkJoinTask.java:373) ~[?:?]
	at java.util.concurrent.ForkJoinPool$WorkQueue.topLevelExec(ForkJoinPool.java:1182) ~[?:?]
	at java.util.concurrent.ForkJoinPool.scan(ForkJoinPool.java:1655) ~[?:?]
	at java.util.concurrent.ForkJoinPool.runWorker(ForkJoinPool.java:1622) ~[?:?]
	at java.util.concurrent.ForkJoinWorkerThread.run(ForkJoinWorkerThread.java:165) ~[?:?]
Caused by: java.io.EOFException: End of input at line 1 column 1 path $
	at com.google.gson.stream.JsonReader.nextNonWhitespace(JsonReader.java:1455) ~[gson-2.10.jar%2372!/:?]
	at com.google.gson.stream.JsonReader.doPeek(JsonReader.java:558) ~[gson-2.10.jar%2372!/:?]
	at com.google.gson.stream.JsonReader.peek(JsonReader.java:433) ~[gson-2.10.jar%2372!/:?]
	at com.google.gson.internal.bind.TypeAdapters$28.read(TypeAdapters.java:769) ~[gson-2.10.jar%2372!/:?]
	at com.google.gson.internal.bind.TypeAdapters$28.read(TypeAdapters.java:725) ~[gson-2.10.jar%2372!/:?]
	at com.google.gson.internal.bind.TypeAdapters$34$1.read(TypeAdapters.java:1007) ~[gson-2.10.jar%2372!/:?]
	at net.minecraft.util.GsonHelper.m_13780_(GsonHelper.java:524) ~[server-1.20.1-20230612.114412-srg.jar%23420!/:?]
	... 13 more
[06Jun2026 05:46:31.695] [Worker-Main-1/ERROR] [net.minecraft.server.packs.resources.SimpleJsonResourceReloadListener/]: Couldn't parse data file cataclysm:weapon_infusion/gauntlet_of_bulwark from cataclysm:recipes/weapon_infusion/gauntlet_of_bulwark.json
com.google.gson.JsonParseException: java.io.EOFException: End of input at line 1 column 1 path $
	at net.minecraft.util.GsonHelper.m_13780_(GsonHelper.java:526) ~[server-1.20.1-20230612.114412-srg.jar%23420!/:?]
	at net.minecraft.util.GsonHelper.m_263475_(GsonHelper.java:531) ~[server-1.20.1-20230612.114412-srg.jar%23420!/:?]
	at net.minecraft.util.GsonHelper.m_13776_(GsonHelper.java:581) ~[server-1.20.1-20230612.114412-srg.jar%23420!/:?]
	at net.minecraft.server.packs.resources.SimpleJsonResourceReloadListener.m_278771_(SimpleJsonResourceReloadListener.java:41) ~[server-1.20.1-20230612.114412-srg.jar%23420!/:?]
	at net.minecraft.server.packs.resources.SimpleJsonResourceReloadListener.m_5944_(SimpleJsonResourceReloadListener.java:29) ~[server-1.20.1-20230612.114412-srg.jar%23420!/:?]
	at net.minecraft.server.packs.resources.SimpleJsonResourceReloadListener.m_5944_(SimpleJsonResourceReloadListener.java:17) ~[server-1.20.1-20230612.114412-srg.jar%23420!/:?]
	at net.minecraft.server.packs.resources.SimplePreparableReloadListener.m_10786_(SimplePreparableReloadListener.java:11) ~[server-1.20.1-20230612.114412-srg.jar%23420!/:?]
	at java.util.concurrent.CompletableFuture$AsyncSupply.run(CompletableFuture.java:1768) ~[?:?]
	at java.util.concurrent.CompletableFuture$AsyncSupply.exec(CompletableFuture.java:1760) ~[?:?]
	at java.util.concurrent.ForkJoinTask.doExec(ForkJoinTask.java:373) ~[?:?]
	at java.util.concurrent.ForkJoinPool$WorkQueue.topLevelExec(ForkJoinPool.java:1182) ~[?:?]
	at java.util.concurrent.ForkJoinPool.scan(ForkJoinPool.java:1655) ~[?:?]
	at java.util.concurrent.ForkJoinPool.runWorker(ForkJoinPool.java:1622) ~[?:?]
	at java.util.concurrent.ForkJoinWorkerThread.run(ForkJoinWorkerThread.java:165) ~[?:?]
Caused by: java.io.EOFException: End of input at line 1 column 1 path $
	at com.google.gson.stream.JsonReader.nextNonWhitespace(JsonReader.java:1455) ~[gson-2.10.jar%2372!/:?]
	at com.google.gson.stream.JsonReader.doPeek(JsonReader.java:558) ~[gson-2.10.jar%2372!/:?]
	at com.google.gson.stream.JsonReader.peek(JsonReader.java:433) ~[gson-2.10.jar%2372!/:?]
	at com.google.gson.internal.bind.TypeAdapters$28.read(TypeAdapters.java:769) ~[gson-2.10.jar%2372!/:?]
	at com.google.gson.internal.bind.TypeAdapters$28.read(TypeAdapters.java:725) ~[gson-2.10.jar%2372!/:?]
	at com.google.gson.internal.bind.TypeAdapters$34$1.read(TypeAdapters.java:1007) ~[gson-2.10.jar%2372!/:?]
	at net.minecraft.util.GsonHelper.m_13780_(GsonHelper.java:524) ~[server-1.20.1-20230612.114412-srg.jar%23420!/:?]
	... 13 more
[06Jun2026 05:46:31.696] [Worker-Main-1/ERROR] [net.minecraft.server.packs.resources.SimpleJsonResourceReloadListener/]: Couldn't parse data file cataclysm:weapon_infusion/gauntlet_of_maelstrom from cataclysm:recipes/weapon_infusion/gauntlet_of_maelstrom.json
com.google.gson.JsonParseException: java.io.EOFException: End of input at line 1 column 1 path $
	at net.minecraft.util.GsonHelper.m_13780_(GsonHelper.java:526) ~[server-1.20.1-20230612.114412-srg.jar%23420!/:?]
	at net.minecraft.util.GsonHelper.m_263475_(GsonHelper.java:531) ~[server-1.20.1-20230612.114412-srg.jar%23420!/:?]
	at net.minecraft.util.GsonHelper.m_13776_(GsonHelper.java:581) ~[server-1.20.1-20230612.114412-srg.jar%23420!/:?]
	at net.minecraft.server.packs.resources.SimpleJsonResourceReloadListener.m_278771_(SimpleJsonResourceReloadListener.java:41) ~[server-1.20.1-20230612.114412-srg.jar%23420!/:?]
	at net.minecraft.server.packs.resources.SimpleJsonResourceReloadListener.m_5944_(SimpleJsonResourceReloadListener.java:29) ~[server-1.20.1-20230612.114412-srg.jar%23420!/:?]
	at net.minecraft.server.packs.resources.SimpleJsonResourceReloadListener.m_5944_(SimpleJsonResourceReloadListener.java:17) ~[server-1.20.1-20230612.114412-srg.jar%23420!/:?]
	at net.minecraft.server.packs.resources.SimplePreparableReloadListener.m_10786_(SimplePreparableReloadListener.java:11) ~[server-1.20.1-20230612.114412-srg.jar%23420!/:?]
	at java.util.concurrent.CompletableFuture$AsyncSupply.run(CompletableFuture.java:1768) ~[?:?]
	at java.util.concurrent.CompletableFuture$AsyncSupply.exec(CompletableFuture.java:1760) ~[?:?]
	at java.util.concurrent.ForkJoinTask.doExec(ForkJoinTask.java:373) ~[?:?]
	at java.util.concurrent.ForkJoinPool$WorkQueue.topLevelExec(ForkJoinPool.java:1182) ~[?:?]
	at java.util.concurrent.ForkJoinPool.scan(ForkJoinPool.java:1655) ~[?:?]
	at java.util.concurrent.ForkJoinPool.runWorker(ForkJoinPool.java:1622) ~[?:?]
	at java.util.concurrent.ForkJoinWorkerThread.run(ForkJoinWorkerThread.java:165) ~[?:?]
Caused by: java.io.EOFException: End of input at line 1 column 1 path $
	at com.google.gson.stream.JsonReader.nextNonWhitespace(JsonReader.java:1455) ~[gson-2.10.jar%2372!/:?]
	at com.google.gson.stream.JsonReader.doPeek(JsonReader.java:558) ~[gson-2.10.jar%2372!/:?]
	at com.google.gson.stream.JsonReader.peek(JsonReader.java:433) ~[gson-2.10.jar%2372!/:?]
	at com.google.gson.internal.bind.TypeAdapters$28.read(TypeAdapters.java:769) ~[gson-2.10.jar%2372!/:?]
	at com.google.gson.internal.bind.TypeAdapters$28.read(TypeAdapters.java:725) ~[gson-2.10.jar%2372!/:?]
	at com.google.gson.internal.bind.TypeAdapters$34$1.read(TypeAdapters.java:1007) ~[gson-2.10.jar%2372!/:?]
	at net.minecraft.util.GsonHelper.m_13780_(GsonHelper.java:524) ~[server-1.20.1-20230612.114412-srg.jar%23420!/:?]
	... 13 more
[06Jun2026 05:46:31.697] [Worker-Main-1/ERROR] [net.minecraft.server.packs.resources.SimpleJsonResourceReloadListener/]: Couldn't parse data file cataclysm:weapon_infusion/the_immolator from cataclysm:recipes/weapon_infusion/the_immolator.json
com.google.gson.JsonParseException: java.io.EOFException: End of input at line 1 column 1 path $
	at net.minecraft.util.GsonHelper.m_13780_(GsonHelper.java:526) ~[server-1.20.1-20230612.114412-srg.jar%23420!/:?]
	at net.minecraft.util.GsonHelper.m_263475_(GsonHelper.java:531) ~[server-1.20.1-20230612.114412-srg.jar%23420!/:?]
	at net.minecraft.util.GsonHelper.m_13776_(GsonHelper.java:581) ~[server-1.20.1-20230612.114412-srg.jar%23420!/:?]
	at net.minecraft.server.packs.resources.SimpleJsonResourceReloadListener.m_278771_(SimpleJsonResourceReloadListener.java:41) ~[server-1.20.1-20230612.114412-srg.jar%23420!/:?]
	at net.minecraft.server.packs.resources.SimpleJsonResourceReloadListener.m_5944_(SimpleJsonResourceReloadListener.java:29) ~[server-1.20.1-20230612.114412-srg.jar%23420!/:?]
	at net.minecraft.server.packs.resources.SimpleJsonResourceReloadListener.m_5944_(SimpleJsonResourceReloadListener.java:17) ~[server-1.20.1-20230612.114412-srg.jar%23420!/:?]
	at net.minecraft.server.packs.resources.SimplePreparableReloadListener.m_10786_(SimplePreparableReloadListener.java:11) ~[server-1.20.1-20230612.114412-srg.jar%23420!/:?]
	at java.util.concurrent.CompletableFuture$AsyncSupply.run(CompletableFuture.java:1768) ~[?:?]
	at java.util.concurrent.CompletableFuture$AsyncSupply.exec(CompletableFuture.java:1760) ~[?:?]
	at java.util.concurrent.ForkJoinTask.doExec(ForkJoinTask.java:373) ~[?:?]
	at java.util.concurrent.ForkJoinPool$WorkQueue.topLevelExec(ForkJoinPool.java:1182) ~[?:?]
	at java.util.concurrent.ForkJoinPool.scan(ForkJoinPool.java:1655) ~[?:?]
	at java.util.concurrent.ForkJoinPool.runWorker(ForkJoinPool.java:1622) ~[?:?]
	at java.util.concurrent.ForkJoinWorkerThread.run(ForkJoinWorkerThread.java:165) ~[?:?]
Caused by: java.io.EOFException: End of input at line 1 column 1 path $
	at com.google.gson.stream.JsonReader.nextNonWhitespace(JsonReader.java:1455) ~[gson-2.10.jar%2372!/:?]
	at com.google.gson.stream.JsonReader.doPeek(JsonReader.java:558) ~[gson-2.10.jar%2372!/:?]
	at com.google.gson.stream.JsonReader.peek(JsonReader.java:433) ~[gson-2.10.jar%2372!/:?]
	at com.google.gson.internal.bind.TypeAdapters$28.read(TypeAdapters.java:769) ~[gson-2.10.jar%2372!/:?]
	at com.google.gson.internal.bind.TypeAdapters$28.read(TypeAdapters.java:725) ~[gson-2.10.jar%2372!/:?]
	at com.google.gson.internal.bind.TypeAdapters$34$1.read(TypeAdapters.java:1007) ~[gson-2.10.jar%2372!/:?]
	at net.minecraft.util.GsonHelper.m_13780_(GsonHelper.java:524) ~[server-1.20.1-20230612.114412-srg.jar%23420!/:?]
	... 13 more
[06Jun2026 05:46:31.698] [Worker-Main-1/ERROR] [net.minecraft.server.packs.resources.SimpleJsonResourceReloadListener/]: Couldn't parse data file cataclysm:weapon_infusion/void_assault_shoulder_weapon from cataclysm:recipes/weapon_infusion/void_assault_shoulder_weapon.json
com.google.gson.JsonParseException: java.io.EOFException: End of input at line 1 column 1 path $
	at net.minecraft.util.GsonHelper.m_13780_(GsonHelper.java:526) ~[server-1.20.1-20230612.114412-srg.jar%23420!/:?]
	at net.minecraft.util.GsonHelper.m_263475_(GsonHelper.java:531) ~[server-1.20.1-20230612.114412-srg.jar%23420!/:?]
	at net.minecraft.util.GsonHelper.m_13776_(GsonHelper.java:581) ~[server-1.20.1-20230612.114412-srg.jar%23420!/:?]
	at net.minecraft.server.packs.resources.SimpleJsonResourceReloadListener.m_278771_(SimpleJsonResourceReloadListener.java:41) ~[server-1.20.1-20230612.114412-srg.jar%23420!/:?]
	at net.minecraft.server.packs.resources.SimpleJsonResourceReloadListener.m_5944_(SimpleJsonResourceReloadListener.java:29) ~[server-1.20.1-20230612.114412-srg.jar%23420!/:?]
	at net.minecraft.server.packs.resources.SimpleJsonResourceReloadListener.m_5944_(SimpleJsonResourceReloadListener.java:17) ~[server-1.20.1-20230612.114412-srg.jar%23420!/:?]
	at net.minecraft.server.packs.resources.SimplePreparableReloadListener.m_10786_(SimplePreparableReloadListener.java:11) ~[server-1.20.1-20230612.114412-srg.jar%23420!/:?]
	at java.util.concurrent.CompletableFuture$AsyncSupply.run(CompletableFuture.java:1768) ~[?:?]
	at java.util.concurrent.CompletableFuture$AsyncSupply.exec(CompletableFuture.java:1760) ~[?:?]
	at java.util.concurrent.ForkJoinTask.doExec(ForkJoinTask.java:373) ~[?:?]
	at java.util.concurrent.ForkJoinPool$WorkQueue.topLevelExec(ForkJoinPool.java:1182) ~[?:?]
	at java.util.concurrent.ForkJoinPool.scan(ForkJoinPool.java:1655) ~[?:?]
	at java.util.concurrent.ForkJoinPool.runWorker(ForkJoinPool.java:1622) ~[?:?]
	at java.util.concurrent.ForkJoinWorkerThread.run(ForkJoinWorkerThread.java:165) ~[?:?]
Caused by: java.io.EOFException: End of input at line 1 column 1 path $
	at com.google.gson.stream.JsonReader.nextNonWhitespace(JsonReader.java:1455) ~[gson-2.10.jar%2372!/:?]
	at com.google.gson.stream.JsonReader.doPeek(JsonReader.java:558) ~[gson-2.10.jar%2372!/:?]
	at com.google.gson.stream.JsonReader.peek(JsonReader.java:433) ~[gson-2.10.jar%2372!/:?]
	at com.google.gson.internal.bind.TypeAdapters$28.read(TypeAdapters.java:769) ~[gson-2.10.jar%2372!/:?]
	at com.google.gson.internal.bind.TypeAdapters$28.read(TypeAdapters.java:725) ~[gson-2.10.jar%2372!/:?]
	at com.google.gson.internal.bind.TypeAdapters$34$1.read(TypeAdapters.java:1007) ~[gson-2.10.jar%2372!/:?]
	at net.minecraft.util.GsonHelper.m_13780_(GsonHelper.java:524) ~[server-1.20.1-20230612.114412-srg.jar%23420!/:?]
	... 13 more
[06Jun2026 05:46:31.698] [Worker-Main-1/ERROR] [net.minecraft.server.packs.resources.SimpleJsonResourceReloadListener/]: Couldn't parse data file cataclysm:weapon_infusion/void_forge from cataclysm:recipes/weapon_infusion/void_forge.json
com.google.gson.JsonParseException: java.io.EOFException: End of input at line 1 column 1 path $
	at net.minecraft.util.GsonHelper.m_13780_(GsonHelper.java:526) ~[server-1.20.1-20230612.114412-srg.jar%23420!/:?]
	at net.minecraft.util.GsonHelper.m_263475_(GsonHelper.java:531) ~[server-1.20.1-20230612.114412-srg.jar%23420!/:?]
	at net.minecraft.util.GsonHelper.m_13776_(GsonHelper.java:581) ~[server-1.20.1-20230612.114412-srg.jar%23420!/:?]
	at net.minecraft.server.packs.resources.SimpleJsonResourceReloadListener.m_278771_(SimpleJsonResourceReloadListener.java:41) ~[server-1.20.1-20230612.114412-srg.jar%23420!/:?]
	at net.minecraft.server.packs.resources.SimpleJsonResourceReloadListener.m_5944_(SimpleJsonResourceReloadListener.java:29) ~[server-1.20.1-20230612.114412-srg.jar%23420!/:?]
	at net.minecraft.server.packs.resources.SimpleJsonResourceReloadListener.m_5944_(SimpleJsonResourceReloadListener.java:17) ~[server-1.20.1-20230612.114412-srg.jar%23420!/:?]
	at net.minecraft.server.packs.resources.SimplePreparableReloadListener.m_10786_(SimplePreparableReloadListener.java:11) ~[server-1.20.1-20230612.114412-srg.jar%23420!/:?]
	at java.util.concurrent.CompletableFuture$AsyncSupply.run(CompletableFuture.java:1768) ~[?:?]
	at java.util.concurrent.CompletableFuture$AsyncSupply.exec(CompletableFuture.java:1760) ~[?:?]
	at java.util.concurrent.ForkJoinTask.doExec(ForkJoinTask.java:373) ~[?:?]
	at java.util.concurrent.ForkJoinPool$WorkQueue.topLevelExec(ForkJoinPool.java:1182) ~[?:?]
	at java.util.concurrent.ForkJoinPool.scan(ForkJoinPool.java:1655) ~[?:?]
	at java.util.concurrent.ForkJoinPool.runWorker(ForkJoinPool.java:1622) ~[?:?]
	at java.util.concurrent.ForkJoinWorkerThread.run(ForkJoinWorkerThread.java:165) ~[?:?]
Caused by: java.io.EOFException: End of input at line 1 column 1 path $
	at com.google.gson.stream.JsonReader.nextNonWhitespace(JsonReader.java:1455) ~[gson-2.10.jar%2372!/:?]
	at com.google.gson.stream.JsonReader.doPeek(JsonReader.java:558) ~[gson-2.10.jar%2372!/:?]
	at com.google.gson.stream.JsonReader.peek(JsonReader.java:433) ~[gson-2.10.jar%2372!/:?]
	at com.google.gson.internal.bind.TypeAdapters$28.read(TypeAdapters.java:769) ~[gson-2.10.jar%2372!/:?]
	at com.google.gson.internal.bind.TypeAdapters$28.read(TypeAdapters.java:725) ~[gson-2.10.jar%2372!/:?]
	at com.google.gson.internal.bind.TypeAdapters$34$1.read(TypeAdapters.java:1007) ~[gson-2.10.jar%2372!/:?]
	at net.minecraft.util.GsonHelper.m_13780_(GsonHelper.java:524) ~[server-1.20.1-20230612.114412-srg.jar%23420!/:?]
	... 13 more
[06Jun2026 05:46:31.699] [Worker-Main-1/ERROR] [net.minecraft.server.packs.resources.SimpleJsonResourceReloadListener/]: Couldn't parse data file irons_spellbooks:weapon_parts from irons_spellbooks:recipes/weapon_parts.json
com.google.gson.JsonParseException: java.io.EOFException: End of input at line 1 column 1 path $
	at net.minecraft.util.GsonHelper.m_13780_(GsonHelper.java:526) ~[server-1.20.1-20230612.114412-srg.jar%23420!/:?]
	at net.minecraft.util.GsonHelper.m_263475_(GsonHelper.java:531) ~[server-1.20.1-20230612.114412-srg.jar%23420!/:?]
	at net.minecraft.util.GsonHelper.m_13776_(GsonHelper.java:581) ~[server-1.20.1-20230612.114412-srg.jar%23420!/:?]
	at net.minecraft.server.packs.resources.SimpleJsonResourceReloadListener.m_278771_(SimpleJsonResourceReloadListener.java:41) ~[server-1.20.1-20230612.114412-srg.jar%23420!/:?]
	at net.minecraft.server.packs.resources.SimpleJsonResourceReloadListener.m_5944_(SimpleJsonResourceReloadListener.java:29) ~[server-1.20.1-20230612.114412-srg.jar%23420!/:?]
	at net.minecraft.server.packs.resources.SimpleJsonResourceReloadListener.m_5944_(SimpleJsonResourceReloadListener.java:17) ~[server-1.20.1-20230612.114412-srg.jar%23420!/:?]
	at net.minecraft.server.packs.resources.SimplePreparableReloadListener.m_10786_(SimplePreparableReloadListener.java:11) ~[server-1.20.1-20230612.114412-srg.jar%23420!/:?]
	at java.util.concurrent.CompletableFuture$AsyncSupply.run(CompletableFuture.java:1768) ~[?:?]
	at java.util.concurrent.CompletableFuture$AsyncSupply.exec(CompletableFuture.java:1760) ~[?:?]
	at java.util.concurrent.ForkJoinTask.doExec(ForkJoinTask.java:373) ~[?:?]
	at java.util.concurrent.ForkJoinPool$WorkQueue.topLevelExec(ForkJoinPool.java:1182) ~[?:?]
	at java.util.concurrent.ForkJoinPool.scan(ForkJoinPool.java:1655) ~[?:?]
	at java.util.concurrent.ForkJoinPool.runWorker(ForkJoinPool.java:1622) ~[?:?]
	at java.util.concurrent.ForkJoinWorkerThread.run(ForkJoinWorkerThread.java:165) ~[?:?]
Caused by: java.io.EOFException: End of input at line 1 column 1 path $
	at com.google.gson.stream.JsonReader.nextNonWhitespace(JsonReader.java:1455) ~[gson-2.10.jar%2372!/:?]
	at com.google.gson.stream.JsonReader.doPeek(JsonReader.java:558) ~[gson-2.10.jar%2372!/:?]
	at com.google.gson.stream.JsonReader.peek(JsonReader.java:433) ~[gson-2.10.jar%2372!/:?]
	at com.google.gson.internal.bind.TypeAdapters$28.read(TypeAdapters.java:769) ~[gson-2.10.jar%2372!/:?]
	at com.google.gson.internal.bind.TypeAdapters$28.read(TypeAdapters.java:725) ~[gson-2.10.jar%2372!/:?]
	at com.google.gson.internal.bind.TypeAdapters$34$1.read(TypeAdapters.java:1007) ~[gson-2.10.jar%2372!/:?]
	at net.minecraft.util.GsonHelper.m_13780_(GsonHelper.java:524) ~[server-1.20.1-20230612.114412-srg.jar%23420!/:?]
	... 13 more
[06Jun2026 05:46:31.708] [Worker-Main-1/ERROR] [net.minecraft.server.packs.resources.SimpleJsonResourceReloadListener/]: Couldn't parse data file cataclysm:wither_assault_shoulder_weapon from cataclysm:recipes/wither_assault_shoulder_weapon.json
com.google.gson.JsonParseException: java.io.EOFException: End of input at line 1 column 1 path $
	at net.minecraft.util.GsonHelper.m_13780_(GsonHelper.java:526) ~[server-1.20.1-20230612.114412-srg.jar%23420!/:?]
	at net.minecraft.util.GsonHelper.m_263475_(GsonHelper.java:531) ~[server-1.20.1-20230612.114412-srg.jar%23420!/:?]
	at net.minecraft.util.GsonHelper.m_13776_(GsonHelper.java:581) ~[server-1.20.1-20230612.114412-srg.jar%23420!/:?]
	at net.minecraft.server.packs.resources.SimpleJsonResourceReloadListener.m_278771_(SimpleJsonResourceReloadListener.java:41) ~[server-1.20.1-20230612.114412-srg.jar%23420!/:?]
	at net.minecraft.server.packs.resources.SimpleJsonResourceReloadListener.m_5944_(SimpleJsonResourceReloadListener.java:29) ~[server-1.20.1-20230612.114412-srg.jar%23420!/:?]
	at net.minecraft.server.packs.resources.SimpleJsonResourceReloadListener.m_5944_(SimpleJsonResourceReloadListener.java:17) ~[server-1.20.1-20230612.114412-srg.jar%23420!/:?]
	at net.minecraft.server.packs.resources.SimplePreparableReloadListener.m_10786_(SimplePreparableReloadListener.java:11) ~[server-1.20.1-20230612.114412-srg.jar%23420!/:?]
	at java.util.concurrent.CompletableFuture$AsyncSupply.run(CompletableFuture.java:1768) ~[?:?]
	at java.util.concurrent.CompletableFuture$AsyncSupply.exec(CompletableFuture.java:1760) ~[?:?]
	at java.util.concurrent.ForkJoinTask.doExec(ForkJoinTask.java:373) ~[?:?]
	at java.util.concurrent.ForkJoinPool$WorkQueue.topLevelExec(ForkJoinPool.java:1182) ~[?:?]
	at java.util.concurrent.ForkJoinPool.scan(ForkJoinPool.java:1655) ~[?:?]
	at java.util.concurrent.ForkJoinPool.runWorker(ForkJoinPool.java:1622) ~[?:?]
	at java.util.concurrent.ForkJoinWorkerThread.run(ForkJoinWorkerThread.java:165) ~[?:?]
Caused by: java.io.EOFException: End of input at line 1 column 1 path $
	at com.google.gson.stream.JsonReader.nextNonWhitespace(JsonReader.java:1455) ~[gson-2.10.jar%2372!/:?]
	at com.google.gson.stream.JsonReader.doPeek(JsonReader.java:558) ~[gson-2.10.jar%2372!/:?]
	at com.google.gson.stream.JsonReader.peek(JsonReader.java:433) ~[gson-2.10.jar%2372!/:?]
	at com.google.gson.internal.bind.TypeAdapters$28.read(TypeAdapters.java:769) ~[gson-2.10.jar%2372!/:?]
	at com.google.gson.internal.bind.TypeAdapters$28.read(TypeAdapters.java:725) ~[gson-2.10.jar%2372!/:?]
	at com.google.gson.internal.bind.TypeAdapters$34$1.read(TypeAdapters.java:1007) ~[gson-2.10.jar%2372!/:?]
	at net.minecraft.util.GsonHelper.m_13780_(GsonHelper.java:524) ~[server-1.20.1-20230612.114412-srg.jar%23420!/:?]
	... 13 more
[06Jun2026 05:46:31.715] [Worker-Main-1/ERROR] [net.minecraft.server.packs.resources.SimpleJsonResourceReloadListener/]: Couldn't parse data file efn:zansetsu from efn:recipes/zansetsu.json
com.google.gson.JsonParseException: java.io.EOFException: End of input at line 1 column 1 path $
	at net.minecraft.util.GsonHelper.m_13780_(GsonHelper.java:526) ~[server-1.20.1-20230612.114412-srg.jar%23420!/:?]
	at net.minecraft.util.GsonHelper.m_263475_(GsonHelper.java:531) ~[server-1.20.1-20230612.114412-srg.jar%23420!/:?]
	at net.minecraft.util.GsonHelper.m_13776_(GsonHelper.java:581) ~[server-1.20.1-20230612.114412-srg.jar%23420!/:?]
	at net.minecraft.server.packs.resources.SimpleJsonResourceReloadListener.m_278771_(SimpleJsonResourceReloadListener.java:41) ~[server-1.20.1-20230612.114412-srg.jar%23420!/:?]
	at net.minecraft.server.packs.resources.SimpleJsonResourceReloadListener.m_5944_(SimpleJsonResourceReloadListener.java:29) ~[server-1.20.1-20230612.114412-srg.jar%23420!/:?]
	at net.minecraft.server.packs.resources.SimpleJsonResourceReloadListener.m_5944_(SimpleJsonResourceReloadListener.java:17) ~[server-1.20.1-20230612.114412-srg.jar%23420!/:?]
	at net.minecraft.server.packs.resources.SimplePreparableReloadListener.m_10786_(SimplePreparableReloadListener.java:11) ~[server-1.20.1-20230612.114412-srg.jar%23420!/:?]
	at java.util.concurrent.CompletableFuture$AsyncSupply.run(CompletableFuture.java:1768) ~[?:?]
	at java.util.concurrent.CompletableFuture$AsyncSupply.exec(CompletableFuture.java:1760) ~[?:?]
	at java.util.concurrent.ForkJoinTask.doExec(ForkJoinTask.java:373) ~[?:?]
	at java.util.concurrent.ForkJoinPool$WorkQueue.topLevelExec(ForkJoinPool.java:1182) ~[?:?]
	at java.util.concurrent.ForkJoinPool.scan(ForkJoinPool.java:1655) ~[?:?]
	at java.util.concurrent.ForkJoinPool.runWorker(ForkJoinPool.java:1622) ~[?:?]
	at java.util.concurrent.ForkJoinWorkerThread.run(ForkJoinWorkerThread.java:165) ~[?:?]
Caused by: java.io.EOFException: End of input at line 1 column 1 path $
	at com.google.gson.stream.JsonReader.nextNonWhitespace(JsonReader.java:1455) ~[gson-2.10.jar%2372!/:?]
	at com.google.gson.stream.JsonReader.doPeek(JsonReader.java:558) ~[gson-2.10.jar%2372!/:?]
	at com.google.gson.stream.JsonReader.peek(JsonReader.java:433) ~[gson-2.10.jar%2372!/:?]
	at com.google.gson.internal.bind.TypeAdapters$28.read(TypeAdapters.java:769) ~[gson-2.10.jar%2372!/:?]
	at com.google.gson.internal.bind.TypeAdapters$28.read(TypeAdapters.java:725) ~[gson-2.10.jar%2372!/:?]
	at com.google.gson.internal.bind.TypeAdapters$34$1.read(TypeAdapters.java:1007) ~[gson-2.10.jar%2372!/:?]
	at net.minecraft.util.GsonHelper.m_13780_(GsonHelper.java:524) ~[server-1.20.1-20230612.114412-srg.jar%23420!/:?]
	... 13 more
[06Jun2026 05:46:31.991] [Worker-Main-3/ERROR] [net.minecraftforge.common.ForgeHooks/]: Couldn't parse element loot_tables:bookofdragons:chests/stoker_den
com.google.gson.JsonSyntaxException: Expected name to be an item, was unknown string 'bookofdragons:monstrousnightmare_egg'
	at net.minecraft.util.GsonHelper.m_13866_(GsonHelper.java:145) ~[server-1.20.1-20230612.114412-srg.jar%23420!/:?]
	at java.util.Optional.orElseThrow(Optional.java:403) ~[?:?]
	at net.minecraft.util.GsonHelper.m_13874_(GsonHelper.java:145) ~[server-1.20.1-20230612.114412-srg.jar%23420!/:?]
	at net.minecraft.util.GsonHelper.m_13909_(GsonHelper.java:153) ~[server-1.20.1-20230612.114412-srg.jar%23420!/:?]
	at net.minecraft.world.level.storage.loot.entries.LootItem$Serializer.m_7267_(LootItem.java:55) ~[server-1.20.1-20230612.114412-srg.jar%23420!/:?]
	at net.minecraft.world.level.storage.loot.entries.LootItem$Serializer.m_7267_(LootItem.java:40) ~[server-1.20.1-20230612.114412-srg.jar%23420!/:?]
	at net.minecraft.world.level.storage.loot.entries.LootPoolSingletonContainer$Serializer.m_5921_(LootPoolSingletonContainer.java:151) ~[server-1.20.1-20230612.114412-srg.jar%23420!/:?]
	at net.minecraft.world.level.storage.loot.entries.LootPoolSingletonContainer$Serializer.m_5921_(LootPoolSingletonContainer.java:129) ~[server-1.20.1-20230612.114412-srg.jar%23420!/:?]
	at net.minecraft.world.level.storage.loot.entries.LootPoolEntryContainer$Serializer.m_7561_(LootPoolEntryContainer.java:86) ~[server-1.20.1-20230612.114412-srg.jar%23420!/:?]
	at net.minecraft.world.level.storage.loot.entries.LootPoolEntryContainer$Serializer.m_7561_(LootPoolEntryContainer.java:74) ~[server-1.20.1-20230612.114412-srg.jar%23420!/:?]
	at net.minecraft.world.level.storage.loot.GsonAdapterFactory$JsonAdapter.deserialize(GsonAdapterFactory.java:102) ~[server-1.20.1-20230612.114412-srg.jar%23420!/:?]
	at com.google.gson.internal.bind.TreeTypeAdapter.read(TreeTypeAdapter.java:76) ~[gson-2.10.jar%2372!/:?]
	at com.google.gson.internal.bind.TypeAdapterRuntimeTypeWrapper.read(TypeAdapterRuntimeTypeWrapper.java:40) ~[gson-2.10.jar%2372!/:?]
	at com.google.gson.internal.bind.ArrayTypeAdapter.read(ArrayTypeAdapter.java:72) ~[gson-2.10.jar%2372!/:?]
	at com.google.gson.Gson.fromJson(Gson.java:1214) ~[gson-2.10.jar%2372!/:?]
	at com.google.gson.Gson.fromJson(Gson.java:1319) ~[gson-2.10.jar%2372!/:?]
	at com.google.gson.Gson.fromJson(Gson.java:1290) ~[gson-2.10.jar%2372!/:?]
	at com.google.gson.internal.bind.TreeTypeAdapter$GsonContextImpl.deserialize(TreeTypeAdapter.java:179) ~[gson-2.10.jar%2372!/:?]
	at net.minecraft.util.GsonHelper.m_13808_(GsonHelper.java:463) ~[server-1.20.1-20230612.114412-srg.jar%23420!/:?]
	at net.minecraft.util.GsonHelper.m_13836_(GsonHelper.java:471) ~[server-1.20.1-20230612.114412-srg.jar%23420!/:?]
	at net.minecraft.world.level.storage.loot.LootPool$Serializer.deserialize(LootPool.java:192) ~[server-1.20.1-20230612.114412-srg.jar%23420!/:?]
	at net.minecraft.world.level.storage.loot.LootPool$Serializer.deserialize(LootPool.java:189) ~[server-1.20.1-20230612.114412-srg.jar%23420!/:?]
	at com.google.gson.internal.bind.TreeTypeAdapter.read(TreeTypeAdapter.java:76) ~[gson-2.10.jar%2372!/:?]
	at com.google.gson.internal.bind.TypeAdapterRuntimeTypeWrapper.read(TypeAdapterRuntimeTypeWrapper.java:40) ~[gson-2.10.jar%2372!/:?]
	at com.google.gson.internal.bind.ArrayTypeAdapter.read(ArrayTypeAdapter.java:72) ~[gson-2.10.jar%2372!/:?]
	at com.google.gson.Gson.fromJson(Gson.java:1214) ~[gson-2.10.jar%2372!/:?]
	at com.google.gson.Gson.fromJson(Gson.java:1319) ~[gson-2.10.jar%2372!/:?]
	at com.google.gson.Gson.fromJson(Gson.java:1290) ~[gson-2.10.jar%2372!/:?]
	at com.google.gson.internal.bind.TreeTypeAdapter$GsonContextImpl.deserialize(TreeTypeAdapter.java:179) ~[gson-2.10.jar%2372!/:?]
	at net.minecraft.util.GsonHelper.m_13808_(GsonHelper.java:463) ~[server-1.20.1-20230612.114412-srg.jar%23420!/:?]
	at net.minecraft.util.GsonHelper.m_13845_(GsonHelper.java:481) ~[server-1.20.1-20230612.114412-srg.jar%23420!/:?]
	at net.minecraft.world.level.storage.loot.LootTable$Serializer.deserialize(LootTable.java:294) ~[server-1.20.1-20230612.114412-srg.jar%23420!/:?]
	at net.minecraft.world.level.storage.loot.LootTable$Serializer.deserialize(LootTable.java:291) ~[server-1.20.1-20230612.114412-srg.jar%23420!/:?]
	at com.google.gson.internal.bind.TreeTypeAdapter.read(TreeTypeAdapter.java:76) ~[gson-2.10.jar%2372!/:?]
	at com.google.gson.Gson.fromJson(Gson.java:1214) ~[gson-2.10.jar%2372!/:?]
	at com.google.gson.Gson.fromJson(Gson.java:1319) ~[gson-2.10.jar%2372!/:?]
	at com.google.gson.Gson.fromJson(Gson.java:1261) ~[gson-2.10.jar%2372!/:?]
	at net.minecraftforge.common.ForgeHooks.loadLootTable(ForgeHooks.java:872) ~[forge-1.20.1-47.4.20-universal.jar%23425!/:?]
	at net.minecraftforge.common.ForgeHooks.lambda$getLootTableDeserializer$3(ForgeHooks.java:849) ~[forge-1.20.1-47.4.20-universal.jar%23425!/:?]
	at net.minecraft.world.level.storage.loot.LootDataType.deserialize(LootDataType.java:45) ~[server-1.20.1-20230612.114412-srg.jar%23420!/:?]
	at net.minecraft.world.level.storage.loot.LootDataManager.lambda$scheduleElementParse$4(LootDataManager.java:56) ~[server-1.20.1-20230612.114412-srg.jar%23420!/:?]
	at java.util.HashMap.forEach(HashMap.java:1421) ~[?:?]
	at net.minecraft.world.level.storage.loot.LootDataManager.m_278660_(LootDataManager.java:55) ~[server-1.20.1-20230612.114412-srg.jar%23420!/:?]
	at java.util.concurrent.CompletableFuture$AsyncRun.run(CompletableFuture.java:1804) ~[?:?]
	at java.util.concurrent.CompletableFuture$AsyncRun.exec(CompletableFuture.java:1796) ~[?:?]
	at java.util.concurrent.ForkJoinTask.doExec(ForkJoinTask.java:373) ~[?:?]
	at java.util.concurrent.ForkJoinPool$WorkQueue.topLevelExec(ForkJoinPool.java:1182) ~[?:?]
	at java.util.concurrent.ForkJoinPool.scan(ForkJoinPool.java:1655) ~[?:?]
	at java.util.concurrent.ForkJoinPool.runWorker(ForkJoinPool.java:1622) ~[?:?]
	at java.util.concurrent.ForkJoinWorkerThread.run(ForkJoinWorkerThread.java:165) ~[?:?]
[06Jun2026 05:46:32.193] [Worker-Main-3/ERROR] [net.minecraftforge.common.ForgeHooks/]: Couldn't parse element loot_tables:bookofdragons:chests/sharp_nest
com.google.gson.JsonSyntaxException: Expected name to be an item, was unknown string 'bookofdragons:deadlynadder_egg'
	at net.minecraft.util.GsonHelper.m_13866_(GsonHelper.java:145) ~[server-1.20.1-20230612.114412-srg.jar%23420!/:?]
	at java.util.Optional.orElseThrow(Optional.java:403) ~[?:?]
	at net.minecraft.util.GsonHelper.m_13874_(GsonHelper.java:145) ~[server-1.20.1-20230612.114412-srg.jar%23420!/:?]
	at net.minecraft.util.GsonHelper.m_13909_(GsonHelper.java:153) ~[server-1.20.1-20230612.114412-srg.jar%23420!/:?]
	at net.minecraft.world.level.storage.loot.entries.LootItem$Serializer.m_7267_(LootItem.java:55) ~[server-1.20.1-20230612.114412-srg.jar%23420!/:?]
	at net.minecraft.world.level.storage.loot.entries.LootItem$Serializer.m_7267_(LootItem.java:40) ~[server-1.20.1-20230612.114412-srg.jar%23420!/:?]
	at net.minecraft.world.level.storage.loot.entries.LootPoolSingletonContainer$Serializer.m_5921_(LootPoolSingletonContainer.java:151) ~[server-1.20.1-20230612.114412-srg.jar%23420!/:?]
	at net.minecraft.world.level.storage.loot.entries.LootPoolSingletonContainer$Serializer.m_5921_(LootPoolSingletonContainer.java:129) ~[server-1.20.1-20230612.114412-srg.jar%23420!/:?]
	at net.minecraft.world.level.storage.loot.entries.LootPoolEntryContainer$Serializer.m_7561_(LootPoolEntryContainer.java:86) ~[server-1.20.1-20230612.114412-srg.jar%23420!/:?]
	at net.minecraft.world.level.storage.loot.entries.LootPoolEntryContainer$Serializer.m_7561_(LootPoolEntryContainer.java:74) ~[server-1.20.1-20230612.114412-srg.jar%23420!/:?]
	at net.minecraft.world.level.storage.loot.GsonAdapterFactory$JsonAdapter.deserialize(GsonAdapterFactory.java:102) ~[server-1.20.1-20230612.114412-srg.jar%23420!/:?]
	at com.google.gson.internal.bind.TreeTypeAdapter.read(TreeTypeAdapter.java:76) ~[gson-2.10.jar%2372!/:?]
	at com.google.gson.internal.bind.TypeAdapterRuntimeTypeWrapper.read(TypeAdapterRuntimeTypeWrapper.java:40) ~[gson-2.10.jar%2372!/:?]
	at com.google.gson.internal.bind.ArrayTypeAdapter.read(ArrayTypeAdapter.java:72) ~[gson-2.10.jar%2372!/:?]
	at com.google.gson.Gson.fromJson(Gson.java:1214) ~[gson-2.10.jar%2372!/:?]
	at com.google.gson.Gson.fromJson(Gson.java:1319) ~[gson-2.10.jar%2372!/:?]
	at com.google.gson.Gson.fromJson(Gson.java:1290) ~[gson-2.10.jar%2372!/:?]
	at com.google.gson.internal.bind.TreeTypeAdapter$GsonContextImpl.deserialize(TreeTypeAdapter.java:179) ~[gson-2.10.jar%2372!/:?]
	at net.minecraft.util.GsonHelper.m_13808_(GsonHelper.java:463) ~[server-1.20.1-20230612.114412-srg.jar%23420!/:?]
	at net.minecraft.util.GsonHelper.m_13836_(GsonHelper.java:471) ~[server-1.20.1-20230612.114412-srg.jar%23420!/:?]
	at net.minecraft.world.level.storage.loot.LootPool$Serializer.deserialize(LootPool.java:192) ~[server-1.20.1-20230612.114412-srg.jar%23420!/:?]
	at net.minecraft.world.level.storage.loot.LootPool$Serializer.deserialize(LootPool.java:189) ~[server-1.20.1-20230612.114412-srg.jar%23420!/:?]
	at com.google.gson.internal.bind.TreeTypeAdapter.read(TreeTypeAdapter.java:76) ~[gson-2.10.jar%2372!/:?]
	at com.google.gson.internal.bind.TypeAdapterRuntimeTypeWrapper.read(TypeAdapterRuntimeTypeWrapper.java:40) ~[gson-2.10.jar%2372!/:?]
	at com.google.gson.internal.bind.ArrayTypeAdapter.read(ArrayTypeAdapter.java:72) ~[gson-2.10.jar%2372!/:?]
	at com.google.gson.Gson.fromJson(Gson.java:1214) ~[gson-2.10.jar%2372!/:?]
	at com.google.gson.Gson.fromJson(Gson.java:1319) ~[gson-2.10.jar%2372!/:?]
	at com.google.gson.Gson.fromJson(Gson.java:1290) ~[gson-2.10.jar%2372!/:?]
	at com.google.gson.internal.bind.TreeTypeAdapter$GsonContextImpl.deserialize(TreeTypeAdapter.java:179) ~[gson-2.10.jar%2372!/:?]
	at net.minecraft.util.GsonHelper.m_13808_(GsonHelper.java:463) ~[server-1.20.1-20230612.114412-srg.jar%23420!/:?]
	at net.minecraft.util.GsonHelper.m_13845_(GsonHelper.java:481) ~[server-1.20.1-20230612.114412-srg.jar%23420!/:?]
	at net.minecraft.world.level.storage.loot.LootTable$Serializer.deserialize(LootTable.java:294) ~[server-1.20.1-20230612.114412-srg.jar%23420!/:?]
	at net.minecraft.world.level.storage.loot.LootTable$Serializer.deserialize(LootTable.java:291) ~[server-1.20.1-20230612.114412-srg.jar%23420!/:?]
	at com.google.gson.internal.bind.TreeTypeAdapter.read(TreeTypeAdapter.java:76) ~[gson-2.10.jar%2372!/:?]
	at com.google.gson.Gson.fromJson(Gson.java:1214) ~[gson-2.10.jar%2372!/:?]
	at com.google.gson.Gson.fromJson(Gson.java:1319) ~[gson-2.10.jar%2372!/:?]
	at com.google.gson.Gson.fromJson(Gson.java:1261) ~[gson-2.10.jar%2372!/:?]
	at net.minecraftforge.common.ForgeHooks.loadLootTable(ForgeHooks.java:872) ~[forge-1.20.1-47.4.20-universal.jar%23425!/:?]
	at net.minecraftforge.common.ForgeHooks.lambda$getLootTableDeserializer$3(ForgeHooks.java:849) ~[forge-1.20.1-47.4.20-universal.jar%23425!/:?]
	at net.minecraft.world.level.storage.loot.LootDataType.deserialize(LootDataType.java:45) ~[server-1.20.1-20230612.114412-srg.jar%23420!/:?]
	at net.minecraft.world.level.storage.loot.LootDataManager.lambda$scheduleElementParse$4(LootDataManager.java:56) ~[server-1.20.1-20230612.114412-srg.jar%23420!/:?]
	at java.util.HashMap.forEach(HashMap.java:1421) ~[?:?]
	at net.minecraft.world.level.storage.loot.LootDataManager.m_278660_(LootDataManager.java:55) ~[server-1.20.1-20230612.114412-srg.jar%23420!/:?]
	at java.util.concurrent.CompletableFuture$AsyncRun.run(CompletableFuture.java:1804) ~[?:?]
	at java.util.concurrent.CompletableFuture$AsyncRun.exec(CompletableFuture.java:1796) ~[?:?]
	at java.util.concurrent.ForkJoinTask.doExec(ForkJoinTask.java:373) ~[?:?]
	at java.util.concurrent.ForkJoinPool$WorkQueue.topLevelExec(ForkJoinPool.java:1182) ~[?:?]
	at java.util.concurrent.ForkJoinPool.scan(ForkJoinPool.java:1655) ~[?:?]
	at java.util.concurrent.ForkJoinPool.runWorker(ForkJoinPool.java:1622) ~[?:?]
	at java.util.concurrent.ForkJoinWorkerThread.run(ForkJoinWorkerThread.java:165) ~[?:?]
[06Jun2026 05:46:32.915] [Worker-Main-3/ERROR] [net.minecraftforge.common.ForgeHooks/]: Couldn't parse element loot_tables:bookofdragons:chests/mystery_burrow
com.google.gson.JsonSyntaxException: Expected name to be an item, was unknown string 'bookofdragons:hiddeouszippleback_egg'
	at net.minecraft.util.GsonHelper.m_13866_(GsonHelper.java:145) ~[server-1.20.1-20230612.114412-srg.jar%23420!/:?]
	at java.util.Optional.orElseThrow(Optional.java:403) ~[?:?]
	at net.minecraft.util.GsonHelper.m_13874_(GsonHelper.java:145) ~[server-1.20.1-20230612.114412-srg.jar%23420!/:?]
	at net.minecraft.util.GsonHelper.m_13909_(GsonHelper.java:153) ~[server-1.20.1-20230612.114412-srg.jar%23420!/:?]
	at net.minecraft.world.level.storage.loot.entries.LootItem$Serializer.m_7267_(LootItem.java:55) ~[server-1.20.1-20230612.114412-srg.jar%23420!/:?]
	at net.minecraft.world.level.storage.loot.entries.LootItem$Serializer.m_7267_(LootItem.java:40) ~[server-1.20.1-20230612.114412-srg.jar%23420!/:?]
	at net.minecraft.world.level.storage.loot.entries.LootPoolSingletonContainer$Serializer.m_5921_(LootPoolSingletonContainer.java:151) ~[server-1.20.1-20230612.114412-srg.jar%23420!/:?]
	at net.minecraft.world.level.storage.loot.entries.LootPoolSingletonContainer$Serializer.m_5921_(LootPoolSingletonContainer.java:129) ~[server-1.20.1-20230612.114412-srg.jar%23420!/:?]
	at net.minecraft.world.level.storage.loot.entries.LootPoolEntryContainer$Serializer.m_7561_(LootPoolEntryContainer.java:86) ~[server-1.20.1-20230612.114412-srg.jar%23420!/:?]
	at net.minecraft.world.level.storage.loot.entries.LootPoolEntryContainer$Serializer.m_7561_(LootPoolEntryContainer.java:74) ~[server-1.20.1-20230612.114412-srg.jar%23420!/:?]
	at net.minecraft.world.level.storage.loot.GsonAdapterFactory$JsonAdapter.deserialize(GsonAdapterFactory.java:102) ~[server-1.20.1-20230612.114412-srg.jar%23420!/:?]
	at com.google.gson.internal.bind.TreeTypeAdapter.read(TreeTypeAdapter.java:76) ~[gson-2.10.jar%2372!/:?]
	at com.google.gson.internal.bind.TypeAdapterRuntimeTypeWrapper.read(TypeAdapterRuntimeTypeWrapper.java:40) ~[gson-2.10.jar%2372!/:?]
	at com.google.gson.internal.bind.ArrayTypeAdapter.read(ArrayTypeAdapter.java:72) ~[gson-2.10.jar%2372!/:?]
	at com.google.gson.Gson.fromJson(Gson.java:1214) ~[gson-2.10.jar%2372!/:?]
	at com.google.gson.Gson.fromJson(Gson.java:1319) ~[gson-2.10.jar%2372!/:?]
	at com.google.gson.Gson.fromJson(Gson.java:1290) ~[gson-2.10.jar%2372!/:?]
	at com.google.gson.internal.bind.TreeTypeAdapter$GsonContextImpl.deserialize(TreeTypeAdapter.java:179) ~[gson-2.10.jar%2372!/:?]
	at net.minecraft.util.GsonHelper.m_13808_(GsonHelper.java:463) ~[server-1.20.1-20230612.114412-srg.jar%23420!/:?]
	at net.minecraft.util.GsonHelper.m_13836_(GsonHelper.java:471) ~[server-1.20.1-20230612.114412-srg.jar%23420!/:?]
	at net.minecraft.world.level.storage.loot.LootPool$Serializer.deserialize(LootPool.java:192) ~[server-1.20.1-20230612.114412-srg.jar%23420!/:?]
	at net.minecraft.world.level.storage.loot.LootPool$Serializer.deserialize(LootPool.java:189) ~[server-1.20.1-20230612.114412-srg.jar%23420!/:?]
	at com.google.gson.internal.bind.TreeTypeAdapter.read(TreeTypeAdapter.java:76) ~[gson-2.10.jar%2372!/:?]
	at com.google.gson.internal.bind.TypeAdapterRuntimeTypeWrapper.read(TypeAdapterRuntimeTypeWrapper.java:40) ~[gson-2.10.jar%2372!/:?]
	at com.google.gson.internal.bind.ArrayTypeAdapter.read(ArrayTypeAdapter.java:72) ~[gson-2.10.jar%2372!/:?]
	at com.google.gson.Gson.fromJson(Gson.java:1214) ~[gson-2.10.jar%2372!/:?]
	at com.google.gson.Gson.fromJson(Gson.java:1319) ~[gson-2.10.jar%2372!/:?]
	at com.google.gson.Gson.fromJson(Gson.java:1290) ~[gson-2.10.jar%2372!/:?]
	at com.google.gson.internal.bind.TreeTypeAdapter$GsonContextImpl.deserialize(TreeTypeAdapter.java:179) ~[gson-2.10.jar%2372!/:?]
	at net.minecraft.util.GsonHelper.m_13808_(GsonHelper.java:463) ~[server-1.20.1-20230612.114412-srg.jar%23420!/:?]
	at net.minecraft.util.GsonHelper.m_13845_(GsonHelper.java:481) ~[server-1.20.1-20230612.114412-srg.jar%23420!/:?]
	at net.minecraft.world.level.storage.loot.LootTable$Serializer.deserialize(LootTable.java:294) ~[server-1.20.1-20230612.114412-srg.jar%23420!/:?]
	at net.minecraft.world.level.storage.loot.LootTable$Serializer.deserialize(LootTable.java:291) ~[server-1.20.1-20230612.114412-srg.jar%23420!/:?]
	at com.google.gson.internal.bind.TreeTypeAdapter.read(TreeTypeAdapter.java:76) ~[gson-2.10.jar%2372!/:?]
	at com.google.gson.Gson.fromJson(Gson.java:1214) ~[gson-2.10.jar%2372!/:?]
	at com.google.gson.Gson.fromJson(Gson.java:1319) ~[gson-2.10.jar%2372!/:?]
	at com.google.gson.Gson.fromJson(Gson.java:1261) ~[gson-2.10.jar%2372!/:?]
	at net.minecraftforge.common.ForgeHooks.loadLootTable(ForgeHooks.java:872) ~[forge-1.20.1-47.4.20-universal.jar%23425!/:?]
	at net.minecraftforge.common.ForgeHooks.lambda$getLootTableDeserializer$3(ForgeHooks.java:849) ~[forge-1.20.1-47.4.20-universal.jar%23425!/:?]
	at net.minecraft.world.level.storage.loot.LootDataType.deserialize(LootDataType.java:45) ~[server-1.20.1-20230612.114412-srg.jar%23420!/:?]
	at net.minecraft.world.level.storage.loot.LootDataManager.lambda$scheduleElementParse$4(LootDataManager.java:56) ~[server-1.20.1-20230612.114412-srg.jar%23420!/:?]
	at java.util.HashMap.forEach(HashMap.java:1421) ~[?:?]
	at net.minecraft.world.level.storage.loot.LootDataManager.m_278660_(LootDataManager.java:55) ~[server-1.20.1-20230612.114412-srg.jar%23420!/:?]
	at java.util.concurrent.CompletableFuture$AsyncRun.run(CompletableFuture.java:1804) ~[?:?]
	at java.util.concurrent.CompletableFuture$AsyncRun.exec(CompletableFuture.java:1796) ~[?:?]
	at java.util.concurrent.ForkJoinTask.doExec(ForkJoinTask.java:373) ~[?:?]
	at java.util.concurrent.ForkJoinPool$WorkQueue.topLevelExec(ForkJoinPool.java:1182) ~[?:?]
	at java.util.concurrent.ForkJoinPool.scan(ForkJoinPool.java:1655) ~[?:?]
	at java.util.concurrent.ForkJoinPool.runWorker(ForkJoinPool.java:1622) ~[?:?]
	at java.util.concurrent.ForkJoinWorkerThread.run(ForkJoinWorkerThread.java:165) ~[?:?]
[06Jun2026 05:46:33.073] [Worker-Main-3/ERROR] [net.minecraftforge.common.ForgeHooks/]: Couldn't parse element loot_tables:beyonddimensions:blocks/rs_net_pathway
com.google.gson.JsonSyntaxException: Expected name to be an item, was unknown string 'beyonddimensions:rs_net_pathway'
	at net.minecraft.util.GsonHelper.m_13866_(GsonHelper.java:145) ~[server-1.20.1-20230612.114412-srg.jar%23420!/:?]
	at java.util.Optional.orElseThrow(Optional.java:403) ~[?:?]
	at net.minecraft.util.GsonHelper.m_13874_(GsonHelper.java:145) ~[server-1.20.1-20230612.114412-srg.jar%23420!/:?]
	at net.minecraft.util.GsonHelper.m_13909_(GsonHelper.java:153) ~[server-1.20.1-20230612.114412-srg.jar%23420!/:?]
	at net.minecraft.world.level.storage.loot.entries.LootItem$Serializer.m_7267_(LootItem.java:55) ~[server-1.20.1-20230612.114412-srg.jar%23420!/:?]
	at net.minecraft.world.level.storage.loot.entries.LootItem$Serializer.m_7267_(LootItem.java:40) ~[server-1.20.1-20230612.114412-srg.jar%23420!/:?]
	at net.minecraft.world.level.storage.loot.entries.LootPoolSingletonContainer$Serializer.m_5921_(LootPoolSingletonContainer.java:151) ~[server-1.20.1-20230612.114412-srg.jar%23420!/:?]
	at net.minecraft.world.level.storage.loot.entries.LootPoolSingletonContainer$Serializer.m_5921_(LootPoolSingletonContainer.java:129) ~[server-1.20.1-20230612.114412-srg.jar%23420!/:?]
	at net.minecraft.world.level.storage.loot.entries.LootPoolEntryContainer$Serializer.m_7561_(LootPoolEntryContainer.java:86) ~[server-1.20.1-20230612.114412-srg.jar%23420!/:?]
	at net.minecraft.world.level.storage.loot.entries.LootPoolEntryContainer$Serializer.m_7561_(LootPoolEntryContainer.java:74) ~[server-1.20.1-20230612.114412-srg.jar%23420!/:?]
	at net.minecraft.world.level.storage.loot.GsonAdapterFactory$JsonAdapter.deserialize(GsonAdapterFactory.java:102) ~[server-1.20.1-20230612.114412-srg.jar%23420!/:?]
	at com.google.gson.internal.bind.TreeTypeAdapter.read(TreeTypeAdapter.java:76) ~[gson-2.10.jar%2372!/:?]
	at com.google.gson.internal.bind.TypeAdapterRuntimeTypeWrapper.read(TypeAdapterRuntimeTypeWrapper.java:40) ~[gson-2.10.jar%2372!/:?]
	at com.google.gson.internal.bind.ArrayTypeAdapter.read(ArrayTypeAdapter.java:72) ~[gson-2.10.jar%2372!/:?]
	at com.google.gson.Gson.fromJson(Gson.java:1214) ~[gson-2.10.jar%2372!/:?]
	at com.google.gson.Gson.fromJson(Gson.java:1319) ~[gson-2.10.jar%2372!/:?]
	at com.google.gson.Gson.fromJson(Gson.java:1290) ~[gson-2.10.jar%2372!/:?]
	at com.google.gson.internal.bind.TreeTypeAdapter$GsonContextImpl.deserialize(TreeTypeAdapter.java:179) ~[gson-2.10.jar%2372!/:?]
	at net.minecraft.util.GsonHelper.m_13808_(GsonHelper.java:463) ~[server-1.20.1-20230612.114412-srg.jar%23420!/:?]
	at net.minecraft.util.GsonHelper.m_13836_(GsonHelper.java:471) ~[server-1.20.1-20230612.114412-srg.jar%23420!/:?]
	at net.minecraft.world.level.storage.loot.LootPool$Serializer.deserialize(LootPool.java:192) ~[server-1.20.1-20230612.114412-srg.jar%23420!/:?]
	at net.minecraft.world.level.storage.loot.LootPool$Serializer.deserialize(LootPool.java:189) ~[server-1.20.1-20230612.114412-srg.jar%23420!/:?]
	at com.google.gson.internal.bind.TreeTypeAdapter.read(TreeTypeAdapter.java:76) ~[gson-2.10.jar%2372!/:?]
	at com.google.gson.internal.bind.TypeAdapterRuntimeTypeWrapper.read(TypeAdapterRuntimeTypeWrapper.java:40) ~[gson-2.10.jar%2372!/:?]
	at com.google.gson.internal.bind.ArrayTypeAdapter.read(ArrayTypeAdapter.java:72) ~[gson-2.10.jar%2372!/:?]
	at com.google.gson.Gson.fromJson(Gson.java:1214) ~[gson-2.10.jar%2372!/:?]
	at com.google.gson.Gson.fromJson(Gson.java:1319) ~[gson-2.10.jar%2372!/:?]
	at com.google.gson.Gson.fromJson(Gson.java:1290) ~[gson-2.10.jar%2372!/:?]
	at com.google.gson.internal.bind.TreeTypeAdapter$GsonContextImpl.deserialize(TreeTypeAdapter.java:179) ~[gson-2.10.jar%2372!/:?]
	at net.minecraft.util.GsonHelper.m_13808_(GsonHelper.java:463) ~[server-1.20.1-20230612.114412-srg.jar%23420!/:?]
	at net.minecraft.util.GsonHelper.m_13845_(GsonHelper.java:481) ~[server-1.20.1-20230612.114412-srg.jar%23420!/:?]
	at net.minecraft.world.level.storage.loot.LootTable$Serializer.deserialize(LootTable.java:294) ~[server-1.20.1-20230612.114412-srg.jar%23420!/:?]
	at net.minecraft.world.level.storage.loot.LootTable$Serializer.deserialize(LootTable.java:291) ~[server-1.20.1-20230612.114412-srg.jar%23420!/:?]
	at com.google.gson.internal.bind.TreeTypeAdapter.read(TreeTypeAdapter.java:76) ~[gson-2.10.jar%2372!/:?]
	at com.google.gson.Gson.fromJson(Gson.java:1214) ~[gson-2.10.jar%2372!/:?]
	at com.google.gson.Gson.fromJson(Gson.java:1319) ~[gson-2.10.jar%2372!/:?]
	at com.google.gson.Gson.fromJson(Gson.java:1261) ~[gson-2.10.jar%2372!/:?]
	at net.minecraftforge.common.ForgeHooks.loadLootTable(ForgeHooks.java:872) ~[forge-1.20.1-47.4.20-universal.jar%23425!/:?]
	at net.minecraftforge.common.ForgeHooks.lambda$getLootTableDeserializer$3(ForgeHooks.java:849) ~[forge-1.20.1-47.4.20-universal.jar%23425!/:?]
	at net.minecraft.world.level.storage.loot.LootDataType.deserialize(LootDataType.java:45) ~[server-1.20.1-20230612.114412-srg.jar%23420!/:?]
	at net.minecraft.world.level.storage.loot.LootDataManager.lambda$scheduleElementParse$4(LootDataManager.java:56) ~[server-1.20.1-20230612.114412-srg.jar%23420!/:?]
	at java.util.HashMap.forEach(HashMap.java:1421) ~[?:?]
	at net.minecraft.world.level.storage.loot.LootDataManager.m_278660_(LootDataManager.java:55) ~[server-1.20.1-20230612.114412-srg.jar%23420!/:?]
	at java.util.concurrent.CompletableFuture$AsyncRun.run(CompletableFuture.java:1804) ~[?:?]
	at java.util.concurrent.CompletableFuture$AsyncRun.exec(CompletableFuture.java:1796) ~[?:?]
	at java.util.concurrent.ForkJoinTask.doExec(ForkJoinTask.java:373) ~[?:?]
	at java.util.concurrent.ForkJoinPool$WorkQueue.topLevelExec(ForkJoinPool.java:1182) ~[?:?]
	at java.util.concurrent.ForkJoinPool.scan(ForkJoinPool.java:1655) ~[?:?]
	at java.util.concurrent.ForkJoinPool.runWorker(ForkJoinPool.java:1622) ~[?:?]
	at java.util.concurrent.ForkJoinWorkerThread.run(ForkJoinWorkerThread.java:165) ~[?:?]
[06Jun2026 05:46:33.766] [Worker-Main-3/ERROR] [net.minecraftforge.common.ForgeHooks/]: Couldn't parse element loot_tables:beyonddimensions:blocks/ars_source_pathway
com.google.gson.JsonSyntaxException: Expected name to be an item, was unknown string 'beyonddimensions:ars_source_pathway'
	at net.minecraft.util.GsonHelper.m_13866_(GsonHelper.java:145) ~[server-1.20.1-20230612.114412-srg.jar%23420!/:?]
	at java.util.Optional.orElseThrow(Optional.java:403) ~[?:?]
	at net.minecraft.util.GsonHelper.m_13874_(GsonHelper.java:145) ~[server-1.20.1-20230612.114412-srg.jar%23420!/:?]
	at net.minecraft.util.GsonHelper.m_13909_(GsonHelper.java:153) ~[server-1.20.1-20230612.114412-srg.jar%23420!/:?]
	at net.minecraft.world.level.storage.loot.entries.LootItem$Serializer.m_7267_(LootItem.java:55) ~[server-1.20.1-20230612.114412-srg.jar%23420!/:?]
	at net.minecraft.world.level.storage.loot.entries.LootItem$Serializer.m_7267_(LootItem.java:40) ~[server-1.20.1-20230612.114412-srg.jar%23420!/:?]
	at net.minecraft.world.level.storage.loot.entries.LootPoolSingletonContainer$Serializer.m_5921_(LootPoolSingletonContainer.java:151) ~[server-1.20.1-20230612.114412-srg.jar%23420!/:?]
	at net.minecraft.world.level.storage.loot.entries.LootPoolSingletonContainer$Serializer.m_5921_(LootPoolSingletonContainer.java:129) ~[server-1.20.1-20230612.114412-srg.jar%23420!/:?]
	at net.minecraft.world.level.storage.loot.entries.LootPoolEntryContainer$Serializer.m_7561_(LootPoolEntryContainer.java:86) ~[server-1.20.1-20230612.114412-srg.jar%23420!/:?]
	at net.minecraft.world.level.storage.loot.entries.LootPoolEntryContainer$Serializer.m_7561_(LootPoolEntryContainer.java:74) ~[server-1.20.1-20230612.114412-srg.jar%23420!/:?]
	at net.minecraft.world.level.storage.loot.GsonAdapterFactory$JsonAdapter.deserialize(GsonAdapterFactory.java:102) ~[server-1.20.1-20230612.114412-srg.jar%23420!/:?]
	at com.google.gson.internal.bind.TreeTypeAdapter.read(TreeTypeAdapter.java:76) ~[gson-2.10.jar%2372!/:?]
	at com.google.gson.internal.bind.TypeAdapterRuntimeTypeWrapper.read(TypeAdapterRuntimeTypeWrapper.java:40) ~[gson-2.10.jar%2372!/:?]
	at com.google.gson.internal.bind.ArrayTypeAdapter.read(ArrayTypeAdapter.java:72) ~[gson-2.10.jar%2372!/:?]
	at com.google.gson.Gson.fromJson(Gson.java:1214) ~[gson-2.10.jar%2372!/:?]
	at com.google.gson.Gson.fromJson(Gson.java:1319) ~[gson-2.10.jar%2372!/:?]
	at com.google.gson.Gson.fromJson(Gson.java:1290) ~[gson-2.10.jar%2372!/:?]
	at com.google.gson.internal.bind.TreeTypeAdapter$GsonContextImpl.deserialize(TreeTypeAdapter.java:179) ~[gson-2.10.jar%2372!/:?]
	at net.minecraft.util.GsonHelper.m_13808_(GsonHelper.java:463) ~[server-1.20.1-20230612.114412-srg.jar%23420!/:?]
	at net.minecraft.util.GsonHelper.m_13836_(GsonHelper.java:471) ~[server-1.20.1-20230612.114412-srg.jar%23420!/:?]
	at net.minecraft.world.level.storage.loot.LootPool$Serializer.deserialize(LootPool.java:192) ~[server-1.20.1-20230612.114412-srg.jar%23420!/:?]
	at net.minecraft.world.level.storage.loot.LootPool$Serializer.deserialize(LootPool.java:189) ~[server-1.20.1-20230612.114412-srg.jar%23420!/:?]
	at com.google.gson.internal.bind.TreeTypeAdapter.read(TreeTypeAdapter.java:76) ~[gson-2.10.jar%2372!/:?]
	at com.google.gson.internal.bind.TypeAdapterRuntimeTypeWrapper.read(TypeAdapterRuntimeTypeWrapper.java:40) ~[gson-2.10.jar%2372!/:?]
	at com.google.gson.internal.bind.ArrayTypeAdapter.read(ArrayTypeAdapter.java:72) ~[gson-2.10.jar%2372!/:?]
	at com.google.gson.Gson.fromJson(Gson.java:1214) ~[gson-2.10.jar%2372!/:?]
	at com.google.gson.Gson.fromJson(Gson.java:1319) ~[gson-2.10.jar%2372!/:?]
	at com.google.gson.Gson.fromJson(Gson.java:1290) ~[gson-2.10.jar%2372!/:?]
	at com.google.gson.internal.bind.TreeTypeAdapter$GsonContextImpl.deserialize(TreeTypeAdapter.java:179) ~[gson-2.10.jar%2372!/:?]
	at net.minecraft.util.GsonHelper.m_13808_(GsonHelper.java:463) ~[server-1.20.1-20230612.114412-srg.jar%23420!/:?]
	at net.minecraft.util.GsonHelper.m_13845_(GsonHelper.java:481) ~[server-1.20.1-20230612.114412-srg.jar%23420!/:?]
	at net.minecraft.world.level.storage.loot.LootTable$Serializer.deserialize(LootTable.java:294) ~[server-1.20.1-20230612.114412-srg.jar%23420!/:?]
	at net.minecraft.world.level.storage.loot.LootTable$Serializer.deserialize(LootTable.java:291) ~[server-1.20.1-20230612.114412-srg.jar%23420!/:?]
	at com.google.gson.internal.bind.TreeTypeAdapter.read(TreeTypeAdapter.java:76) ~[gson-2.10.jar%2372!/:?]
	at com.google.gson.Gson.fromJson(Gson.java:1214) ~[gson-2.10.jar%2372!/:?]
	at com.google.gson.Gson.fromJson(Gson.java:1319) ~[gson-2.10.jar%2372!/:?]
	at com.google.gson.Gson.fromJson(Gson.java:1261) ~[gson-2.10.jar%2372!/:?]
	at net.minecraftforge.common.ForgeHooks.loadLootTable(ForgeHooks.java:872) ~[forge-1.20.1-47.4.20-universal.jar%23425!/:?]
	at net.minecraftforge.common.ForgeHooks.lambda$getLootTableDeserializer$3(ForgeHooks.java:849) ~[forge-1.20.1-47.4.20-universal.jar%23425!/:?]
	at net.minecraft.world.level.storage.loot.LootDataType.deserialize(LootDataType.java:45) ~[server-1.20.1-20230612.114412-srg.jar%23420!/:?]
	at net.minecraft.world.level.storage.loot.LootDataManager.lambda$scheduleElementParse$4(LootDataManager.java:56) ~[server-1.20.1-20230612.114412-srg.jar%23420!/:?]
	at java.util.HashMap.forEach(HashMap.java:1421) ~[?:?]
	at net.minecraft.world.level.storage.loot.LootDataManager.m_278660_(LootDataManager.java:55) ~[server-1.20.1-20230612.114412-srg.jar%23420!/:?]
	at java.util.concurrent.CompletableFuture$AsyncRun.run(CompletableFuture.java:1804) ~[?:?]
	at java.util.concurrent.CompletableFuture$AsyncRun.exec(CompletableFuture.java:1796) ~[?:?]
	at java.util.concurrent.ForkJoinTask.doExec(ForkJoinTask.java:373) ~[?:?]
	at java.util.concurrent.ForkJoinPool$WorkQueue.topLevelExec(ForkJoinPool.java:1182) ~[?:?]
	at java.util.concurrent.ForkJoinPool.scan(ForkJoinPool.java:1655) ~[?:?]
	at java.util.concurrent.ForkJoinPool.runWorker(ForkJoinPool.java:1622) ~[?:?]
	at java.util.concurrent.ForkJoinWorkerThread.run(ForkJoinWorkerThread.java:165) ~[?:?]
[06Jun2026 05:46:33.829] [Worker-Main-3/ERROR] [net.minecraftforge.common.ForgeHooks/]: Couldn't parse element loot_tables:beyonddimensions:blocks/schematicannon_pathway
com.google.gson.JsonSyntaxException: Expected name to be an item, was unknown string 'beyonddimensions:schematicannon_pathway'
	at net.minecraft.util.GsonHelper.m_13866_(GsonHelper.java:145) ~[server-1.20.1-20230612.114412-srg.jar%23420!/:?]
	at java.util.Optional.orElseThrow(Optional.java:403) ~[?:?]
	at net.minecraft.util.GsonHelper.m_13874_(GsonHelper.java:145) ~[server-1.20.1-20230612.114412-srg.jar%23420!/:?]
	at net.minecraft.util.GsonHelper.m_13909_(GsonHelper.java:153) ~[server-1.20.1-20230612.114412-srg.jar%23420!/:?]
	at net.minecraft.world.level.storage.loot.entries.LootItem$Serializer.m_7267_(LootItem.java:55) ~[server-1.20.1-20230612.114412-srg.jar%23420!/:?]
	at net.minecraft.world.level.storage.loot.entries.LootItem$Serializer.m_7267_(LootItem.java:40) ~[server-1.20.1-20230612.114412-srg.jar%23420!/:?]
	at net.minecraft.world.level.storage.loot.entries.LootPoolSingletonContainer$Serializer.m_5921_(LootPoolSingletonContainer.java:151) ~[server-1.20.1-20230612.114412-srg.jar%23420!/:?]
	at net.minecraft.world.level.storage.loot.entries.LootPoolSingletonContainer$Serializer.m_5921_(LootPoolSingletonContainer.java:129) ~[server-1.20.1-20230612.114412-srg.jar%23420!/:?]
	at net.minecraft.world.level.storage.loot.entries.LootPoolEntryContainer$Serializer.m_7561_(LootPoolEntryContainer.java:86) ~[server-1.20.1-20230612.114412-srg.jar%23420!/:?]
	at net.minecraft.world.level.storage.loot.entries.LootPoolEntryContainer$Serializer.m_7561_(LootPoolEntryContainer.java:74) ~[server-1.20.1-20230612.114412-srg.jar%23420!/:?]
	at net.minecraft.world.level.storage.loot.GsonAdapterFactory$JsonAdapter.deserialize(GsonAdapterFactory.java:102) ~[server-1.20.1-20230612.114412-srg.jar%23420!/:?]
	at com.google.gson.internal.bind.TreeTypeAdapter.read(TreeTypeAdapter.java:76) ~[gson-2.10.jar%2372!/:?]
	at com.google.gson.internal.bind.TypeAdapterRuntimeTypeWrapper.read(TypeAdapterRuntimeTypeWrapper.java:40) ~[gson-2.10.jar%2372!/:?]
	at com.google.gson.internal.bind.ArrayTypeAdapter.read(ArrayTypeAdapter.java:72) ~[gson-2.10.jar%2372!/:?]
	at com.google.gson.Gson.fromJson(Gson.java:1214) ~[gson-2.10.jar%2372!/:?]
	at com.google.gson.Gson.fromJson(Gson.java:1319) ~[gson-2.10.jar%2372!/:?]
	at com.google.gson.Gson.fromJson(Gson.java:1290) ~[gson-2.10.jar%2372!/:?]
	at com.google.gson.internal.bind.TreeTypeAdapter$GsonContextImpl.deserialize(TreeTypeAdapter.java:179) ~[gson-2.10.jar%2372!/:?]
	at net.minecraft.util.GsonHelper.m_13808_(GsonHelper.java:463) ~[server-1.20.1-20230612.114412-srg.jar%23420!/:?]
	at net.minecraft.util.GsonHelper.m_13836_(GsonHelper.java:471) ~[server-1.20.1-20230612.114412-srg.jar%23420!/:?]
	at net.minecraft.world.level.storage.loot.LootPool$Serializer.deserialize(LootPool.java:192) ~[server-1.20.1-20230612.114412-srg.jar%23420!/:?]
	at net.minecraft.world.level.storage.loot.LootPool$Serializer.deserialize(LootPool.java:189) ~[server-1.20.1-20230612.114412-srg.jar%23420!/:?]
	at com.google.gson.internal.bind.TreeTypeAdapter.read(TreeTypeAdapter.java:76) ~[gson-2.10.jar%2372!/:?]
	at com.google.gson.internal.bind.TypeAdapterRuntimeTypeWrapper.read(TypeAdapterRuntimeTypeWrapper.java:40) ~[gson-2.10.jar%2372!/:?]
	at com.google.gson.internal.bind.ArrayTypeAdapter.read(ArrayTypeAdapter.java:72) ~[gson-2.10.jar%2372!/:?]
	at com.google.gson.Gson.fromJson(Gson.java:1214) ~[gson-2.10.jar%2372!/:?]
	at com.google.gson.Gson.fromJson(Gson.java:1319) ~[gson-2.10.jar%2372!/:?]
	at com.google.gson.Gson.fromJson(Gson.java:1290) ~[gson-2.10.jar%2372!/:?]
	at com.google.gson.internal.bind.TreeTypeAdapter$GsonContextImpl.deserialize(TreeTypeAdapter.java:179) ~[gson-2.10.jar%2372!/:?]
	at net.minecraft.util.GsonHelper.m_13808_(GsonHelper.java:463) ~[server-1.20.1-20230612.114412-srg.jar%23420!/:?]
	at net.minecraft.util.GsonHelper.m_13845_(GsonHelper.java:481) ~[server-1.20.1-20230612.114412-srg.jar%23420!/:?]
	at net.minecraft.world.level.storage.loot.LootTable$Serializer.deserialize(LootTable.java:294) ~[server-1.20.1-20230612.114412-srg.jar%23420!/:?]
	at net.minecraft.world.level.storage.loot.LootTable$Serializer.deserialize(LootTable.java:291) ~[server-1.20.1-20230612.114412-srg.jar%23420!/:?]
	at com.google.gson.internal.bind.TreeTypeAdapter.read(TreeTypeAdapter.java:76) ~[gson-2.10.jar%2372!/:?]
	at com.google.gson.Gson.fromJson(Gson.java:1214) ~[gson-2.10.jar%2372!/:?]
	at com.google.gson.Gson.fromJson(Gson.java:1319) ~[gson-2.10.jar%2372!/:?]
	at com.google.gson.Gson.fromJson(Gson.java:1261) ~[gson-2.10.jar%2372!/:?]
	at net.minecraftforge.common.ForgeHooks.loadLootTable(ForgeHooks.java:872) ~[forge-1.20.1-47.4.20-universal.jar%23425!/:?]
	at net.minecraftforge.common.ForgeHooks.lambda$getLootTableDeserializer$3(ForgeHooks.java:849) ~[forge-1.20.1-47.4.20-universal.jar%23425!/:?]
	at net.minecraft.world.level.storage.loot.LootDataType.deserialize(LootDataType.java:45) ~[server-1.20.1-20230612.114412-srg.jar%23420!/:?]
	at net.minecraft.world.level.storage.loot.LootDataManager.lambda$scheduleElementParse$4(LootDataManager.java:56) ~[server-1.20.1-20230612.114412-srg.jar%23420!/:?]
	at java.util.HashMap.forEach(HashMap.java:1421) ~[?:?]
	at net.minecraft.world.level.storage.loot.LootDataManager.m_278660_(LootDataManager.java:55) ~[server-1.20.1-20230612.114412-srg.jar%23420!/:?]
	at java.util.concurrent.CompletableFuture$AsyncRun.run(CompletableFuture.java:1804) ~[?:?]
	at java.util.concurrent.CompletableFuture$AsyncRun.exec(CompletableFuture.java:1796) ~[?:?]
	at java.util.concurrent.ForkJoinTask.doExec(ForkJoinTask.java:373) ~[?:?]
	at java.util.concurrent.ForkJoinPool$WorkQueue.topLevelExec(ForkJoinPool.java:1182) ~[?:?]
	at java.util.concurrent.ForkJoinPool.scan(ForkJoinPool.java:1655) ~[?:?]
	at java.util.concurrent.ForkJoinPool.runWorker(ForkJoinPool.java:1622) ~[?:?]
	at java.util.concurrent.ForkJoinWorkerThread.run(ForkJoinWorkerThread.java:165) ~[?:?]
[06Jun2026 05:46:35.424] [Worker-Main-3/ERROR] [net.minecraftforge.common.ForgeHooks/]: Couldn't parse element loot_tables:aquamirae:entities/captain_cornelia
com.google.gson.JsonSyntaxException: Expected name to be an item, was unknown string 'aquamirae:coral_lance'
	at net.minecraft.util.GsonHelper.m_13866_(GsonHelper.java:145) ~[server-1.20.1-20230612.114412-srg.jar%23420!/:?]
	at java.util.Optional.orElseThrow(Optional.java:403) ~[?:?]
	at net.minecraft.util.GsonHelper.m_13874_(GsonHelper.java:145) ~[server-1.20.1-20230612.114412-srg.jar%23420!/:?]
	at net.minecraft.util.GsonHelper.m_13909_(GsonHelper.java:153) ~[server-1.20.1-20230612.114412-srg.jar%23420!/:?]
	at net.minecraft.world.level.storage.loot.entries.LootItem$Serializer.m_7267_(LootItem.java:55) ~[server-1.20.1-20230612.114412-srg.jar%23420!/:?]
	at net.minecraft.world.level.storage.loot.entries.LootItem$Serializer.m_7267_(LootItem.java:40) ~[server-1.20.1-20230612.114412-srg.jar%23420!/:?]
	at net.minecraft.world.level.storage.loot.entries.LootPoolSingletonContainer$Serializer.m_5921_(LootPoolSingletonContainer.java:151) ~[server-1.20.1-20230612.114412-srg.jar%23420!/:?]
	at net.minecraft.world.level.storage.loot.entries.LootPoolSingletonContainer$Serializer.m_5921_(LootPoolSingletonContainer.java:129) ~[server-1.20.1-20230612.114412-srg.jar%23420!/:?]
	at net.minecraft.world.level.storage.loot.entries.LootPoolEntryContainer$Serializer.m_7561_(LootPoolEntryContainer.java:86) ~[server-1.20.1-20230612.114412-srg.jar%23420!/:?]
	at net.minecraft.world.level.storage.loot.entries.LootPoolEntryContainer$Serializer.m_7561_(LootPoolEntryContainer.java:74) ~[server-1.20.1-20230612.114412-srg.jar%23420!/:?]
	at net.minecraft.world.level.storage.loot.GsonAdapterFactory$JsonAdapter.deserialize(GsonAdapterFactory.java:102) ~[server-1.20.1-20230612.114412-srg.jar%23420!/:?]
	at com.google.gson.internal.bind.TreeTypeAdapter.read(TreeTypeAdapter.java:76) ~[gson-2.10.jar%2372!/:?]
	at com.google.gson.internal.bind.TypeAdapterRuntimeTypeWrapper.read(TypeAdapterRuntimeTypeWrapper.java:40) ~[gson-2.10.jar%2372!/:?]
	at com.google.gson.internal.bind.ArrayTypeAdapter.read(ArrayTypeAdapter.java:72) ~[gson-2.10.jar%2372!/:?]
	at com.google.gson.Gson.fromJson(Gson.java:1214) ~[gson-2.10.jar%2372!/:?]
	at com.google.gson.Gson.fromJson(Gson.java:1319) ~[gson-2.10.jar%2372!/:?]
	at com.google.gson.Gson.fromJson(Gson.java:1290) ~[gson-2.10.jar%2372!/:?]
	at com.google.gson.internal.bind.TreeTypeAdapter$GsonContextImpl.deserialize(TreeTypeAdapter.java:179) ~[gson-2.10.jar%2372!/:?]
	at net.minecraft.util.GsonHelper.m_13808_(GsonHelper.java:463) ~[server-1.20.1-20230612.114412-srg.jar%23420!/:?]
	at net.minecraft.util.GsonHelper.m_13836_(GsonHelper.java:471) ~[server-1.20.1-20230612.114412-srg.jar%23420!/:?]
	at net.minecraft.world.level.storage.loot.LootPool$Serializer.deserialize(LootPool.java:192) ~[server-1.20.1-20230612.114412-srg.jar%23420!/:?]
	at net.minecraft.world.level.storage.loot.LootPool$Serializer.deserialize(LootPool.java:189) ~[server-1.20.1-20230612.114412-srg.jar%23420!/:?]
	at com.google.gson.internal.bind.TreeTypeAdapter.read(TreeTypeAdapter.java:76) ~[gson-2.10.jar%2372!/:?]
	at com.google.gson.internal.bind.TypeAdapterRuntimeTypeWrapper.read(TypeAdapterRuntimeTypeWrapper.java:40) ~[gson-2.10.jar%2372!/:?]
	at com.google.gson.internal.bind.ArrayTypeAdapter.read(ArrayTypeAdapter.java:72) ~[gson-2.10.jar%2372!/:?]
	at com.google.gson.Gson.fromJson(Gson.java:1214) ~[gson-2.10.jar%2372!/:?]
	at com.google.gson.Gson.fromJson(Gson.java:1319) ~[gson-2.10.jar%2372!/:?]
	at com.google.gson.Gson.fromJson(Gson.java:1290) ~[gson-2.10.jar%2372!/:?]
	at com.google.gson.internal.bind.TreeTypeAdapter$GsonContextImpl.deserialize(TreeTypeAdapter.java:179) ~[gson-2.10.jar%2372!/:?]
	at net.minecraft.util.GsonHelper.m_13808_(GsonHelper.java:463) ~[server-1.20.1-20230612.114412-srg.jar%23420!/:?]
	at net.minecraft.util.GsonHelper.m_13845_(GsonHelper.java:481) ~[server-1.20.1-20230612.114412-srg.jar%23420!/:?]
	at net.minecraft.world.level.storage.loot.LootTable$Serializer.deserialize(LootTable.java:294) ~[server-1.20.1-20230612.114412-srg.jar%23420!/:?]
	at net.minecraft.world.level.storage.loot.LootTable$Serializer.deserialize(LootTable.java:291) ~[server-1.20.1-20230612.114412-srg.jar%23420!/:?]
	at com.google.gson.internal.bind.TreeTypeAdapter.read(TreeTypeAdapter.java:76) ~[gson-2.10.jar%2372!/:?]
	at com.google.gson.Gson.fromJson(Gson.java:1214) ~[gson-2.10.jar%2372!/:?]
	at com.google.gson.Gson.fromJson(Gson.java:1319) ~[gson-2.10.jar%2372!/:?]
	at com.google.gson.Gson.fromJson(Gson.java:1261) ~[gson-2.10.jar%2372!/:?]
	at net.minecraftforge.common.ForgeHooks.loadLootTable(ForgeHooks.java:872) ~[forge-1.20.1-47.4.20-universal.jar%23425!/:?]
	at net.minecraftforge.common.ForgeHooks.lambda$getLootTableDeserializer$3(ForgeHooks.java:849) ~[forge-1.20.1-47.4.20-universal.jar%23425!/:?]
	at net.minecraft.world.level.storage.loot.LootDataType.deserialize(LootDataType.java:45) ~[server-1.20.1-20230612.114412-srg.jar%23420!/:?]
	at net.minecraft.world.level.storage.loot.LootDataManager.lambda$scheduleElementParse$4(LootDataManager.java:56) ~[server-1.20.1-20230612.114412-srg.jar%23420!/:?]
	at java.util.HashMap.forEach(HashMap.java:1421) ~[?:?]
	at net.minecraft.world.level.storage.loot.LootDataManager.m_278660_(LootDataManager.java:55) ~[server-1.20.1-20230612.114412-srg.jar%23420!/:?]
	at java.util.concurrent.CompletableFuture$AsyncRun.run(CompletableFuture.java:1804) ~[?:?]
	at java.util.concurrent.CompletableFuture$AsyncRun.exec(CompletableFuture.java:1796) ~[?:?]
	at java.util.concurrent.ForkJoinTask.doExec(ForkJoinTask.java:373) ~[?:?]
	at java.util.concurrent.ForkJoinPool$WorkQueue.topLevelExec(ForkJoinPool.java:1182) ~[?:?]
	at java.util.concurrent.ForkJoinPool.scan(ForkJoinPool.java:1655) ~[?:?]
	at java.util.concurrent.ForkJoinPool.runWorker(ForkJoinPool.java:1622) ~[?:?]
	at java.util.concurrent.ForkJoinWorkerThread.run(ForkJoinWorkerThread.java:165) ~[?:?]
[06Jun2026 05:46:36.705] [Worker-Main-3/ERROR] [net.minecraftforge.common.ForgeHooks/]: Couldn't parse element loot_tables:irons_spellbooks:chests/citadel/citadel_tomes
com.google.gson.JsonSyntaxException: Unknown type 'minecraft:set_written_book_pages'
	at net.minecraft.world.level.storage.loot.GsonAdapterFactory$JsonAdapter.deserialize(GsonAdapterFactory.java:99) ~[server-1.20.1-20230612.114412-srg.jar%23420!/:?]
	at com.google.gson.internal.bind.TreeTypeAdapter.read(TreeTypeAdapter.java:76) ~[gson-2.10.jar%2372!/:?]
	at com.google.gson.internal.bind.TypeAdapterRuntimeTypeWrapper.read(TypeAdapterRuntimeTypeWrapper.java:40) ~[gson-2.10.jar%2372!/:?]
	at com.google.gson.internal.bind.ArrayTypeAdapter.read(ArrayTypeAdapter.java:72) ~[gson-2.10.jar%2372!/:?]
	at com.google.gson.Gson.fromJson(Gson.java:1214) ~[gson-2.10.jar%2372!/:?]
	at com.google.gson.Gson.fromJson(Gson.java:1319) ~[gson-2.10.jar%2372!/:?]
	at com.google.gson.Gson.fromJson(Gson.java:1290) ~[gson-2.10.jar%2372!/:?]
	at com.google.gson.internal.bind.TreeTypeAdapter$GsonContextImpl.deserialize(TreeTypeAdapter.java:179) ~[gson-2.10.jar%2372!/:?]
	at net.minecraft.util.GsonHelper.m_13808_(GsonHelper.java:463) ~[server-1.20.1-20230612.114412-srg.jar%23420!/:?]
	at net.minecraft.util.GsonHelper.m_13845_(GsonHelper.java:481) ~[server-1.20.1-20230612.114412-srg.jar%23420!/:?]
	at net.minecraft.world.level.storage.loot.entries.LootPoolSingletonContainer$Serializer.m_5921_(LootPoolSingletonContainer.java:149) ~[server-1.20.1-20230612.114412-srg.jar%23420!/:?]
	at net.minecraft.world.level.storage.loot.entries.LootPoolSingletonContainer$Serializer.m_5921_(LootPoolSingletonContainer.java:129) ~[server-1.20.1-20230612.114412-srg.jar%23420!/:?]
	at net.minecraft.world.level.storage.loot.entries.LootPoolEntryContainer$Serializer.m_7561_(LootPoolEntryContainer.java:86) ~[server-1.20.1-20230612.114412-srg.jar%23420!/:?]
	at net.minecraft.world.level.storage.loot.entries.LootPoolEntryContainer$Serializer.m_7561_(LootPoolEntryContainer.java:74) ~[server-1.20.1-20230612.114412-srg.jar%23420!/:?]
	at net.minecraft.world.level.storage.loot.GsonAdapterFactory$JsonAdapter.deserialize(GsonAdapterFactory.java:102) ~[server-1.20.1-20230612.114412-srg.jar%23420!/:?]
	at com.google.gson.internal.bind.TreeTypeAdapter.read(TreeTypeAdapter.java:76) ~[gson-2.10.jar%2372!/:?]
	at com.google.gson.internal.bind.TypeAdapterRuntimeTypeWrapper.read(TypeAdapterRuntimeTypeWrapper.java:40) ~[gson-2.10.jar%2372!/:?]
	at com.google.gson.internal.bind.ArrayTypeAdapter.read(ArrayTypeAdapter.java:72) ~[gson-2.10.jar%2372!/:?]
	at com.google.gson.Gson.fromJson(Gson.java:1214) ~[gson-2.10.jar%2372!/:?]
	at com.google.gson.Gson.fromJson(Gson.java:1319) ~[gson-2.10.jar%2372!/:?]
	at com.google.gson.Gson.fromJson(Gson.java:1290) ~[gson-2.10.jar%2372!/:?]
	at com.google.gson.internal.bind.TreeTypeAdapter$GsonContextImpl.deserialize(TreeTypeAdapter.java:179) ~[gson-2.10.jar%2372!/:?]
	at net.minecraft.util.GsonHelper.m_13808_(GsonHelper.java:463) ~[server-1.20.1-20230612.114412-srg.jar%23420!/:?]
	at net.minecraft.util.GsonHelper.m_13836_(GsonHelper.java:471) ~[server-1.20.1-20230612.114412-srg.jar%23420!/:?]
	at net.minecraft.world.level.storage.loot.LootPool$Serializer.deserialize(LootPool.java:192) ~[server-1.20.1-20230612.114412-srg.jar%23420!/:?]
	at net.minecraft.world.level.storage.loot.LootPool$Serializer.deserialize(LootPool.java:189) ~[server-1.20.1-20230612.114412-srg.jar%23420!/:?]
	at com.google.gson.internal.bind.TreeTypeAdapter.read(TreeTypeAdapter.java:76) ~[gson-2.10.jar%2372!/:?]
	at com.google.gson.internal.bind.TypeAdapterRuntimeTypeWrapper.read(TypeAdapterRuntimeTypeWrapper.java:40) ~[gson-2.10.jar%2372!/:?]
	at com.google.gson.internal.bind.ArrayTypeAdapter.read(ArrayTypeAdapter.java:72) ~[gson-2.10.jar%2372!/:?]
	at com.google.gson.Gson.fromJson(Gson.java:1214) ~[gson-2.10.jar%2372!/:?]
	at com.google.gson.Gson.fromJson(Gson.java:1319) ~[gson-2.10.jar%2372!/:?]
	at com.google.gson.Gson.fromJson(Gson.java:1290) ~[gson-2.10.jar%2372!/:?]
	at com.google.gson.internal.bind.TreeTypeAdapter$GsonContextImpl.deserialize(TreeTypeAdapter.java:179) ~[gson-2.10.jar%2372!/:?]
	at net.minecraft.util.GsonHelper.m_13808_(GsonHelper.java:463) ~[server-1.20.1-20230612.114412-srg.jar%23420!/:?]
	at net.minecraft.util.GsonHelper.m_13845_(GsonHelper.java:481) ~[server-1.20.1-20230612.114412-srg.jar%23420!/:?]
	at net.minecraft.world.level.storage.loot.LootTable$Serializer.deserialize(LootTable.java:294) ~[server-1.20.1-20230612.114412-srg.jar%23420!/:?]
	at net.minecraft.world.level.storage.loot.LootTable$Serializer.deserialize(LootTable.java:291) ~[server-1.20.1-20230612.114412-srg.jar%23420!/:?]
	at com.google.gson.internal.bind.TreeTypeAdapter.read(TreeTypeAdapter.java:76) ~[gson-2.10.jar%2372!/:?]
	at com.google.gson.Gson.fromJson(Gson.java:1214) ~[gson-2.10.jar%2372!/:?]
	at com.google.gson.Gson.fromJson(Gson.java:1319) ~[gson-2.10.jar%2372!/:?]
	at com.google.gson.Gson.fromJson(Gson.java:1261) ~[gson-2.10.jar%2372!/:?]
	at net.minecraftforge.common.ForgeHooks.loadLootTable(ForgeHooks.java:872) ~[forge-1.20.1-47.4.20-universal.jar%23425!/:?]
	at net.minecraftforge.common.ForgeHooks.lambda$getLootTableDeserializer$3(ForgeHooks.java:849) ~[forge-1.20.1-47.4.20-universal.jar%23425!/:?]
	at net.minecraft.world.level.storage.loot.LootDataType.deserialize(LootDataType.java:45) ~[server-1.20.1-20230612.114412-srg.jar%23420!/:?]
	at net.minecraft.world.level.storage.loot.LootDataManager.lambda$scheduleElementParse$4(LootDataManager.java:56) ~[server-1.20.1-20230612.114412-srg.jar%23420!/:?]
	at java.util.HashMap.forEach(HashMap.java:1421) ~[?:?]
	at net.minecraft.world.level.storage.loot.LootDataManager.m_278660_(LootDataManager.java:55) ~[server-1.20.1-20230612.114412-srg.jar%23420!/:?]
	at java.util.concurrent.CompletableFuture$AsyncRun.run(CompletableFuture.java:1804) ~[?:?]
	at java.util.concurrent.CompletableFuture$AsyncRun.exec(CompletableFuture.java:1796) ~[?:?]
	at java.util.concurrent.ForkJoinTask.doExec(ForkJoinTask.java:373) ~[?:?]
	at java.util.concurrent.ForkJoinPool$WorkQueue.topLevelExec(ForkJoinPool.java:1182) ~[?:?]
	at java.util.concurrent.ForkJoinPool.scan(ForkJoinPool.java:1655) ~[?:?]
	at java.util.concurrent.ForkJoinPool.runWorker(ForkJoinPool.java:1622) ~[?:?]
	at java.util.concurrent.ForkJoinWorkerThread.run(ForkJoinWorkerThread.java:165) ~[?:?]
[06Jun2026 05:46:37.276] [main/WARN] [net.minecraft.world.level.storage.loot.LootDataManager/]: Found loot table element validation problem in {loot_tables:irons_spellbooks:chests/citadel/citadel_bookshelf}.pools[7].entries[0]: Unknown loot table called irons_spellbooks:chests/citadel/citadel_tomes
[06Jun2026 05:46:37.276] [main/WARN] [net.minecraft.world.level.storage.loot.LootDataManager/]: Found loot table element validation problem in {loot_tables:irons_spellbooks:entities/archevoker}.pools[2].entries[0]: Unknown loot table called irons_spellbooks:entities/additional_evoker_loot
[06Jun2026 05:46:37.326] [main/ERROR] [net.minecraft.world.item.crafting.RecipeManager/]: Parsing error loading recipe super_golem:golem_heart: com.google.gson.JsonSyntaxException: Missing type, expected to find a string
[06Jun2026 05:46:37.329] [main/ERROR] [net.minecraft.world.item.crafting.RecipeManager/]: Parsing error loading recipe cataclysm:storm_eye: com.google.gson.JsonSyntaxException: Missing type, expected to find a string
[06Jun2026 05:46:37.329] [main/ERROR] [net.minecraft.world.item.crafting.RecipeManager/]: Parsing error loading recipe cataclysm:monstrous_eye: com.google.gson.JsonSyntaxException: Missing type, expected to find a string
[06Jun2026 05:46:37.339] [main/INFO] [net.minecraft.world.item.crafting.RecipeManager/]: Skipping loading recipe supplementaries:inspirations/blackboard_clear as it's serializer returned null
[06Jun2026 05:46:37.341] [main/INFO] [net.minecraft.world.item.crafting.RecipeManager/]: Skipping loading recipe beyonddimensions:schematicannon_pathway as it's serializer returned null
[06Jun2026 05:46:37.342] [main/ERROR] [net.minecraft.world.item.crafting.RecipeManager/]: Parsing error loading recipe efn:duskfire_ingot: com.google.gson.JsonSyntaxException: Missing type, expected to find a string
[06Jun2026 05:46:37.347] [main/ERROR] [net.minecraft.world.item.crafting.RecipeManager/]: Parsing error loading recipe aquamirae:divider: com.google.gson.JsonSyntaxException: Missing type, expected to find a string
[06Jun2026 05:46:37.356] [main/ERROR] [net.minecraft.world.item.crafting.RecipeManager/]: Parsing error loading recipe efn:stomp: com.google.gson.JsonSyntaxException: Missing type, expected to find a string
[06Jun2026 05:46:37.358] [main/INFO] [net.minecraft.world.item.crafting.RecipeManager/]: Skipping loading recipe beyonddimensions:net_ae_storage_cell as it's serializer returned null
[06Jun2026 05:46:37.359] [main/ERROR] [net.minecraft.world.item.crafting.RecipeManager/]: Parsing error loading recipe wraithon:showdown_edict: com.google.gson.JsonSyntaxException: Missing type, expected to find a string
[06Jun2026 05:46:37.359] [main/ERROR] [net.minecraft.world.item.crafting.RecipeManager/]: Parsing error loading recipe fromtheshadows:smithing/crystallized_dagger: com.google.gson.JsonSyntaxException: Unknown item 'fromtheshadows:crystallized_blood'
[06Jun2026 05:46:37.360] [main/ERROR] [net.minecraft.world.item.crafting.RecipeManager/]: Parsing error loading recipe cataclysm:the_incinerator: com.google.gson.JsonSyntaxException: Missing type, expected to find a string
[06Jun2026 05:46:37.361] [main/INFO] [net.minecraft.world.item.crafting.RecipeManager/]: Skipping loading recipe beyonddimensions:rs_net_pathway as it's serializer returned null
[06Jun2026 05:46:37.363] [main/INFO] [net.minecraft.world.item.crafting.RecipeManager/]: Skipping loading recipe supplementaries:inspirations/flag_dye as it's serializer returned null
[06Jun2026 05:46:37.366] [main/ERROR] [net.minecraft.world.item.crafting.RecipeManager/]: Parsing error loading recipe cataclysm:the_annihilator: com.google.gson.JsonSyntaxException: Missing type, expected to find a string
[06Jun2026 05:46:37.366] [main/ERROR] [net.minecraft.world.item.crafting.RecipeManager/]: Parsing error loading recipe fromtheshadows:smithing/thirst_for_blood: com.google.gson.JsonSyntaxException: Unknown item 'fromtheshadows:corrupted_heart'
[06Jun2026 05:46:37.368] [main/ERROR] [net.minecraft.world.item.crafting.RecipeManager/]: Parsing error loading recipe cataclysm:abyss_eye: com.google.gson.JsonSyntaxException: Missing type, expected to find a string
[06Jun2026 05:46:37.378] [main/ERROR] [net.minecraft.world.item.crafting.RecipeManager/]: Parsing error loading recipe cataclysm:desert_eye: com.google.gson.JsonSyntaxException: Missing type, expected to find a string
[06Jun2026 05:46:37.382] [main/ERROR] [net.minecraft.world.item.crafting.RecipeManager/]: Parsing error loading recipe cataclysm:mech_eye: com.google.gson.JsonSyntaxException: Missing type, expected to find a string
[06Jun2026 05:46:37.384] [main/ERROR] [net.minecraft.world.item.crafting.RecipeManager/]: Parsing error loading recipe cataclysm:cursed_eye: com.google.gson.JsonSyntaxException: Missing type, expected to find a string
[06Jun2026 05:46:37.391] [main/ERROR] [net.minecraft.world.item.crafting.RecipeManager/]: Parsing error loading recipe beyonddimensions:net_feeder_item: com.google.gson.JsonSyntaxException: Missing type, expected to find a string
[06Jun2026 05:46:37.392] [main/ERROR] [net.minecraft.world.item.crafting.RecipeManager/]: Parsing error loading recipe efn:efn_parry: com.google.gson.JsonSyntaxException: Missing type, expected to find a string
[06Jun2026 05:46:37.393] [main/INFO] [net.minecraft.world.item.crafting.RecipeManager/]: Skipping loading recipe supplementaries:inspirations/flag_clear as it's serializer returned null
[06Jun2026 05:46:37.398] [main/ERROR] [net.minecraft.world.item.crafting.RecipeManager/]: Parsing error loading recipe fantasy_armor:moon_crystal: com.google.gson.JsonSyntaxException: Missing type, expected to find a string
[06Jun2026 05:46:37.398] [main/INFO] [net.minecraft.world.item.crafting.RecipeManager/]: Skipping loading recipe beyonddimensions:ars_source_pathway as it's serializer returned null
[06Jun2026 05:46:37.401] [main/ERROR] [net.minecraft.world.item.crafting.RecipeManager/]: Parsing error loading recipe cataclysm:flame_eye: com.google.gson.JsonSyntaxException: Missing type, expected to find a string
[06Jun2026 05:46:37.403] [main/ERROR] [net.minecraft.world.item.crafting.RecipeManager/]: Parsing error loading recipe efn:smithing/thornwheel: com.google.gson.JsonSyntaxException: Unknown item 'create:cogwheel'
[06Jun2026 05:46:37.403] [main/INFO] [net.minecraft.world.item.crafting.RecipeManager/]: Skipping loading recipe beyonddimensions:mana_pool_pathway as it's serializer returned null
[06Jun2026 05:46:37.404] [main/ERROR] [net.minecraft.world.item.crafting.RecipeManager/]: Parsing error loading recipe cataclysm:void_eye: com.google.gson.JsonSyntaxException: Missing type, expected to find a string
[06Jun2026 05:46:37.407] [main/ERROR] [net.minecraft.world.item.crafting.RecipeManager/]: Parsing error loading recipe fromtheshadows:smithing/devil_splitter: com.google.gson.JsonSyntaxException: Unknown item 'fromtheshadows:crystallized_blood'
[06Jun2026 05:46:37.413] [main/ERROR] [net.minecraft.world.item.crafting.RecipeManager/]: Parsing error loading recipe cataclysm:ceraunus: com.google.gson.JsonSyntaxException: Missing type, expected to find a string
[06Jun2026 05:46:37.418] [main/ERROR] [net.minecraft.world.item.crafting.RecipeManager/]: Parsing error loading recipe efn:execution: com.google.gson.JsonSyntaxException: Missing type, expected to find a string
[06Jun2026 05:46:37.420] [main/INFO] [net.minecraft.world.item.crafting.RecipeManager/]: Loaded 24 recipes
[06Jun2026 05:46:37.502] [main/ERROR] [net.minecraft.server.ServerAdvancementManager/]: Parsing error loading custom advancement supplementaries:recipes/planter_rich: Unknown item id 'farmersdelight:rich_soil'
[06Jun2026 05:46:37.511] [main/ERROR] [net.minecraft.server.ServerAdvancementManager/]: Parsing error loading custom advancement bookofdragons:dragon_hunter: Unknown item id 'bookofdragons:tracker_roost_map'
[06Jun2026 05:46:37.542] [main/INFO] [quark/]: [Automatic Recipe Unlock] Removed 2552 recipe advancements
[06Jun2026 05:46:37.552] [main/INFO] [net.minecraft.advancements.AdvancementList/]: Loaded 469 advancements
[06Jun2026 05:46:37.558] [main/INFO] [placebo/]: Registered 0 additional recipes.
[06Jun2026 05:47:00.732] [main/INFO] [top.theillusivec4.curios.Curios/]: Loaded 16 curio slots
[06Jun2026 05:47:00.747] [main/INFO] [top.theillusivec4.curios.Curios/]: Loaded 11 curio entities
[06Jun2026 05:47:00.750] [main/WARN] [epicfight/]: Skill efn:example doesn't exist in the registry.
[06Jun2026 05:47:00.751] [main/WARN] [epicfight/]: Skill tcrcore:step doesn't exist in the registry.
[06Jun2026 05:47:00.752] [main/WARN] [epicfight/]: Skill p1nero_ec:step doesn't exist in the registry.
[06Jun2026 05:47:00.753] [main/INFO] [com.asanginxst.epicfightx.EpicFightExtraMod/]: EFX: Replacing Epic Fight Weapon Types...
[06Jun2026 05:47:00.770] [main/WARN] [epicfight/]: Item Capability Exception: No item named aquamirae:poisoned_chakra
[06Jun2026 05:47:00.771] [main/WARN] [epicfight/]: Item Capability Exception: No item named farmersdelight:diamond_knife
[06Jun2026 05:47:00.771] [main/WARN] [epicfight/]: Item Capability Exception: No item named aquamirae:sweet_lance
[06Jun2026 05:47:00.772] [main/WARN] [epicfight/]: epicfight:cut is not a hit particle type in magistuarmory:pike
[06Jun2026 05:47:00.776] [main/WARN] [epicfight/]: Item Capability Exception: No item named aquamirae:coral_lance
[06Jun2026 05:47:00.777] [main/WARN] [epicfight/]: epicfight:cut is not a hit particle type in magistuarmory:pike
[06Jun2026 05:47:00.778] [main/WARN] [epicfight/]: Item Capability Exception: No item named magistuarmory:rusted_ranseur
[06Jun2026 05:47:00.778] [main/WARN] [epicfight/]: epicfight:cut is not a hit particle type in magistuarmory:pike
[06Jun2026 05:47:00.779] [main/WARN] [epicfight/]: Item Capability Exception: No item named dungeons_gear:venom_glaive
[06Jun2026 05:47:00.779] [main/WARN] [epicfight/]: Item Capability Exception: No item named farmersdelight:netherite_knife
[06Jun2026 05:47:00.782] [main/WARN] [epicfight/]: Item Capability Exception: No item named magistuarmory:rusted_morgenstern
[06Jun2026 05:47:00.782] [main/WARN] [epicfight/]: epicfight:cut is not a hit particle type in magistuarmory:pike
[06Jun2026 05:47:00.783] [main/WARN] [epicfight/]: epicfight:cut is not a hit particle type in magistuarmory:pike
[06Jun2026 05:47:00.784] [main/WARN] [epicfight/]: epicfight:cut is not a hit particle type in magistuarmory:pike
[06Jun2026 05:47:00.784] [main/WARN] [epicfight/]: epicfight:cut is not a hit particle type in magistuarmory:pike
[06Jun2026 05:47:00.784] [main/WARN] [epicfight/]: Item Capability Exception: No item named fromtheshadows:devil_splitter
[06Jun2026 05:47:00.785] [main/WARN] [epicfight/]: epicfight:cut is not a hit particle type in magistuarmory:pike
[06Jun2026 05:47:00.787] [main/WARN] [epicfight/]: epicfight:cut is not a hit particle type in magistuarmory:pike
[06Jun2026 05:47:00.790] [main/WARN] [epicfight/]: Item Capability Exception: No item named aquamirae:fin_cutter
[06Jun2026 05:47:00.790] [main/WARN] [epicfight/]: Item Capability Exception: No item named magistuarmory:rusted_guisarme
[06Jun2026 05:47:00.792] [main/WARN] [epicfight/]: Item Capability Exception: No item named magistuarmory:rusted_pike
[06Jun2026 05:47:00.792] [main/WARN] [epicfight/]: epicfight:cut is not a hit particle type in magistuarmory:pike
[06Jun2026 05:47:00.793] [main/WARN] [epicfight/]: epicfight:cut is not a hit particle type in magistuarmory:pike
[06Jun2026 05:47:00.794] [main/WARN] [epicfight/]: epicfight:cut is not a hit particle type in magistuarmory:pike
[06Jun2026 05:47:00.794] [main/WARN] [epicfight/]: Item Capability Exception: No item named magistuarmory:rusted_claymore
[06Jun2026 05:47:00.794] [main/WARN] [epicfight/]: Item Capability Exception: No item named aquamirae:dagger_of_greed
[06Jun2026 05:47:00.794] [main/WARN] [epicfight/]: Item Capability Exception: No item named aquamirae:poisoned_blade
[06Jun2026 05:47:00.795] [main/WARN] [epicfight/]: epicfight:cut is not a hit particle type in magistuarmory:pike
[06Jun2026 05:47:00.795] [main/WARN] [epicfight/]: Item Capability Exception: No item named efn:scythe
[06Jun2026 05:47:00.795] [main/WARN] [epicfight/]: epicfight:cut is not a hit particle type in magistuarmory:pike
[06Jun2026 05:47:00.795] [main/WARN] [epicfight/]: epicfight:cut is not a hit particle type in magistuarmory:pike
[06Jun2026 05:47:00.796] [main/WARN] [epicfight/]: Item Capability Exception: No item named magistuarmory:rusted_chivalrylance
[06Jun2026 05:47:00.796] [main/WARN] [epicfight/]: Item Capability Exception: No item named magistuarmory:rusted_zweihander
[06Jun2026 05:47:00.797] [main/WARN] [epicfight/]: Item Capability Exception: No item named farmersdelight:skillet
[06Jun2026 05:47:00.797] [main/WARN] [epicfight/]: Item Capability Exception: No item named magistuarmory:rusted_concavehalberd
[06Jun2026 05:47:00.797] [main/WARN] [epicfight/]: epicfight:cut is not a hit particle type in magistuarmory:pike
[06Jun2026 05:47:00.797] [main/WARN] [epicfight/]: Item Capability Exception: No item named dungeons_gear:grave_bane
[06Jun2026 05:47:00.797] [main/WARN] [epicfight/]: Item Capability Exception: No item named magistuarmory:rusted_flamebladedsword
[06Jun2026 05:47:00.798] [main/WARN] [epicfight/]: Item Capability Exception: No item named epicfight:_diamond_greatsword
[06Jun2026 05:47:00.798] [main/WARN] [epicfight/]: epicfight:cut is not a hit particle type in magistuarmory:pike
[06Jun2026 05:47:00.799] [main/WARN] [epicfight/]: Item Capability Exception: No item named magistuarmory:rusted_lucernhammer
[06Jun2026 05:47:00.800] [main/WARN] [epicfight/]: Item Capability Exception: No item named magistuarmory:rusted_heavywarhammer
[06Jun2026 05:47:00.802] [main/WARN] [epicfight/]: epicfight:cut is not a hit particle type in magistuarmory:pike
[06Jun2026 05:47:00.802] [main/WARN] [epicfight/]: Item Capability Exception: No item named aquamirae:whisper_of_the_abyss
[06Jun2026 05:47:00.803] [main/WARN] [epicfight/]: epicfight:cut is not a hit particle type in magistuarmory:pike
[06Jun2026 05:47:00.803] [main/WARN] [epicfight/]: epicfight:cut is not a hit particle type in magistuarmory:pike
[06Jun2026 05:47:00.804] [main/WARN] [epicfight/]: epicfight:cut is not a hit particle type in magistuarmory:pike
[06Jun2026 05:47:00.804] [main/WARN] [epicfight/]: Item Capability Exception: No item named magistuarmory:rusted_lochaberaxe
[06Jun2026 05:47:00.805] [main/WARN] [epicfight/]: Item Capability Exception: No item named dungeons_gear:glaive
[06Jun2026 05:47:00.806] [main/WARN] [epicfight/]: Item Capability Exception: No item named magistuarmory:rusted_katzbalger
[06Jun2026 05:47:00.806] [main/WARN] [epicfight/]: epicfight:cut is not a hit particle type in magistuarmory:pike
[06Jun2026 05:47:00.806] [main/WARN] [epicfight/]: epicfight:cut is not a hit particle type in magistuarmory:pike
[06Jun2026 05:47:00.808] [main/WARN] [epicfight/]: epicfight:cut is not a hit particle type in magistuarmory:pike
[06Jun2026 05:47:00.808] [main/WARN] [epicfight/]: Item Capability Exception: No item named fromtheshadows:thirst_for_blood
[06Jun2026 05:47:00.809] [main/WARN] [epicfight/]: epicfight:cut is not a hit particle type in magistuarmory:pike
[06Jun2026 05:47:00.812] [main/WARN] [epicfight/]: epicfight:cut is not a hit particle type in magistuarmory:pike
[06Jun2026 05:47:00.813] [main/WARN] [epicfight/]: Can't find a particle type epicfight:entity.hit.blunt in invincible:custom_combo_demo
[06Jun2026 05:47:00.813] [main/WARN] [epicfight/]: epicfight:cut is not a hit particle type in magistuarmory:pike
[06Jun2026 05:47:00.813] [main/WARN] [epicfight/]: epicfight:cut is not a hit particle type in magistuarmory:pike
[06Jun2026 05:47:00.813] [main/WARN] [epicfight/]: epicfight:cut is not a hit particle type in magistuarmory:pike
[06Jun2026 05:47:00.814] [main/WARN] [epicfight/]: Item Capability Exception: No item named farmersdelight:iron_knife
[06Jun2026 05:47:00.814] [main/WARN] [epicfight/]: epicfight:cut is not a hit particle type in magistuarmory:pike
[06Jun2026 05:47:00.815] [main/WARN] [epicfight/]: Item Capability Exception: No item named magistuarmory:rusted_estoc
[06Jun2026 05:47:00.816] [main/WARN] [epicfight/]: Item Capability Exception: No item named magistuarmory:rusted_chainmorgenstern
[06Jun2026 05:47:00.816] [main/WARN] [epicfight/]: epicfight:cut is not a hit particle type in magistuarmory:pike
[06Jun2026 05:47:00.816] [main/WARN] [epicfight/]: Item Capability Exception: No item named farmersdelight:flint_knife
[06Jun2026 05:47:00.817] [main/WARN] [epicfight/]: epicfight:cut is not a hit particle type in magistuarmory:pike
[06Jun2026 05:47:00.818] [main/WARN] [epicfight/]: Item Capability Exception: No item named magistuarmory:rusted_stylet
[06Jun2026 05:47:00.818] [main/WARN] [epicfight/]: epicfight:cut is not a hit particle type in magistuarmory:pike
[06Jun2026 05:47:00.818] [main/WARN] [epicfight/]: Item Capability Exception: No item named aquamirae:maze_rose
[06Jun2026 05:47:00.819] [main/WARN] [epicfight/]: Item Capability Exception: No item named farmersdelight:golden_knife
[06Jun2026 05:47:00.819] [main/WARN] [epicfight/]: epicfight:cut is not a hit particle type in magistuarmory:pike
[06Jun2026 05:47:00.820] [main/WARN] [epicfight/]: Error while deserializing datapack for magistuarmory:silver_morgenstern: Can't find weapon type: minecraft:axe
[06Jun2026 05:47:00.821] [main/WARN] [epicfight/]: Item Capability Exception: No item named magistuarmory:rusted_ahlspiess
[06Jun2026 05:47:00.864] [main/WARN] [net.minecraftforge.common.loot.LootModifierManager/]: Could not decode GlobalLootModifier with json id uniqueaccessories:chest/waist_warmer_in_village_tqiga_house - error: Not a JSON object: null
[06Jun2026 05:47:00.867] [main/WARN] [net.minecraftforge.common.loot.LootModifierManager/]: Could not decode GlobalLootModifier with json id aether:gloves_loot_gold - error: Not a JSON object: null
[06Jun2026 05:47:00.867] [main/WARN] [net.minecraftforge.common.loot.LootModifierManager/]: Could not decode GlobalLootModifier with json id aether:gloves_loot_chain - error: Not a JSON object: null
[06Jun2026 05:47:00.867] [main/WARN] [net.minecraftforge.common.loot.LootModifierManager/]: Could not decode GlobalLootModifier with json id aether:gloves_loot_diamond - error: Not a JSON object: null
[06Jun2026 05:47:00.867] [main/WARN] [net.minecraftforge.common.loot.LootModifierManager/]: Could not decode GlobalLootModifier with json id aether:gloves_loot_leather - error: Not a JSON object: null
[06Jun2026 05:47:00.868] [main/WARN] [net.minecraftforge.common.loot.LootModifierManager/]: Could not decode GlobalLootModifier with json id aether:gloves_loot_iron - error: Not a JSON object: null
[06Jun2026 05:47:00.868] [main/WARN] [net.minecraftforge.common.loot.LootModifierManager/]: Could not decode GlobalLootModifier with json id aether:gloves_loot_netherite - error: Not a JSON object: null
[06Jun2026 05:47:00.868] [main/WARN] [net.minecraftforge.common.loot.LootModifierManager/]: Could not decode GlobalLootModifier with json id domesticationinnovation:blazing_enchanted_book - error: Not a JSON object: null
[06Jun2026 05:47:00.889] [main/INFO] [DragonGeneticsLoader/]: [DragonGenetics] Loaded species=8 taxonomy_entries=108 (across data packs)
[06Jun2026 05:47:00.913] [main/INFO] [net.magister.bookofdragons.entity.component.ranged.data.DragonAttackManager/]: Loaded 9 dragon attack definitions
[06Jun2026 05:47:00.918] [main/INFO] [SpeciesStatLoader/]: Loaded 8 species stat configs from datapacks
[06Jun2026 05:47:01.015] [main/INFO] [bountiful/]: Trying to load unloaded files from: config/bountiful/bounty_pools
[06Jun2026 05:47:01.021] [main/INFO] [bountiful/]: Trying to load unloaded files from: config/bountiful/bounty_decrees
[06Jun2026 05:47:01.038] [main/INFO] [com.p1nero.entityrespawner.data.RespawnableEntityManager/]: Loaded 1 respawnable entity definitions
[06Jun2026 05:47:01.040] [main/INFO] [quark-zeta/]: Modified advancement minecraft:husbandry/wax_on with 2 patches
[06Jun2026 05:47:01.041] [main/INFO] [quark-zeta/]: Modified advancement minecraft:adventure/kill_a_mob with 3 patches
[06Jun2026 05:47:01.041] [main/INFO] [quark-zeta/]: Modified advancement minecraft:husbandry/bred_all_animals with 3 patches
[06Jun2026 05:47:01.041] [main/INFO] [quark-zeta/]: Modified advancement minecraft:adventure/kill_all_mobs with 3 patches
[06Jun2026 05:47:01.041] [main/INFO] [quark-zeta/]: Modified advancement minecraft:husbandry/balanced_diet with 3 patches
[06Jun2026 05:47:01.041] [main/INFO] [quark-zeta/]: Modified advancement minecraft:husbandry/plant_seed with 1 patches
[06Jun2026 05:47:01.042] [main/INFO] [quark-zeta/]: Modified advancement minecraft:nether/all_effects with 2 patches
[06Jun2026 05:47:01.042] [main/INFO] [quark-zeta/]: Modified advancement minecraft:husbandry/wax_off with 2 patches
[06Jun2026 05:47:01.042] [main/INFO] [quark-zeta/]: Modified advancement minecraft:adventure/adventuring_time with 1 patches
[06Jun2026 05:47:01.042] [main/INFO] [quark-zeta/]: Modified advancement minecraft:nether/all_potions with 1 patches
[06Jun2026 05:47:01.061] [main/INFO] [Supplementaries/]: Loaded 27 flute songs
[06Jun2026 05:47:01.072] [main/INFO] [placebo/]: Registered 0 gear_sets.
[06Jun2026 05:47:01.101] [main/WARN] [indestructible/]: efn:biped/yamato/biped_hitback_1 can't be recognized
[06Jun2026 05:47:01.101] [main/WARN] [indestructible/]: epicfightx:biped/skill/revelation_normal can't be recognized
[06Jun2026 05:47:01.102] [main/WARN] [indestructible/]: efn:biped/yamato/biped_hitback_1 can't be recognized
[06Jun2026 05:47:01.102] [main/WARN] [indestructible/]: efn:biped/yamato/biped_hitback_1 can't be recognized
[06Jun2026 05:47:01.102] [main/WARN] [indestructible/]: efn:biped/yamato/biped_hitback_1 can't be recognized
[06Jun2026 05:47:01.102] [main/WARN] [indestructible/]: efn:biped/yamato/biped_hitback_1 can't be recognized
[06Jun2026 05:47:01.102] [main/WARN] [indestructible/]: efn:biped/yamato/biped_hitback_1 can't be recognized
[06Jun2026 05:47:01.103] [main/WARN] [indestructible/]: efn:biped/yamato/biped_hitback_1 can't be recognized
[06Jun2026 05:47:01.103] [main/WARN] [indestructible/]: efn:biped/yamato/biped_hitback_1 can't be recognized
[06Jun2026 05:47:01.103] [main/WARN] [indestructible/]: efn:biped/yamato/biped_hitback_1 can't be recognized
[06Jun2026 05:47:01.103] [main/WARN] [indestructible/]: efn:biped/ng_greatsword/ng_great_skill_clash can't be recognized
[06Jun2026 05:47:01.104] [main/WARN] [indestructible/]: efn:biped/yamato/biped_hitback_1 can't be recognized
[06Jun2026 05:47:01.104] [main/WARN] [indestructible/]: efn:biped/yamato/biped_hitback_1 can't be recognized
[06Jun2026 05:47:01.104] [main/WARN] [indestructible/]: efn:biped/yamato/biped_hitback_1 can't be recognized
[06Jun2026 05:47:01.104] [main/WARN] [indestructible/]: efn:biped/yamato/biped_hitback_1 can't be recognized
[06Jun2026 05:47:01.104] [main/WARN] [indestructible/]: efn:biped/yamato/biped_hitback_1 can't be recognized
[06Jun2026 05:47:01.104] [main/WARN] [indestructible/]: efn:biped/yamato/biped_hitback_1 can't be recognized
[06Jun2026 05:47:01.104] [main/WARN] [indestructible/]: efn:biped/yamato/biped_hitback_1 can't be recognized
[06Jun2026 05:47:01.105] [main/WARN] [indestructible/]: efn:biped/yamato/biped_hitback_1 can't be recognized
[06Jun2026 05:47:01.105] [main/WARN] [indestructible/]: efn:biped/nf_meen/nf_meen_auto4 can't be recognized
[06Jun2026 05:47:01.105] [main/WARN] [indestructible/]: efn:biped/yamato/biped_hitback_1 can't be recognized
[06Jun2026 05:47:01.105] [main/WARN] [indestructible/]: efn:biped/yamato/biped_hitback_1 can't be recognized
[06Jun2026 05:47:01.105] [main/WARN] [indestructible/]: efn:biped/yamato/biped_hitback_1 can't be recognized
[06Jun2026 05:47:01.106] [main/WARN] [indestructible/]: efn:biped/yamato/biped_hitback_1 can't be recognized
[06Jun2026 05:47:01.106] [main/WARN] [indestructible/]: efn:biped/yamato/biped_hitback_1 can't be recognized
[06Jun2026 05:47:01.106] [main/WARN] [indestructible/]: efn:biped/yamato/biped_hitback_1 can't be recognized
[06Jun2026 05:47:01.106] [main/WARN] [indestructible/]: efn:biped/yamato/biped_hitback_1 can't be recognized
[06Jun2026 05:47:01.106] [main/WARN] [indestructible/]: efn:biped/yamato/biped_hitback_1 can't be recognized
[06Jun2026 05:47:01.106] [main/WARN] [indestructible/]: efn:biped/nf_tachi/nf_tachi_bloodlust_end can't be recognized
[06Jun2026 05:47:01.107] [main/WARN] [indestructible/]: efn:biped/yamato/biped_hitback_1 can't be recognized
[06Jun2026 05:47:01.107] [main/WARN] [indestructible/]: efn:biped/yamato/biped_hitback_1 can't be recognized
[06Jun2026 05:47:01.107] [main/WARN] [indestructible/]: efn:biped/yamato/biped_hitback_1 can't be recognized
[06Jun2026 05:47:01.107] [main/WARN] [indestructible/]: efn:biped/yamato/biped_hitback_1 can't be recognized
[06Jun2026 05:47:01.107] [main/WARN] [indestructible/]: efn:biped/yamato/biped_hitback_1 can't be recognized
[06Jun2026 05:47:01.107] [main/WARN] [indestructible/]: efn:biped/yamato/biped_hitback_1 can't be recognized
[06Jun2026 05:47:01.107] [main/WARN] [indestructible/]: efn:biped/yamato/biped_hitback_1 can't be recognized
[06Jun2026 05:47:01.108] [main/WARN] [indestructible/]: epicfightx:biped/combat/uchigatana_sheath_dash can't be recognized
[06Jun2026 05:47:01.108] [main/WARN] [indestructible/]: efn:biped/yamato/biped_hitback_1 can't be recognized
[06Jun2026 05:47:01.108] [main/WARN] [indestructible/]: efn:biped/yamato/biped_hitback_1 can't be recognized
[06Jun2026 05:47:01.108] [main/WARN] [indestructible/]: efn:biped/yamato/biped_hitback_1 can't be recognized
[06Jun2026 05:47:01.108] [main/WARN] [indestructible/]: efn:biped/yamato/biped_hitback_1 can't be recognized
[06Jun2026 05:47:01.108] [main/WARN] [indestructible/]: efn:biped/yamato/biped_hitback_1 can't be recognized
[06Jun2026 05:47:01.109] [main/WARN] [indestructible/]: efn:biped/yamato/biped_hitback_1 can't be recognized
[06Jun2026 05:47:01.109] [main/WARN] [indestructible/]: efn:biped/yamato/biped_hitback_1 can't be recognized
[06Jun2026 05:47:01.109] [main/WARN] [indestructible/]: efn:biped/yamato/biped_hitback_1 can't be recognized
[06Jun2026 05:47:01.109] [main/WARN] [indestructible/]: epicfightx:biped/combat/dagger_airslash can't be recognized
[06Jun2026 05:47:01.109] [main/WARN] [indestructible/]: efn:biped/yamato/biped_hitback_1 can't be recognized
[06Jun2026 05:47:01.110] [main/WARN] [indestructible/]: efn:biped/yamato/biped_hitback_1 can't be recognized
[06Jun2026 05:47:01.110] [main/WARN] [indestructible/]: efn:biped/yamato/biped_hitback_1 can't be recognized
[06Jun2026 05:47:01.110] [main/WARN] [indestructible/]: efn:biped/yamato/biped_hitback_1 can't be recognized
[06Jun2026 05:47:01.110] [main/WARN] [indestructible/]: efn:biped/yamato/biped_hitback_1 can't be recognized
[06Jun2026 05:47:01.110] [main/WARN] [indestructible/]: efn:biped/yamato/biped_hitback_1 can't be recognized
[06Jun2026 05:47:01.110] [main/WARN] [indestructible/]: efn:biped/yamato/biped_hitback_1 can't be recognized
[06Jun2026 05:47:01.111] [main/WARN] [indestructible/]: epicfightx:biped/combat/dagger_dual_dash can't be recognized
[06Jun2026 05:47:01.111] [main/WARN] [indestructible/]: efn:biped/yamato/biped_hitback_1 can't be recognized
[06Jun2026 05:47:01.111] [main/WARN] [indestructible/]: efn:biped/yamato/biped_hitback_1 can't be recognized
[06Jun2026 05:47:01.111] [main/WARN] [indestructible/]: efn:biped/yamato/biped_hitback_1 can't be recognized
[06Jun2026 05:47:01.111] [main/WARN] [indestructible/]: efn:biped/yamato/biped_hitback_1 can't be recognized
[06Jun2026 05:47:01.111] [main/WARN] [indestructible/]: efn:biped/yamato/biped_hitback_1 can't be recognized
[06Jun2026 05:47:01.111] [main/WARN] [indestructible/]: efn:biped/yamato/biped_hitback_1 can't be recognized
[06Jun2026 05:47:01.111] [main/WARN] [indestructible/]: efn:biped/yamato/biped_hitback_1 can't be recognized
[06Jun2026 05:47:01.112] [main/WARN] [indestructible/]: epicfightx:biped/skill/dancing_edge can't be recognized
[06Jun2026 05:47:01.112] [main/WARN] [indestructible/]: efn:biped/yamato/biped_hitback_1 can't be recognized
[06Jun2026 05:47:01.112] [main/WARN] [indestructible/]: efn:biped/yamato/biped_hitback_1 can't be recognized
[06Jun2026 05:47:01.112] [main/WARN] [indestructible/]: efn:biped/yamato/biped_hitback_1 can't be recognized
[06Jun2026 05:47:01.112] [main/WARN] [indestructible/]: efn:biped/yamato/biped_hitback_1 can't be recognized
[06Jun2026 05:47:01.113] [main/WARN] [indestructible/]: efn:biped/yamato/biped_hitback_1 can't be recognized
[06Jun2026 05:47:01.113] [main/WARN] [indestructible/]: efn:biped/yamato/biped_hitback_1 can't be recognized
[06Jun2026 05:47:01.113] [main/WARN] [indestructible/]: efn:biped/yamato/biped_hitback_1 can't be recognized
[06Jun2026 05:47:01.113] [main/WARN] [indestructible/]: efn:biped/yamato/biped_hitback_air can't be recognized
[06Jun2026 05:47:01.114] [main/WARN] [indestructible/]: efn:biped/nf_claw/nf_claw_auto3 can't be recognized
[06Jun2026 05:47:01.114] [main/WARN] [indestructible/]: efn:biped/yamato/biped_hitback_1 can't be recognized
[06Jun2026 05:47:01.114] [main/WARN] [indestructible/]: efn:biped/yamato/biped_hitback_1 can't be recognized
[06Jun2026 05:47:01.114] [main/WARN] [indestructible/]: efn:biped/yamato/biped_hitback_1 can't be recognized
[06Jun2026 05:47:01.114] [main/WARN] [indestructible/]: efn:biped/yamato/biped_hitback_1 can't be recognized
[06Jun2026 05:47:01.114] [main/WARN] [indestructible/]: efn:biped/yamato/biped_hitback_1 can't be recognized
[06Jun2026 05:47:01.114] [main/WARN] [indestructible/]: efn:biped/yamato/biped_hitback_1 can't be recognized
[06Jun2026 05:47:01.114] [main/WARN] [indestructible/]: efn:biped/yamato/biped_hitback_1 can't be recognized
[06Jun2026 05:47:01.115] [main/WARN] [indestructible/]: efn:biped/yamato/biped_hitback_1 can't be recognized
[06Jun2026 05:47:01.115] [main/WARN] [indestructible/]: efn:biped/nf_sword/nf_sword_skill can't be recognized
[06Jun2026 05:47:01.116] [main/WARN] [indestructible/]: efn:biped/yamato/biped_hitback_1 can't be recognized
[06Jun2026 05:47:01.116] [main/WARN] [indestructible/]: efn:biped/yamato/biped_hitback_1 can't be recognized
[06Jun2026 05:47:01.116] [main/WARN] [indestructible/]: efn:biped/yamato/biped_hitback_1 can't be recognized
[06Jun2026 05:47:01.116] [main/WARN] [indestructible/]: efn:biped/yamato/biped_hitback_1 can't be recognized
[06Jun2026 05:47:01.116] [main/WARN] [indestructible/]: efn:biped/yamato/biped_hitback_1 can't be recognized
[06Jun2026 05:47:01.116] [main/WARN] [indestructible/]: efn:biped/yamato/biped_hitback_1 can't be recognized
[06Jun2026 05:47:01.116] [main/WARN] [indestructible/]: efn:biped/yamato/biped_hitback_1 can't be recognized
[06Jun2026 05:47:01.117] [main/WARN] [indestructible/]: efn:biped/yamato/biped_hitback_1 can't be recognized
[06Jun2026 05:47:01.117] [main/WARN] [indestructible/]: efn:biped/yamato/biped_hitback_1 can't be recognized
[06Jun2026 05:47:01.117] [main/WARN] [indestructible/]: efn:biped/yamato/biped_hitback_1 can't be recognized
[06Jun2026 05:47:01.117] [main/WARN] [indestructible/]: efn:biped/yamato/biped_hitback_1 can't be recognized
[06Jun2026 05:47:01.117] [main/WARN] [indestructible/]: efn:biped/yamato/biped_hitback_1 can't be recognized
[06Jun2026 05:47:01.117] [main/WARN] [indestructible/]: efn:biped/yamato/biped_hitback_1 can't be recognized
[06Jun2026 05:47:01.117] [main/WARN] [indestructible/]: efn:biped/yamato/biped_hitback_1 can't be recognized
[06Jun2026 05:47:01.118] [main/WARN] [indestructible/]: efn:biped/yamato/biped_hitback_1 can't be recognized
[06Jun2026 05:47:01.131] [main/WARN] [indestructible/]: epicfight:biped/skill/guard_sword_hit_active1 can't be recognized
[06Jun2026 05:47:01.131] [main/WARN] [indestructible/]: epicfight:biped/skill/guard_sword_hit_active2 can't be recognized
[06Jun2026 05:47:01.131] [main/WARN] [indestructible/]: epicfight:biped/skill/guard_sword_hit_active1 can't be recognized
[06Jun2026 05:47:01.151] [main/WARN] [indestructible/]: efn:biped/yamato/biped_hitback_1 can't be recognized
[06Jun2026 05:47:01.151] [main/WARN] [indestructible/]: epicfightx:biped/skill/revelation_normal can't be recognized
[06Jun2026 05:47:01.152] [main/WARN] [indestructible/]: efn:biped/yamato/biped_hitback_1 can't be recognized
[06Jun2026 05:47:01.152] [main/WARN] [indestructible/]: efn:biped/yamato/biped_hitback_1 can't be recognized
[06Jun2026 05:47:01.152] [main/WARN] [indestructible/]: efn:biped/yamato/biped_hitback_1 can't be recognized
[06Jun2026 05:47:01.152] [main/WARN] [indestructible/]: efn:biped/yamato/biped_hitback_1 can't be recognized
[06Jun2026 05:47:01.152] [main/WARN] [indestructible/]: efn:biped/yamato/biped_hitback_1 can't be recognized
[06Jun2026 05:47:01.152] [main/WARN] [indestructible/]: efn:biped/yamato/biped_hitback_1 can't be recognized
[06Jun2026 05:47:01.152] [main/WARN] [indestructible/]: efn:biped/yamato/biped_hitback_1 can't be recognized
[06Jun2026 05:47:01.153] [main/WARN] [indestructible/]: efn:biped/yamato/biped_hitback_1 can't be recognized
[06Jun2026 05:47:01.153] [main/WARN] [indestructible/]: efn:biped/ng_greatsword/ng_great_skill_clash can't be recognized
[06Jun2026 05:47:01.153] [main/WARN] [indestructible/]: efn:biped/yamato/biped_hitback_1 can't be recognized
[06Jun2026 05:47:01.153] [main/WARN] [indestructible/]: efn:biped/yamato/biped_hitback_1 can't be recognized
[06Jun2026 05:47:01.153] [main/WARN] [indestructible/]: efn:biped/yamato/biped_hitback_1 can't be recognized
[06Jun2026 05:47:01.153] [main/WARN] [indestructible/]: efn:biped/yamato/biped_hitback_1 can't be recognized
[06Jun2026 05:47:01.153] [main/WARN] [indestructible/]: efn:biped/yamato/biped_hitback_1 can't be recognized
[06Jun2026 05:47:01.153] [main/WARN] [indestructible/]: efn:biped/yamato/biped_hitback_1 can't be recognized
[06Jun2026 05:47:01.153] [main/WARN] [indestructible/]: efn:biped/yamato/biped_hitback_1 can't be recognized
[06Jun2026 05:47:01.154] [main/WARN] [indestructible/]: efn:biped/yamato/biped_hitback_1 can't be recognized
[06Jun2026 05:47:01.154] [main/WARN] [indestructible/]: efn:biped/nf_meen/nf_meen_auto4 can't be recognized
[06Jun2026 05:47:01.154] [main/WARN] [indestructible/]: efn:biped/yamato/biped_hitback_1 can't be recognized
[06Jun2026 05:47:01.154] [main/WARN] [indestructible/]: efn:biped/yamato/biped_hitback_1 can't be recognized
[06Jun2026 05:47:01.154] [main/WARN] [indestructible/]: efn:biped/yamato/biped_hitback_1 can't be recognized
[06Jun2026 05:47:01.154] [main/WARN] [indestructible/]: efn:biped/yamato/biped_hitback_1 can't be recognized
[06Jun2026 05:47:01.154] [main/WARN] [indestructible/]: efn:biped/yamato/biped_hitback_1 can't be recognized
[06Jun2026 05:47:01.154] [main/WARN] [indestructible/]: efn:biped/yamato/biped_hitback_1 can't be recognized
[06Jun2026 05:47:01.155] [main/WARN] [indestructible/]: efn:biped/yamato/biped_hitback_1 can't be recognized
[06Jun2026 05:47:01.155] [main/WARN] [indestructible/]: efn:biped/yamato/biped_hitback_1 can't be recognized
[06Jun2026 05:47:01.155] [main/WARN] [indestructible/]: efn:biped/nf_tachi/nf_tachi_bloodlust_end can't be recognized
[06Jun2026 05:47:01.155] [main/WARN] [indestructible/]: efn:biped/yamato/biped_hitback_1 can't be recognized
[06Jun2026 05:47:01.155] [main/WARN] [indestructible/]: efn:biped/yamato/biped_hitback_1 can't be recognized
[06Jun2026 05:47:01.155] [main/WARN] [indestructible/]: efn:biped/yamato/biped_hitback_1 can't be recognized
[06Jun2026 05:47:01.155] [main/WARN] [indestructible/]: efn:biped/yamato/biped_hitback_1 can't be recognized
[06Jun2026 05:47:01.155] [main/WARN] [indestructible/]: efn:biped/yamato/biped_hitback_1 can't be recognized
[06Jun2026 05:47:01.156] [main/WARN] [indestructible/]: efn:biped/yamato/biped_hitback_1 can't be recognized
[06Jun2026 05:47:01.156] [main/WARN] [indestructible/]: efn:biped/yamato/biped_hitback_1 can't be recognized
[06Jun2026 05:47:01.156] [main/WARN] [indestructible/]: epicfightx:biped/combat/uchigatana_sheath_dash can't be recognized
[06Jun2026 05:47:01.156] [main/WARN] [indestructible/]: efn:biped/yamato/biped_hitback_1 can't be recognized
[06Jun2026 05:47:01.156] [main/WARN] [indestructible/]: efn:biped/yamato/biped_hitback_1 can't be recognized
[06Jun2026 05:47:01.156] [main/WARN] [indestructible/]: efn:biped/yamato/biped_hitback_1 can't be recognized
[06Jun2026 05:47:01.156] [main/WARN] [indestructible/]: efn:biped/yamato/biped_hitback_1 can't be recognized
[06Jun2026 05:47:01.156] [main/WARN] [indestructible/]: efn:biped/yamato/biped_hitback_1 can't be recognized
[06Jun2026 05:47:01.157] [main/WARN] [indestructible/]: efn:biped/yamato/biped_hitback_1 can't be recognized
[06Jun2026 05:47:01.157] [main/WARN] [indestructible/]: efn:biped/yamato/biped_hitback_1 can't be recognized
[06Jun2026 05:47:01.157] [main/WARN] [indestructible/]: efn:biped/yamato/biped_hitback_1 can't be recognized
[06Jun2026 05:47:01.157] [main/WARN] [indestructible/]: epicfightx:biped/combat/dagger_airslash can't be recognized
[06Jun2026 05:47:01.157] [main/WARN] [indestructible/]: efn:biped/yamato/biped_hitback_1 can't be recognized
[06Jun2026 05:47:01.157] [main/WARN] [indestructible/]: efn:biped/yamato/biped_hitback_1 can't be recognized
[06Jun2026 05:47:01.157] [main/WARN] [indestructible/]: efn:biped/yamato/biped_hitback_1 can't be recognized
[06Jun2026 05:47:01.157] [main/WARN] [indestructible/]: efn:biped/yamato/biped_hitback_1 can't be recognized
[06Jun2026 05:47:01.157] [main/WARN] [indestructible/]: efn:biped/yamato/biped_hitback_1 can't be recognized
[06Jun2026 05:47:01.158] [main/WARN] [indestructible/]: efn:biped/yamato/biped_hitback_1 can't be recognized
[06Jun2026 05:47:01.158] [main/WARN] [indestructible/]: efn:biped/yamato/biped_hitback_1 can't be recognized
[06Jun2026 05:47:01.158] [main/WARN] [indestructible/]: epicfightx:biped/combat/dagger_dual_dash can't be recognized
[06Jun2026 05:47:01.158] [main/WARN] [indestructible/]: efn:biped/yamato/biped_hitback_1 can't be recognized
[06Jun2026 05:47:01.158] [main/WARN] [indestructible/]: efn:biped/yamato/biped_hitback_1 can't be recognized
[06Jun2026 05:47:01.158] [main/WARN] [indestructible/]: efn:biped/yamato/biped_hitback_1 can't be recognized
[06Jun2026 05:47:01.158] [main/WARN] [indestructible/]: efn:biped/yamato/biped_hitback_1 can't be recognized
[06Jun2026 05:47:01.158] [main/WARN] [indestructible/]: efn:biped/yamato/biped_hitback_1 can't be recognized
[06Jun2026 05:47:01.159] [main/WARN] [indestructible/]: efn:biped/yamato/biped_hitback_1 can't be recognized
[06Jun2026 05:47:01.159] [main/WARN] [indestructible/]: efn:biped/yamato/biped_hitback_1 can't be recognized
[06Jun2026 05:47:01.159] [main/WARN] [indestructible/]: epicfightx:biped/skill/dancing_edge can't be recognized
[06Jun2026 05:47:01.159] [main/WARN] [indestructible/]: efn:biped/yamato/biped_hitback_1 can't be recognized
[06Jun2026 05:47:01.159] [main/WARN] [indestructible/]: efn:biped/yamato/biped_hitback_1 can't be recognized
[06Jun2026 05:47:01.159] [main/WARN] [indestructible/]: efn:biped/yamato/biped_hitback_1 can't be recognized
[06Jun2026 05:47:01.159] [main/WARN] [indestructible/]: efn:biped/yamato/biped_hitback_1 can't be recognized
[06Jun2026 05:47:01.159] [main/WARN] [indestructible/]: efn:biped/yamato/biped_hitback_1 can't be recognized
[06Jun2026 05:47:01.160] [main/WARN] [indestructible/]: efn:biped/yamato/biped_hitback_1 can't be recognized
[06Jun2026 05:47:01.160] [main/WARN] [indestructible/]: efn:biped/yamato/biped_hitback_1 can't be recognized
[06Jun2026 05:47:01.160] [main/WARN] [indestructible/]: efn:biped/yamato/biped_hitback_air can't be recognized
[06Jun2026 05:47:01.160] [main/WARN] [indestructible/]: efn:biped/nf_claw/nf_claw_auto3 can't be recognized
[06Jun2026 05:47:01.160] [main/WARN] [indestructible/]: efn:biped/yamato/biped_hitback_1 can't be recognized
[06Jun2026 05:47:01.160] [main/WARN] [indestructible/]: efn:biped/yamato/biped_hitback_1 can't be recognized
[06Jun2026 05:47:01.161] [main/WARN] [indestructible/]: efn:biped/yamato/biped_hitback_1 can't be recognized
[06Jun2026 05:47:01.161] [main/WARN] [indestructible/]: efn:biped/yamato/biped_hitback_1 can't be recognized
[06Jun2026 05:47:01.161] [main/WARN] [indestructible/]: efn:biped/yamato/biped_hitback_1 can't be recognized
[06Jun2026 05:47:01.161] [main/WARN] [indestructible/]: efn:biped/yamato/biped_hitback_1 can't be recognized
[06Jun2026 05:47:01.161] [main/WARN] [indestructible/]: efn:biped/yamato/biped_hitback_1 can't be recognized
[06Jun2026 05:47:01.161] [main/WARN] [indestructible/]: efn:biped/yamato/biped_hitback_1 can't be recognized
[06Jun2026 05:47:01.161] [main/WARN] [indestructible/]: efn:biped/nf_sword/nf_sword_skill can't be recognized
[06Jun2026 05:47:01.162] [main/WARN] [indestructible/]: efn:biped/yamato/biped_hitback_1 can't be recognized
[06Jun2026 05:47:01.162] [main/WARN] [indestructible/]: efn:biped/yamato/biped_hitback_1 can't be recognized
[06Jun2026 05:47:01.162] [main/WARN] [indestructible/]: efn:biped/yamato/biped_hitback_1 can't be recognized
[06Jun2026 05:47:01.162] [main/WARN] [indestructible/]: efn:biped/yamato/biped_hitback_1 can't be recognized
[06Jun2026 05:47:01.162] [main/WARN] [indestructible/]: efn:biped/yamato/biped_hitback_1 can't be recognized
[06Jun2026 05:47:01.162] [main/WARN] [indestructible/]: efn:biped/yamato/biped_hitback_1 can't be recognized
[06Jun2026 05:47:01.162] [main/WARN] [indestructible/]: efn:biped/yamato/biped_hitback_1 can't be recognized
[06Jun2026 05:47:01.162] [main/WARN] [indestructible/]: efn:biped/yamato/biped_hitback_1 can't be recognized
[06Jun2026 05:47:01.163] [main/WARN] [indestructible/]: efn:biped/yamato/biped_hitback_1 can't be recognized
[06Jun2026 05:47:01.163] [main/WARN] [indestructible/]: efn:biped/yamato/biped_hitback_1 can't be recognized
[06Jun2026 05:47:01.163] [main/WARN] [indestructible/]: efn:biped/yamato/biped_hitback_1 can't be recognized
[06Jun2026 05:47:01.163] [main/WARN] [indestructible/]: efn:biped/yamato/biped_hitback_1 can't be recognized
[06Jun2026 05:47:01.163] [main/WARN] [indestructible/]: efn:biped/yamato/biped_hitback_1 can't be recognized
[06Jun2026 05:47:01.163] [main/WARN] [indestructible/]: efn:biped/yamato/biped_hitback_1 can't be recognized
[06Jun2026 05:47:01.163] [main/WARN] [indestructible/]: efn:biped/yamato/biped_hitback_1 can't be recognized
[06Jun2026 05:47:01.174] [main/WARN] [indestructible/]: efn:biped/yamato/biped_hitback_1 can't be recognized
[06Jun2026 05:47:01.174] [main/WARN] [indestructible/]: epicfightx:biped/skill/revelation_normal can't be recognized
[06Jun2026 05:47:01.174] [main/WARN] [indestructible/]: efn:biped/yamato/biped_hitback_1 can't be recognized
[06Jun2026 05:47:01.174] [main/WARN] [indestructible/]: efn:biped/yamato/biped_hitback_1 can't be recognized
[06Jun2026 05:47:01.174] [main/WARN] [indestructible/]: efn:biped/yamato/biped_hitback_1 can't be recognized
[06Jun2026 05:47:01.175] [main/WARN] [indestructible/]: efn:biped/yamato/biped_hitback_1 can't be recognized
[06Jun2026 05:47:01.175] [main/WARN] [indestructible/]: efn:biped/yamato/biped_hitback_1 can't be recognized
[06Jun2026 05:47:01.175] [main/WARN] [indestructible/]: efn:biped/yamato/biped_hitback_1 can't be recognized
[06Jun2026 05:47:01.175] [main/WARN] [indestructible/]: efn:biped/yamato/biped_hitback_1 can't be recognized
[06Jun2026 05:47:01.175] [main/WARN] [indestructible/]: efn:biped/yamato/biped_hitback_1 can't be recognized
[06Jun2026 05:47:01.175] [main/WARN] [indestructible/]: efn:biped/ng_greatsword/ng_great_skill_clash can't be recognized
[06Jun2026 05:47:01.175] [main/WARN] [indestructible/]: efn:biped/yamato/biped_hitback_1 can't be recognized
[06Jun2026 05:47:01.175] [main/WARN] [indestructible/]: efn:biped/yamato/biped_hitback_1 can't be recognized
[06Jun2026 05:47:01.176] [main/WARN] [indestructible/]: efn:biped/yamato/biped_hitback_1 can't be recognized
[06Jun2026 05:47:01.176] [main/WARN] [indestructible/]: efn:biped/yamato/biped_hitback_1 can't be recognized
[06Jun2026 05:47:01.176] [main/WARN] [indestructible/]: efn:biped/yamato/biped_hitback_1 can't be recognized
[06Jun2026 05:47:01.176] [main/WARN] [indestructible/]: efn:biped/yamato/biped_hitback_1 can't be recognized
[06Jun2026 05:47:01.176] [main/WARN] [indestructible/]: efn:biped/yamato/biped_hitback_1 can't be recognized
[06Jun2026 05:47:01.176] [main/WARN] [indestructible/]: efn:biped/yamato/biped_hitback_1 can't be recognized
[06Jun2026 05:47:01.176] [main/WARN] [indestructible/]: efn:biped/nf_meen/nf_meen_auto4 can't be recognized
[06Jun2026 05:47:01.177] [main/WARN] [indestructible/]: efn:biped/yamato/biped_hitback_1 can't be recognized
[06Jun2026 05:47:01.177] [main/WARN] [indestructible/]: efn:biped/yamato/biped_hitback_1 can't be recognized
[06Jun2026 05:47:01.177] [main/WARN] [indestructible/]: efn:biped/yamato/biped_hitback_1 can't be recognized
[06Jun2026 05:47:01.177] [main/WARN] [indestructible/]: efn:biped/yamato/biped_hitback_1 can't be recognized
[06Jun2026 05:47:01.177] [main/WARN] [indestructible/]: efn:biped/yamato/biped_hitback_1 can't be recognized
[06Jun2026 05:47:01.177] [main/WARN] [indestructible/]: efn:biped/yamato/biped_hitback_1 can't be recognized
[06Jun2026 05:47:01.177] [main/WARN] [indestructible/]: efn:biped/yamato/biped_hitback_1 can't be recognized
[06Jun2026 05:47:01.177] [main/WARN] [indestructible/]: efn:biped/yamato/biped_hitback_1 can't be recognized
[06Jun2026 05:47:01.177] [main/WARN] [indestructible/]: efn:biped/nf_tachi/nf_tachi_bloodlust_end can't be recognized
[06Jun2026 05:47:01.178] [main/WARN] [indestructible/]: efn:biped/yamato/biped_hitback_1 can't be recognized
[06Jun2026 05:47:01.178] [main/WARN] [indestructible/]: efn:biped/yamato/biped_hitback_1 can't be recognized
[06Jun2026 05:47:01.178] [main/WARN] [indestructible/]: efn:biped/yamato/biped_hitback_1 can't be recognized
[06Jun2026 05:47:01.178] [main/WARN] [indestructible/]: efn:biped/yamato/biped_hitback_1 can't be recognized
[06Jun2026 05:47:01.178] [main/WARN] [indestructible/]: efn:biped/yamato/biped_hitback_1 can't be recognized
[06Jun2026 05:47:01.178] [main/WARN] [indestructible/]: efn:biped/yamato/biped_hitback_1 can't be recognized
[06Jun2026 05:47:01.178] [main/WARN] [indestructible/]: efn:biped/yamato/biped_hitback_1 can't be recognized
[06Jun2026 05:47:01.178] [main/WARN] [indestructible/]: epicfightx:biped/combat/uchigatana_sheath_dash can't be recognized
[06Jun2026 05:47:01.179] [main/WARN] [indestructible/]: efn:biped/yamato/biped_hitback_1 can't be recognized
[06Jun2026 05:47:01.179] [main/WARN] [indestructible/]: efn:biped/yamato/biped_hitback_1 can't be recognized
[06Jun2026 05:47:01.179] [main/WARN] [indestructible/]: efn:biped/yamato/biped_hitback_1 can't be recognized
[06Jun2026 05:47:01.179] [main/WARN] [indestructible/]: efn:biped/yamato/biped_hitback_1 can't be recognized
[06Jun2026 05:47:01.179] [main/WARN] [indestructible/]: efn:biped/yamato/biped_hitback_1 can't be recognized
[06Jun2026 05:47:01.179] [main/WARN] [indestructible/]: efn:biped/yamato/biped_hitback_1 can't be recognized
[06Jun2026 05:47:01.179] [main/WARN] [indestructible/]: efn:biped/yamato/biped_hitback_1 can't be recognized
[06Jun2026 05:47:01.179] [main/WARN] [indestructible/]: efn:biped/yamato/biped_hitback_1 can't be recognized
[06Jun2026 05:47:01.179] [main/WARN] [indestructible/]: epicfightx:biped/combat/dagger_airslash can't be recognized
[06Jun2026 05:47:01.180] [main/WARN] [indestructible/]: efn:biped/yamato/biped_hitback_1 can't be recognized
[06Jun2026 05:47:01.180] [main/WARN] [indestructible/]: efn:biped/yamato/biped_hitback_1 can't be recognized
[06Jun2026 05:47:01.180] [main/WARN] [indestructible/]: efn:biped/yamato/biped_hitback_1 can't be recognized
[06Jun2026 05:47:01.180] [main/WARN] [indestructible/]: efn:biped/yamato/biped_hitback_1 can't be recognized
[06Jun2026 05:47:01.180] [main/WARN] [indestructible/]: efn:biped/yamato/biped_hitback_1 can't be recognized
[06Jun2026 05:47:01.180] [main/WARN] [indestructible/]: efn:biped/yamato/biped_hitback_1 can't be recognized
[06Jun2026 05:47:01.180] [main/WARN] [indestructible/]: efn:biped/yamato/biped_hitback_1 can't be recognized
[06Jun2026 05:47:01.180] [main/WARN] [indestructible/]: epicfightx:biped/combat/dagger_dual_dash can't be recognized
[06Jun2026 05:47:01.181] [main/WARN] [indestructible/]: efn:biped/yamato/biped_hitback_1 can't be recognized
[06Jun2026 05:47:01.181] [main/WARN] [indestructible/]: efn:biped/yamato/biped_hitback_1 can't be recognized
[06Jun2026 05:47:01.181] [main/WARN] [indestructible/]: efn:biped/yamato/biped_hitback_1 can't be recognized
[06Jun2026 05:47:01.181] [main/WARN] [indestructible/]: efn:biped/yamato/biped_hitback_1 can't be recognized
[06Jun2026 05:47:01.181] [main/WARN] [indestructible/]: efn:biped/yamato/biped_hitback_1 can't be recognized
[06Jun2026 05:47:01.181] [main/WARN] [indestructible/]: efn:biped/yamato/biped_hitback_1 can't be recognized
[06Jun2026 05:47:01.181] [main/WARN] [indestructible/]: efn:biped/yamato/biped_hitback_1 can't be recognized
[06Jun2026 05:47:01.181] [main/WARN] [indestructible/]: epicfightx:biped/skill/dancing_edge can't be recognized
[06Jun2026 05:47:01.182] [main/WARN] [indestructible/]: efn:biped/yamato/biped_hitback_1 can't be recognized
[06Jun2026 05:47:01.182] [main/WARN] [indestructible/]: efn:biped/yamato/biped_hitback_1 can't be recognized
[06Jun2026 05:47:01.182] [main/WARN] [indestructible/]: efn:biped/yamato/biped_hitback_1 can't be recognized
[06Jun2026 05:47:01.182] [main/WARN] [indestructible/]: efn:biped/yamato/biped_hitback_1 can't be recognized
[06Jun2026 05:47:01.182] [main/WARN] [indestructible/]: efn:biped/yamato/biped_hitback_1 can't be recognized
[06Jun2026 05:47:01.182] [main/WARN] [indestructible/]: efn:biped/yamato/biped_hitback_1 can't be recognized
[06Jun2026 05:47:01.182] [main/WARN] [indestructible/]: efn:biped/yamato/biped_hitback_1 can't be recognized
[06Jun2026 05:47:01.182] [main/WARN] [indestructible/]: efn:biped/yamato/biped_hitback_air can't be recognized
[06Jun2026 05:47:01.183] [main/WARN] [indestructible/]: efn:biped/nf_claw/nf_claw_auto3 can't be recognized
[06Jun2026 05:47:01.183] [main/WARN] [indestructible/]: efn:biped/yamato/biped_hitback_1 can't be recognized
[06Jun2026 05:47:01.183] [main/WARN] [indestructible/]: efn:biped/yamato/biped_hitback_1 can't be recognized
[06Jun2026 05:47:01.183] [main/WARN] [indestructible/]: efn:biped/yamato/biped_hitback_1 can't be recognized
[06Jun2026 05:47:01.183] [main/WARN] [indestructible/]: efn:biped/yamato/biped_hitback_1 can't be recognized
[06Jun2026 05:47:01.183] [main/WARN] [indestructible/]: efn:biped/yamato/biped_hitback_1 can't be recognized
[06Jun2026 05:47:01.183] [main/WARN] [indestructible/]: efn:biped/yamato/biped_hitback_1 can't be recognized
[06Jun2026 05:47:01.183] [main/WARN] [indestructible/]: efn:biped/yamato/biped_hitback_1 can't be recognized
[06Jun2026 05:47:01.184] [main/WARN] [indestructible/]: efn:biped/yamato/biped_hitback_1 can't be recognized
[06Jun2026 05:47:01.184] [main/WARN] [indestructible/]: efn:biped/nf_sword/nf_sword_skill can't be recognized
[06Jun2026 05:47:01.184] [main/WARN] [indestructible/]: efn:biped/yamato/biped_hitback_1 can't be recognized
[06Jun2026 05:47:01.184] [main/WARN] [indestructible/]: efn:biped/yamato/biped_hitback_1 can't be recognized
[06Jun2026 05:47:01.184] [main/WARN] [indestructible/]: efn:biped/yamato/biped_hitback_1 can't be recognized
[06Jun2026 05:47:01.184] [main/WARN] [indestructible/]: efn:biped/yamato/biped_hitback_1 can't be recognized
[06Jun2026 05:47:01.184] [main/WARN] [indestructible/]: efn:biped/yamato/biped_hitback_1 can't be recognized
[06Jun2026 05:47:01.184] [main/WARN] [indestructible/]: efn:biped/yamato/biped_hitback_1 can't be recognized
[06Jun2026 05:47:01.184] [main/WARN] [indestructible/]: efn:biped/yamato/biped_hitback_1 can't be recognized
[06Jun2026 05:47:01.185] [main/WARN] [indestructible/]: efn:biped/yamato/biped_hitback_1 can't be recognized
[06Jun2026 05:47:01.185] [main/WARN] [indestructible/]: efn:biped/yamato/biped_hitback_1 can't be recognized
[06Jun2026 05:47:01.185] [main/WARN] [indestructible/]: efn:biped/yamato/biped_hitback_1 can't be recognized
[06Jun2026 05:47:01.185] [main/WARN] [indestructible/]: efn:biped/yamato/biped_hitback_1 can't be recognized
[06Jun2026 05:47:01.185] [main/WARN] [indestructible/]: efn:biped/yamato/biped_hitback_1 can't be recognized
[06Jun2026 05:47:01.185] [main/WARN] [indestructible/]: efn:biped/yamato/biped_hitback_1 can't be recognized
[06Jun2026 05:47:01.185] [main/WARN] [indestructible/]: efn:biped/yamato/biped_hitback_1 can't be recognized
[06Jun2026 05:47:01.185] [main/WARN] [indestructible/]: efn:biped/yamato/biped_hitback_1 can't be recognized
[06Jun2026 05:47:01.201] [main/WARN] [indestructible/]: efn:biped/yamato/biped_hitback_1 can't be recognized
[06Jun2026 05:47:01.202] [main/WARN] [indestructible/]: epicfightx:biped/skill/revelation_normal can't be recognized
[06Jun2026 05:47:01.202] [main/WARN] [indestructible/]: efn:biped/yamato/biped_hitback_1 can't be recognized
[06Jun2026 05:47:01.202] [main/WARN] [indestructible/]: efn:biped/yamato/biped_hitback_1 can't be recognized
[06Jun2026 05:47:01.202] [main/WARN] [indestructible/]: efn:biped/yamato/biped_hitback_1 can't be recognized
[06Jun2026 05:47:01.202] [main/WARN] [indestructible/]: efn:biped/yamato/biped_hitback_1 can't be recognized
[06Jun2026 05:47:01.202] [main/WARN] [indestructible/]: efn:biped/yamato/biped_hitback_1 can't be recognized
[06Jun2026 05:47:01.202] [main/WARN] [indestructible/]: efn:biped/yamato/biped_hitback_1 can't be recognized
[06Jun2026 05:47:01.202] [main/WARN] [indestructible/]: efn:biped/yamato/biped_hitback_1 can't be recognized
[06Jun2026 05:47:01.203] [main/WARN] [indestructible/]: efn:biped/yamato/biped_hitback_1 can't be recognized
[06Jun2026 05:47:01.203] [main/WARN] [indestructible/]: efn:biped/ng_greatsword/ng_great_skill_clash can't be recognized
[06Jun2026 05:47:01.203] [main/WARN] [indestructible/]: efn:biped/yamato/biped_hitback_1 can't be recognized
[06Jun2026 05:47:01.203] [main/WARN] [indestructible/]: efn:biped/yamato/biped_hitback_1 can't be recognized
[06Jun2026 05:47:01.203] [main/WARN] [indestructible/]: efn:biped/yamato/biped_hitback_1 can't be recognized
[06Jun2026 05:47:01.203] [main/WARN] [indestructible/]: efn:biped/yamato/biped_hitback_1 can't be recognized
[06Jun2026 05:47:01.203] [main/WARN] [indestructible/]: efn:biped/yamato/biped_hitback_1 can't be recognized
[06Jun2026 05:47:01.203] [main/WARN] [indestructible/]: efn:biped/yamato/biped_hitback_1 can't be recognized
[06Jun2026 05:47:01.204] [main/WARN] [indestructible/]: efn:biped/yamato/biped_hitback_1 can't be recognized
[06Jun2026 05:47:01.204] [main/WARN] [indestructible/]: efn:biped/yamato/biped_hitback_1 can't be recognized
[06Jun2026 05:47:01.204] [main/WARN] [indestructible/]: efn:biped/nf_meen/nf_meen_auto4 can't be recognized
[06Jun2026 05:47:01.204] [main/WARN] [indestructible/]: efn:biped/yamato/biped_hitback_1 can't be recognized
[06Jun2026 05:47:01.204] [main/WARN] [indestructible/]: efn:biped/yamato/biped_hitback_1 can't be recognized
[06Jun2026 05:47:01.204] [main/WARN] [indestructible/]: efn:biped/yamato/biped_hitback_1 can't be recognized
[06Jun2026 05:47:01.204] [main/WARN] [indestructible/]: efn:biped/yamato/biped_hitback_1 can't be recognized
[06Jun2026 05:47:01.204] [main/WARN] [indestructible/]: efn:biped/yamato/biped_hitback_1 can't be recognized
[06Jun2026 05:47:01.205] [main/WARN] [indestructible/]: efn:biped/yamato/biped_hitback_1 can't be recognized
[06Jun2026 05:47:01.205] [main/WARN] [indestructible/]: efn:biped/yamato/biped_hitback_1 can't be recognized
[06Jun2026 05:47:01.205] [main/WARN] [indestructible/]: efn:biped/yamato/biped_hitback_1 can't be recognized
[06Jun2026 05:47:01.205] [main/WARN] [indestructible/]: efn:biped/nf_tachi/nf_tachi_bloodlust_end can't be recognized
[06Jun2026 05:47:01.205] [main/WARN] [indestructible/]: efn:biped/yamato/biped_hitback_1 can't be recognized
[06Jun2026 05:47:01.205] [main/WARN] [indestructible/]: efn:biped/yamato/biped_hitback_1 can't be recognized
[06Jun2026 05:47:01.205] [main/WARN] [indestructible/]: efn:biped/yamato/biped_hitback_1 can't be recognized
[06Jun2026 05:47:01.205] [main/WARN] [indestructible/]: efn:biped/yamato/biped_hitback_1 can't be recognized
[06Jun2026 05:47:01.206] [main/WARN] [indestructible/]: efn:biped/yamato/biped_hitback_1 can't be recognized
[06Jun2026 05:47:01.206] [main/WARN] [indestructible/]: efn:biped/yamato/biped_hitback_1 can't be recognized
[06Jun2026 05:47:01.206] [main/WARN] [indestructible/]: efn:biped/yamato/biped_hitback_1 can't be recognized
[06Jun2026 05:47:01.206] [main/WARN] [indestructible/]: epicfightx:biped/combat/uchigatana_sheath_dash can't be recognized
[06Jun2026 05:47:01.206] [main/WARN] [indestructible/]: efn:biped/yamato/biped_hitback_1 can't be recognized
[06Jun2026 05:47:01.206] [main/WARN] [indestructible/]: efn:biped/yamato/biped_hitback_1 can't be recognized
[06Jun2026 05:47:01.206] [main/WARN] [indestructible/]: efn:biped/yamato/biped_hitback_1 can't be recognized
[06Jun2026 05:47:01.206] [main/WARN] [indestructible/]: efn:biped/yamato/biped_hitback_1 can't be recognized
[06Jun2026 05:47:01.207] [main/WARN] [indestructible/]: efn:biped/yamato/biped_hitback_1 can't be recognized
[06Jun2026 05:47:01.207] [main/WARN] [indestructible/]: efn:biped/yamato/biped_hitback_1 can't be recognized
[06Jun2026 05:47:01.207] [main/WARN] [indestructible/]: efn:biped/yamato/biped_hitback_1 can't be recognized
[06Jun2026 05:47:01.207] [main/WARN] [indestructible/]: efn:biped/yamato/biped_hitback_1 can't be recognized
[06Jun2026 05:47:01.207] [main/WARN] [indestructible/]: epicfightx:biped/combat/dagger_airslash can't be recognized
[06Jun2026 05:47:01.207] [main/WARN] [indestructible/]: efn:biped/yamato/biped_hitback_1 can't be recognized
[06Jun2026 05:47:01.207] [main/WARN] [indestructible/]: efn:biped/yamato/biped_hitback_1 can't be recognized
[06Jun2026 05:47:01.207] [main/WARN] [indestructible/]: efn:biped/yamato/biped_hitback_1 can't be recognized
[06Jun2026 05:47:01.208] [main/WARN] [indestructible/]: efn:biped/yamato/biped_hitback_1 can't be recognized
[06Jun2026 05:47:01.208] [main/WARN] [indestructible/]: efn:biped/yamato/biped_hitback_1 can't be recognized
[06Jun2026 05:47:01.208] [main/WARN] [indestructible/]: efn:biped/yamato/biped_hitback_1 can't be recognized
[06Jun2026 05:47:01.208] [main/WARN] [indestructible/]: efn:biped/yamato/biped_hitback_1 can't be recognized
[06Jun2026 05:47:01.208] [main/WARN] [indestructible/]: epicfightx:biped/combat/dagger_dual_dash can't be recognized
[06Jun2026 05:47:01.208] [main/WARN] [indestructible/]: efn:biped/yamato/biped_hitback_1 can't be recognized
[06Jun2026 05:47:01.208] [main/WARN] [indestructible/]: efn:biped/yamato/biped_hitback_1 can't be recognized
[06Jun2026 05:47:01.208] [main/WARN] [indestructible/]: efn:biped/yamato/biped_hitback_1 can't be recognized
[06Jun2026 05:47:01.209] [main/WARN] [indestructible/]: efn:biped/yamato/biped_hitback_1 can't be recognized
[06Jun2026 05:47:01.209] [main/WARN] [indestructible/]: efn:biped/yamato/biped_hitback_1 can't be recognized
[06Jun2026 05:47:01.209] [main/WARN] [indestructible/]: efn:biped/yamato/biped_hitback_1 can't be recognized
[06Jun2026 05:47:01.209] [main/WARN] [indestructible/]: efn:biped/yamato/biped_hitback_1 can't be recognized
[06Jun2026 05:47:01.209] [main/WARN] [indestructible/]: epicfightx:biped/skill/dancing_edge can't be recognized
[06Jun2026 05:47:01.209] [main/WARN] [indestructible/]: efn:biped/yamato/biped_hitback_1 can't be recognized
[06Jun2026 05:47:01.209] [main/WARN] [indestructible/]: efn:biped/yamato/biped_hitback_1 can't be recognized
[06Jun2026 05:47:01.209] [main/WARN] [indestructible/]: efn:biped/yamato/biped_hitback_1 can't be recognized
[06Jun2026 05:47:01.210] [main/WARN] [indestructible/]: efn:biped/yamato/biped_hitback_1 can't be recognized
[06Jun2026 05:47:01.210] [main/WARN] [indestructible/]: efn:biped/yamato/biped_hitback_1 can't be recognized
[06Jun2026 05:47:01.210] [main/WARN] [indestructible/]: efn:biped/yamato/biped_hitback_1 can't be recognized
[06Jun2026 05:47:01.210] [main/WARN] [indestructible/]: efn:biped/yamato/biped_hitback_1 can't be recognized
[06Jun2026 05:47:01.210] [main/WARN] [indestructible/]: efn:biped/yamato/biped_hitback_air can't be recognized
[06Jun2026 05:47:01.210] [main/WARN] [indestructible/]: efn:biped/nf_claw/nf_claw_auto3 can't be recognized
[06Jun2026 05:47:01.210] [main/WARN] [indestructible/]: efn:biped/yamato/biped_hitback_1 can't be recognized
[06Jun2026 05:47:01.211] [main/WARN] [indestructible/]: efn:biped/yamato/biped_hitback_1 can't be recognized
[06Jun2026 05:47:01.211] [main/WARN] [indestructible/]: efn:biped/yamato/biped_hitback_1 can't be recognized
[06Jun2026 05:47:01.211] [main/WARN] [indestructible/]: efn:biped/yamato/biped_hitback_1 can't be recognized
[06Jun2026 05:47:01.211] [main/WARN] [indestructible/]: efn:biped/yamato/biped_hitback_1 can't be recognized
[06Jun2026 05:47:01.211] [main/WARN] [indestructible/]: efn:biped/yamato/biped_hitback_1 can't be recognized
[06Jun2026 05:47:01.211] [main/WARN] [indestructible/]: efn:biped/yamato/biped_hitback_1 can't be recognized
[06Jun2026 05:47:01.211] [main/WARN] [indestructible/]: efn:biped/yamato/biped_hitback_1 can't be recognized
[06Jun2026 05:47:01.211] [main/WARN] [indestructible/]: efn:biped/nf_sword/nf_sword_skill can't be recognized
[06Jun2026 05:47:01.212] [main/WARN] [indestructible/]: efn:biped/yamato/biped_hitback_1 can't be recognized
[06Jun2026 05:47:01.212] [main/WARN] [indestructible/]: efn:biped/yamato/biped_hitback_1 can't be recognized
[06Jun2026 05:47:01.212] [main/WARN] [indestructible/]: efn:biped/yamato/biped_hitback_1 can't be recognized
[06Jun2026 05:47:01.212] [main/WARN] [indestructible/]: efn:biped/yamato/biped_hitback_1 can't be recognized
[06Jun2026 05:47:01.212] [main/WARN] [indestructible/]: efn:biped/yamato/biped_hitback_1 can't be recognized
[06Jun2026 05:47:01.212] [main/WARN] [indestructible/]: efn:biped/yamato/biped_hitback_1 can't be recognized
[06Jun2026 05:47:01.212] [main/WARN] [indestructible/]: efn:biped/yamato/biped_hitback_1 can't be recognized
[06Jun2026 05:47:01.212] [main/WARN] [indestructible/]: efn:biped/yamato/biped_hitback_1 can't be recognized
[06Jun2026 05:47:01.212] [main/WARN] [indestructible/]: efn:biped/yamato/biped_hitback_1 can't be recognized
[06Jun2026 05:47:01.213] [main/WARN] [indestructible/]: efn:biped/yamato/biped_hitback_1 can't be recognized
[06Jun2026 05:47:01.213] [main/WARN] [indestructible/]: efn:biped/yamato/biped_hitback_1 can't be recognized
[06Jun2026 05:47:01.213] [main/WARN] [indestructible/]: efn:biped/yamato/biped_hitback_1 can't be recognized
[06Jun2026 05:47:01.213] [main/WARN] [indestructible/]: efn:biped/yamato/biped_hitback_1 can't be recognized
[06Jun2026 05:47:01.213] [main/WARN] [indestructible/]: efn:biped/yamato/biped_hitback_1 can't be recognized
[06Jun2026 05:47:01.213] [main/WARN] [indestructible/]: efn:biped/yamato/biped_hitback_1 can't be recognized
[06Jun2026 05:47:01.214] [main/WARN] [indestructible/]: efn:biped/yamato/biped_hitback_1 can't be recognized
[06Jun2026 05:47:01.215] [main/WARN] [indestructible/]: efn:biped/nf_sword/nf_sword_skill can't be recognized
[06Jun2026 05:47:01.215] [main/WARN] [indestructible/]: efn:biped/yamato/biped_hitback_1 can't be recognized
[06Jun2026 05:47:01.231] [main/WARN] [indestructible/]: efn:biped/yamato/biped_hitback_1 can't be recognized
[06Jun2026 05:47:01.232] [main/WARN] [indestructible/]: epicfightx:biped/skill/revelation_normal can't be recognized
[06Jun2026 05:47:01.232] [main/WARN] [indestructible/]: efn:biped/yamato/biped_hitback_1 can't be recognized
[06Jun2026 05:47:01.232] [main/WARN] [indestructible/]: efn:biped/yamato/biped_hitback_1 can't be recognized
[06Jun2026 05:47:01.232] [main/WARN] [indestructible/]: efn:biped/yamato/biped_hitback_1 can't be recognized
[06Jun2026 05:47:01.232] [main/WARN] [indestructible/]: efn:biped/yamato/biped_hitback_1 can't be recognized
[06Jun2026 05:47:01.232] [main/WARN] [indestructible/]: efn:biped/yamato/biped_hitback_1 can't be recognized
[06Jun2026 05:47:01.232] [main/WARN] [indestructible/]: efn:biped/yamato/biped_hitback_1 can't be recognized
[06Jun2026 05:47:01.232] [main/WARN] [indestructible/]: efn:biped/yamato/biped_hitback_1 can't be recognized
[06Jun2026 05:47:01.233] [main/WARN] [indestructible/]: efn:biped/yamato/biped_hitback_1 can't be recognized
[06Jun2026 05:47:01.233] [main/WARN] [indestructible/]: efn:biped/ng_greatsword/ng_great_skill_clash can't be recognized
[06Jun2026 05:47:01.233] [main/WARN] [indestructible/]: efn:biped/yamato/biped_hitback_1 can't be recognized
[06Jun2026 05:47:01.233] [main/WARN] [indestructible/]: efn:biped/yamato/biped_hitback_1 can't be recognized
[06Jun2026 05:47:01.233] [main/WARN] [indestructible/]: efn:biped/yamato/biped_hitback_1 can't be recognized
[06Jun2026 05:47:01.233] [main/WARN] [indestructible/]: efn:biped/yamato/biped_hitback_1 can't be recognized
[06Jun2026 05:47:01.233] [main/WARN] [indestructible/]: efn:biped/yamato/biped_hitback_1 can't be recognized
[06Jun2026 05:47:01.234] [main/WARN] [indestructible/]: efn:biped/yamato/biped_hitback_1 can't be recognized
[06Jun2026 05:47:01.234] [main/WARN] [indestructible/]: efn:biped/yamato/biped_hitback_1 can't be recognized
[06Jun2026 05:47:01.234] [main/WARN] [indestructible/]: efn:biped/yamato/biped_hitback_1 can't be recognized
[06Jun2026 05:47:01.234] [main/WARN] [indestructible/]: efn:biped/nf_meen/nf_meen_auto4 can't be recognized
[06Jun2026 05:47:01.234] [main/WARN] [indestructible/]: efn:biped/yamato/biped_hitback_1 can't be recognized
[06Jun2026 05:47:01.234] [main/WARN] [indestructible/]: efn:biped/yamato/biped_hitback_1 can't be recognized
[06Jun2026 05:47:01.234] [main/WARN] [indestructible/]: efn:biped/yamato/biped_hitback_1 can't be recognized
[06Jun2026 05:47:01.234] [main/WARN] [indestructible/]: efn:biped/yamato/biped_hitback_1 can't be recognized
[06Jun2026 05:47:01.235] [main/WARN] [indestructible/]: efn:biped/yamato/biped_hitback_1 can't be recognized
[06Jun2026 05:47:01.235] [main/WARN] [indestructible/]: efn:biped/yamato/biped_hitback_1 can't be recognized
[06Jun2026 05:47:01.235] [main/WARN] [indestructible/]: efn:biped/yamato/biped_hitback_1 can't be recognized
[06Jun2026 05:47:01.235] [main/WARN] [indestructible/]: efn:biped/yamato/biped_hitback_1 can't be recognized
[06Jun2026 05:47:01.235] [main/WARN] [indestructible/]: efn:biped/nf_tachi/nf_tachi_bloodlust_end can't be recognized
[06Jun2026 05:47:01.235] [main/WARN] [indestructible/]: efn:biped/yamato/biped_hitback_1 can't be recognized
[06Jun2026 05:47:01.235] [main/WARN] [indestructible/]: efn:biped/yamato/biped_hitback_1 can't be recognized
[06Jun2026 05:47:01.236] [main/WARN] [indestructible/]: efn:biped/yamato/biped_hitback_1 can't be recognized
[06Jun2026 05:47:01.236] [main/WARN] [indestructible/]: efn:biped/yamato/biped_hitback_1 can't be recognized
[06Jun2026 05:47:01.236] [main/WARN] [indestructible/]: efn:biped/yamato/biped_hitback_1 can't be recognized
[06Jun2026 05:47:01.236] [main/WARN] [indestructible/]: efn:biped/yamato/biped_hitback_1 can't be recognized
[06Jun2026 05:47:01.236] [main/WARN] [indestructible/]: efn:biped/yamato/biped_hitback_1 can't be recognized
[06Jun2026 05:47:01.236] [main/WARN] [indestructible/]: epicfightx:biped/combat/uchigatana_sheath_dash can't be recognized
[06Jun2026 05:47:01.236] [main/WARN] [indestructible/]: efn:biped/yamato/biped_hitback_1 can't be recognized
[06Jun2026 05:47:01.236] [main/WARN] [indestructible/]: efn:biped/yamato/biped_hitback_1 can't be recognized
[06Jun2026 05:47:01.237] [main/WARN] [indestructible/]: efn:biped/yamato/biped_hitback_1 can't be recognized
[06Jun2026 05:47:01.237] [main/WARN] [indestructible/]: efn:biped/yamato/biped_hitback_1 can't be recognized
[06Jun2026 05:47:01.237] [main/WARN] [indestructible/]: efn:biped/yamato/biped_hitback_1 can't be recognized
[06Jun2026 05:47:01.237] [main/WARN] [indestructible/]: efn:biped/yamato/biped_hitback_1 can't be recognized
[06Jun2026 05:47:01.237] [main/WARN] [indestructible/]: efn:biped/yamato/biped_hitback_1 can't be recognized
[06Jun2026 05:47:01.237] [main/WARN] [indestructible/]: efn:biped/yamato/biped_hitback_1 can't be recognized
[06Jun2026 05:47:01.237] [main/WARN] [indestructible/]: epicfightx:biped/combat/dagger_airslash can't be recognized
[06Jun2026 05:47:01.237] [main/WARN] [indestructible/]: efn:biped/yamato/biped_hitback_1 can't be recognized
[06Jun2026 05:47:01.238] [main/WARN] [indestructible/]: efn:biped/yamato/biped_hitback_1 can't be recognized
[06Jun2026 05:47:01.238] [main/WARN] [indestructible/]: efn:biped/yamato/biped_hitback_1 can't be recognized
[06Jun2026 05:47:01.238] [main/WARN] [indestructible/]: efn:biped/yamato/biped_hitback_1 can't be recognized
[06Jun2026 05:47:01.238] [main/WARN] [indestructible/]: efn:biped/yamato/biped_hitback_1 can't be recognized
[06Jun2026 05:47:01.238] [main/WARN] [indestructible/]: efn:biped/yamato/biped_hitback_1 can't be recognized
[06Jun2026 05:47:01.238] [main/WARN] [indestructible/]: efn:biped/yamato/biped_hitback_1 can't be recognized
[06Jun2026 05:47:01.238] [main/WARN] [indestructible/]: epicfightx:biped/combat/dagger_dual_dash can't be recognized
[06Jun2026 05:47:01.238] [main/WARN] [indestructible/]: efn:biped/yamato/biped_hitback_1 can't be recognized
[06Jun2026 05:47:01.239] [main/WARN] [indestructible/]: efn:biped/yamato/biped_hitback_1 can't be recognized
[06Jun2026 05:47:01.239] [main/WARN] [indestructible/]: efn:biped/yamato/biped_hitback_1 can't be recognized
[06Jun2026 05:47:01.239] [main/WARN] [indestructible/]: efn:biped/yamato/biped_hitback_1 can't be recognized
[06Jun2026 05:47:01.239] [main/WARN] [indestructible/]: efn:biped/yamato/biped_hitback_1 can't be recognized
[06Jun2026 05:47:01.239] [main/WARN] [indestructible/]: efn:biped/yamato/biped_hitback_1 can't be recognized
[06Jun2026 05:47:01.239] [main/WARN] [indestructible/]: efn:biped/yamato/biped_hitback_1 can't be recognized
[06Jun2026 05:47:01.239] [main/WARN] [indestructible/]: epicfightx:biped/skill/dancing_edge can't be recognized
[06Jun2026 05:47:01.240] [main/WARN] [indestructible/]: efn:biped/yamato/biped_hitback_1 can't be recognized
[06Jun2026 05:47:01.240] [main/WARN] [indestructible/]: efn:biped/yamato/biped_hitback_1 can't be recognized
[06Jun2026 05:47:01.240] [main/WARN] [indestructible/]: efn:biped/yamato/biped_hitback_1 can't be recognized
[06Jun2026 05:47:01.240] [main/WARN] [indestructible/]: efn:biped/yamato/biped_hitback_1 can't be recognized
[06Jun2026 05:47:01.240] [main/WARN] [indestructible/]: efn:biped/yamato/biped_hitback_1 can't be recognized
[06Jun2026 05:47:01.240] [main/WARN] [indestructible/]: efn:biped/yamato/biped_hitback_1 can't be recognized
[06Jun2026 05:47:01.240] [main/WARN] [indestructible/]: efn:biped/yamato/biped_hitback_1 can't be recognized
[06Jun2026 05:47:01.241] [main/WARN] [indestructible/]: efn:biped/yamato/biped_hitback_air can't be recognized
[06Jun2026 05:47:01.241] [main/WARN] [indestructible/]: efn:biped/nf_claw/nf_claw_auto3 can't be recognized
[06Jun2026 05:47:01.241] [main/WARN] [indestructible/]: efn:biped/yamato/biped_hitback_1 can't be recognized
[06Jun2026 05:47:01.241] [main/WARN] [indestructible/]: efn:biped/yamato/biped_hitback_1 can't be recognized
[06Jun2026 05:47:01.241] [main/WARN] [indestructible/]: efn:biped/yamato/biped_hitback_1 can't be recognized
[06Jun2026 05:47:01.241] [main/WARN] [indestructible/]: efn:biped/yamato/biped_hitback_1 can't be recognized
[06Jun2026 05:47:01.241] [main/WARN] [indestructible/]: efn:biped/yamato/biped_hitback_1 can't be recognized
[06Jun2026 05:47:01.241] [main/WARN] [indestructible/]: efn:biped/yamato/biped_hitback_1 can't be recognized
[06Jun2026 05:47:01.241] [main/WARN] [indestructible/]: efn:biped/yamato/biped_hitback_1 can't be recognized
[06Jun2026 05:47:01.242] [main/WARN] [indestructible/]: efn:biped/yamato/biped_hitback_1 can't be recognized
[06Jun2026 05:47:01.242] [main/WARN] [indestructible/]: efn:biped/nf_sword/nf_sword_skill can't be recognized
[06Jun2026 05:47:01.242] [main/WARN] [indestructible/]: efn:biped/yamato/biped_hitback_1 can't be recognized
[06Jun2026 05:47:01.242] [main/WARN] [indestructible/]: efn:biped/yamato/biped_hitback_1 can't be recognized
[06Jun2026 05:47:01.242] [main/WARN] [indestructible/]: efn:biped/yamato/biped_hitback_1 can't be recognized
[06Jun2026 05:47:01.242] [main/WARN] [indestructible/]: efn:biped/yamato/biped_hitback_1 can't be recognized
[06Jun2026 05:47:01.242] [main/WARN] [indestructible/]: efn:biped/yamato/biped_hitback_1 can't be recognized
[06Jun2026 05:47:01.242] [main/WARN] [indestructible/]: efn:biped/yamato/biped_hitback_1 can't be recognized
[06Jun2026 05:47:01.242] [main/WARN] [indestructible/]: efn:biped/yamato/biped_hitback_1 can't be recognized
[06Jun2026 05:47:01.242] [main/WARN] [indestructible/]: efn:biped/yamato/biped_hitback_1 can't be recognized
[06Jun2026 05:47:01.242] [main/WARN] [indestructible/]: efn:biped/yamato/biped_hitback_1 can't be recognized
[06Jun2026 05:47:01.242] [main/WARN] [indestructible/]: efn:biped/yamato/biped_hitback_1 can't be recognized
[06Jun2026 05:47:01.243] [main/WARN] [indestructible/]: efn:biped/yamato/biped_hitback_1 can't be recognized
[06Jun2026 05:47:01.243] [main/WARN] [indestructible/]: efn:biped/yamato/biped_hitback_1 can't be recognized
[06Jun2026 05:47:01.243] [main/WARN] [indestructible/]: efn:biped/yamato/biped_hitback_1 can't be recognized
[06Jun2026 05:47:01.243] [main/WARN] [indestructible/]: efn:biped/yamato/biped_hitback_1 can't be recognized
[06Jun2026 05:47:01.243] [main/WARN] [indestructible/]: efn:biped/yamato/biped_hitback_1 can't be recognized
[06Jun2026 05:47:01.244] [main/WARN] [indestructible/]: efn:biped/yamato/biped_hitback_air can't be recognized
[06Jun2026 05:47:01.245] [main/WARN] [indestructible/]: efn:biped/nf_claw/nf_claw_auto3 can't be recognized
[06Jun2026 05:47:01.245] [main/WARN] [indestructible/]: efn:biped/yamato/biped_hitback_1 can't be recognized
[06Jun2026 05:47:01.245] [main/WARN] [indestructible/]: efn:biped/yamato/biped_hitback_1 can't be recognized
[06Jun2026 05:47:01.245] [main/WARN] [indestructible/]: efn:biped/yamato/biped_hitback_1 can't be recognized
[06Jun2026 05:47:01.245] [main/WARN] [indestructible/]: efn:biped/yamato/biped_hitback_1 can't be recognized
[06Jun2026 05:47:01.245] [main/WARN] [indestructible/]: efn:biped/yamato/biped_hitback_1 can't be recognized
[06Jun2026 05:47:01.245] [main/WARN] [indestructible/]: efn:biped/yamato/biped_hitback_1 can't be recognized
[06Jun2026 05:47:01.246] [main/WARN] [indestructible/]: efn:biped/yamato/biped_hitback_1 can't be recognized
[06Jun2026 05:47:01.257] [main/WARN] [indestructible/]: efn:biped/yamato/biped_hitback_1 can't be recognized
[06Jun2026 05:47:01.257] [main/WARN] [indestructible/]: epicfightx:biped/skill/revelation_normal can't be recognized
[06Jun2026 05:47:01.258] [main/WARN] [indestructible/]: efn:biped/yamato/biped_hitback_1 can't be recognized
[06Jun2026 05:47:01.258] [main/WARN] [indestructible/]: efn:biped/yamato/biped_hitback_1 can't be recognized
[06Jun2026 05:47:01.258] [main/WARN] [indestructible/]: efn:biped/yamato/biped_hitback_1 can't be recognized
[06Jun2026 05:47:01.258] [main/WARN] [indestructible/]: efn:biped/yamato/biped_hitback_1 can't be recognized
[06Jun2026 05:47:01.258] [main/WARN] [indestructible/]: efn:biped/yamato/biped_hitback_1 can't be recognized
[06Jun2026 05:47:01.258] [main/WARN] [indestructible/]: efn:biped/yamato/biped_hitback_1 can't be recognized
[06Jun2026 05:47:01.258] [main/WARN] [indestructible/]: efn:biped/yamato/biped_hitback_1 can't be recognized
[06Jun2026 05:47:01.258] [main/WARN] [indestructible/]: efn:biped/yamato/biped_hitback_1 can't be recognized
[06Jun2026 05:47:01.258] [main/WARN] [indestructible/]: efn:biped/ng_greatsword/ng_great_skill_clash can't be recognized
[06Jun2026 05:47:01.258] [main/WARN] [indestructible/]: efn:biped/yamato/biped_hitback_1 can't be recognized
[06Jun2026 05:47:01.258] [main/WARN] [indestructible/]: efn:biped/yamato/biped_hitback_1 can't be recognized
[06Jun2026 05:47:01.259] [main/WARN] [indestructible/]: efn:biped/yamato/biped_hitback_1 can't be recognized
[06Jun2026 05:47:01.259] [main/WARN] [indestructible/]: efn:biped/yamato/biped_hitback_1 can't be recognized
[06Jun2026 05:47:01.259] [main/WARN] [indestructible/]: efn:biped/yamato/biped_hitback_1 can't be recognized
[06Jun2026 05:47:01.259] [main/WARN] [indestructible/]: efn:biped/yamato/biped_hitback_1 can't be recognized
[06Jun2026 05:47:01.259] [main/WARN] [indestructible/]: efn:biped/yamato/biped_hitback_1 can't be recognized
[06Jun2026 05:47:01.259] [main/WARN] [indestructible/]: efn:biped/yamato/biped_hitback_1 can't be recognized
[06Jun2026 05:47:01.259] [main/WARN] [indestructible/]: efn:biped/nf_meen/nf_meen_auto4 can't be recognized
[06Jun2026 05:47:01.259] [main/WARN] [indestructible/]: efn:biped/yamato/biped_hitback_1 can't be recognized
[06Jun2026 05:47:01.259] [main/WARN] [indestructible/]: efn:biped/yamato/biped_hitback_1 can't be recognized
[06Jun2026 05:47:01.259] [main/WARN] [indestructible/]: efn:biped/yamato/biped_hitback_1 can't be recognized
[06Jun2026 05:47:01.259] [main/WARN] [indestructible/]: efn:biped/yamato/biped_hitback_1 can't be recognized
[06Jun2026 05:47:01.259] [main/WARN] [indestructible/]: efn:biped/yamato/biped_hitback_1 can't be recognized
[06Jun2026 05:47:01.260] [main/WARN] [indestructible/]: efn:biped/yamato/biped_hitback_1 can't be recognized
[06Jun2026 05:47:01.260] [main/WARN] [indestructible/]: efn:biped/yamato/biped_hitback_1 can't be recognized
[06Jun2026 05:47:01.260] [main/WARN] [indestructible/]: efn:biped/yamato/biped_hitback_1 can't be recognized
[06Jun2026 05:47:01.260] [main/WARN] [indestructible/]: efn:biped/nf_tachi/nf_tachi_bloodlust_end can't be recognized
[06Jun2026 05:47:01.260] [main/WARN] [indestructible/]: efn:biped/yamato/biped_hitback_1 can't be recognized
[06Jun2026 05:47:01.260] [main/WARN] [indestructible/]: efn:biped/yamato/biped_hitback_1 can't be recognized
[06Jun2026 05:47:01.260] [main/WARN] [indestructible/]: efn:biped/yamato/biped_hitback_1 can't be recognized
[06Jun2026 05:47:01.260] [main/WARN] [indestructible/]: efn:biped/yamato/biped_hitback_1 can't be recognized
[06Jun2026 05:47:01.260] [main/WARN] [indestructible/]: efn:biped/yamato/biped_hitback_1 can't be recognized
[06Jun2026 05:47:01.260] [main/WARN] [indestructible/]: efn:biped/yamato/biped_hitback_1 can't be recognized
[06Jun2026 05:47:01.260] [main/WARN] [indestructible/]: efn:biped/yamato/biped_hitback_1 can't be recognized
[06Jun2026 05:47:01.261] [main/WARN] [indestructible/]: epicfightx:biped/combat/uchigatana_sheath_dash can't be recognized
[06Jun2026 05:47:01.261] [main/WARN] [indestructible/]: efn:biped/yamato/biped_hitback_1 can't be recognized
[06Jun2026 05:47:01.261] [main/WARN] [indestructible/]: efn:biped/yamato/biped_hitback_1 can't be recognized
[06Jun2026 05:47:01.261] [main/WARN] [indestructible/]: efn:biped/yamato/biped_hitback_1 can't be recognized
[06Jun2026 05:47:01.261] [main/WARN] [indestructible/]: efn:biped/yamato/biped_hitback_1 can't be recognized
[06Jun2026 05:47:01.261] [main/WARN] [indestructible/]: efn:biped/yamato/biped_hitback_1 can't be recognized
[06Jun2026 05:47:01.261] [main/WARN] [indestructible/]: efn:biped/yamato/biped_hitback_1 can't be recognized
[06Jun2026 05:47:01.261] [main/WARN] [indestructible/]: efn:biped/yamato/biped_hitback_1 can't be recognized
[06Jun2026 05:47:01.261] [main/WARN] [indestructible/]: efn:biped/yamato/biped_hitback_1 can't be recognized
[06Jun2026 05:47:01.261] [main/WARN] [indestructible/]: epicfightx:biped/combat/dagger_airslash can't be recognized
[06Jun2026 05:47:01.262] [main/WARN] [indestructible/]: efn:biped/yamato/biped_hitback_1 can't be recognized
[06Jun2026 05:47:01.262] [main/WARN] [indestructible/]: efn:biped/yamato/biped_hitback_1 can't be recognized
[06Jun2026 05:47:01.262] [main/WARN] [indestructible/]: efn:biped/yamato/biped_hitback_1 can't be recognized
[06Jun2026 05:47:01.262] [main/WARN] [indestructible/]: efn:biped/yamato/biped_hitback_1 can't be recognized
[06Jun2026 05:47:01.262] [main/WARN] [indestructible/]: efn:biped/yamato/biped_hitback_1 can't be recognized
[06Jun2026 05:47:01.262] [main/WARN] [indestructible/]: efn:biped/yamato/biped_hitback_1 can't be recognized
[06Jun2026 05:47:01.262] [main/WARN] [indestructible/]: efn:biped/yamato/biped_hitback_1 can't be recognized
[06Jun2026 05:47:01.262] [main/WARN] [indestructible/]: epicfightx:biped/combat/dagger_dual_dash can't be recognized
[06Jun2026 05:47:01.263] [main/WARN] [indestructible/]: efn:biped/yamato/biped_hitback_1 can't be recognized
[06Jun2026 05:47:01.263] [main/WARN] [indestructible/]: efn:biped/yamato/biped_hitback_1 can't be recognized
[06Jun2026 05:47:01.263] [main/WARN] [indestructible/]: efn:biped/yamato/biped_hitback_1 can't be recognized
[06Jun2026 05:47:01.263] [main/WARN] [indestructible/]: efn:biped/yamato/biped_hitback_1 can't be recognized
[06Jun2026 05:47:01.263] [main/WARN] [indestructible/]: efn:biped/yamato/biped_hitback_1 can't be recognized
[06Jun2026 05:47:01.263] [main/WARN] [indestructible/]: efn:biped/yamato/biped_hitback_1 can't be recognized
[06Jun2026 05:47:01.263] [main/WARN] [indestructible/]: efn:biped/yamato/biped_hitback_1 can't be recognized
[06Jun2026 05:47:01.263] [main/WARN] [indestructible/]: epicfightx:biped/skill/dancing_edge can't be recognized
[06Jun2026 05:47:01.263] [main/WARN] [indestructible/]: efn:biped/yamato/biped_hitback_1 can't be recognized
[06Jun2026 05:47:01.264] [main/WARN] [indestructible/]: efn:biped/yamato/biped_hitback_1 can't be recognized
[06Jun2026 05:47:01.264] [main/WARN] [indestructible/]: efn:biped/yamato/biped_hitback_1 can't be recognized
[06Jun2026 05:47:01.264] [main/WARN] [indestructible/]: efn:biped/yamato/biped_hitback_1 can't be recognized
[06Jun2026 05:47:01.264] [main/WARN] [indestructible/]: efn:biped/yamato/biped_hitback_1 can't be recognized
[06Jun2026 05:47:01.264] [main/WARN] [indestructible/]: efn:biped/yamato/biped_hitback_1 can't be recognized
[06Jun2026 05:47:01.264] [main/WARN] [indestructible/]: efn:biped/yamato/biped_hitback_1 can't be recognized
[06Jun2026 05:47:01.264] [main/WARN] [indestructible/]: efn:biped/yamato/biped_hitback_air can't be recognized
[06Jun2026 05:47:01.265] [main/WARN] [indestructible/]: efn:biped/nf_claw/nf_claw_auto3 can't be recognized
[06Jun2026 05:47:01.265] [main/WARN] [indestructible/]: efn:biped/yamato/biped_hitback_1 can't be recognized
[06Jun2026 05:47:01.265] [main/WARN] [indestructible/]: efn:biped/yamato/biped_hitback_1 can't be recognized
[06Jun2026 05:47:01.265] [main/WARN] [indestructible/]: efn:biped/yamato/biped_hitback_1 can't be recognized
[06Jun2026 05:47:01.265] [main/WARN] [indestructible/]: efn:biped/yamato/biped_hitback_1 can't be recognized
[06Jun2026 05:47:01.265] [main/WARN] [indestructible/]: efn:biped/yamato/biped_hitback_1 can't be recognized
[06Jun2026 05:47:01.265] [main/WARN] [indestructible/]: efn:biped/yamato/biped_hitback_1 can't be recognized
[06Jun2026 05:47:01.265] [main/WARN] [indestructible/]: efn:biped/yamato/biped_hitback_1 can't be recognized
[06Jun2026 05:47:01.265] [main/WARN] [indestructible/]: efn:biped/yamato/biped_hitback_1 can't be recognized
[06Jun2026 05:47:01.265] [main/WARN] [indestructible/]: efn:biped/nf_sword/nf_sword_skill can't be recognized
[06Jun2026 05:47:01.265] [main/WARN] [indestructible/]: efn:biped/yamato/biped_hitback_1 can't be recognized
[06Jun2026 05:47:01.265] [main/WARN] [indestructible/]: efn:biped/yamato/biped_hitback_1 can't be recognized
[06Jun2026 05:47:01.266] [main/WARN] [indestructible/]: efn:biped/yamato/biped_hitback_1 can't be recognized
[06Jun2026 05:47:01.266] [main/WARN] [indestructible/]: efn:biped/yamato/biped_hitback_1 can't be recognized
[06Jun2026 05:47:01.266] [main/WARN] [indestructible/]: efn:biped/yamato/biped_hitback_1 can't be recognized
[06Jun2026 05:47:01.266] [main/WARN] [indestructible/]: efn:biped/yamato/biped_hitback_1 can't be recognized
[06Jun2026 05:47:01.266] [main/WARN] [indestructible/]: efn:biped/yamato/biped_hitback_1 can't be recognized
[06Jun2026 05:47:01.266] [main/WARN] [indestructible/]: efn:biped/yamato/biped_hitback_1 can't be recognized
[06Jun2026 05:47:01.266] [main/WARN] [indestructible/]: efn:biped/yamato/biped_hitback_1 can't be recognized
[06Jun2026 05:47:01.266] [main/WARN] [indestructible/]: efn:biped/yamato/biped_hitback_1 can't be recognized
[06Jun2026 05:47:01.266] [main/WARN] [indestructible/]: efn:biped/yamato/biped_hitback_1 can't be recognized
[06Jun2026 05:47:01.266] [main/WARN] [indestructible/]: efn:biped/yamato/biped_hitback_1 can't be recognized
[06Jun2026 05:47:01.266] [main/WARN] [indestructible/]: efn:biped/yamato/biped_hitback_1 can't be recognized
[06Jun2026 05:47:01.266] [main/WARN] [indestructible/]: efn:biped/yamato/biped_hitback_1 can't be recognized
[06Jun2026 05:47:01.266] [main/WARN] [indestructible/]: efn:biped/yamato/biped_hitback_1 can't be recognized
[06Jun2026 05:47:01.268] [main/WARN] [indestructible/]: efn:biped/yamato/biped_hitback_air can't be recognized
[06Jun2026 05:47:01.269] [main/WARN] [indestructible/]: epicfightx:biped/combat/trident_auto3 can't be recognized
[06Jun2026 05:47:01.269] [main/WARN] [indestructible/]: efn:biped/yamato/biped_hitback_air can't be recognized
[06Jun2026 05:47:01.269] [main/WARN] [indestructible/]: efn:biped/nf_claw/nf_claw_auto3 can't be recognized
[06Jun2026 05:47:01.269] [main/WARN] [indestructible/]: efn:biped/yamato/biped_hitback_1 can't be recognized
[06Jun2026 05:47:01.269] [main/WARN] [indestructible/]: efn:biped/nf_sword/nf_sword_skill can't be recognized
[06Jun2026 05:47:01.269] [main/WARN] [indestructible/]: efn:biped/yamato/biped_hitback_1 can't be recognized
[06Jun2026 05:47:01.284] [main/WARN] [indestructible/]: efn:biped/yamato/biped_hitback_1 can't be recognized
[06Jun2026 05:47:01.284] [main/WARN] [indestructible/]: epicfightx:biped/skill/revelation_normal can't be recognized
[06Jun2026 05:47:01.284] [main/WARN] [indestructible/]: efn:biped/yamato/biped_hitback_1 can't be recognized
[06Jun2026 05:47:01.284] [main/WARN] [indestructible/]: efn:biped/yamato/biped_hitback_1 can't be recognized
[06Jun2026 05:47:01.284] [main/WARN] [indestructible/]: efn:biped/yamato/biped_hitback_1 can't be recognized
[06Jun2026 05:47:01.284] [main/WARN] [indestructible/]: efn:biped/yamato/biped_hitback_1 can't be recognized
[06Jun2026 05:47:01.284] [main/WARN] [indestructible/]: efn:biped/yamato/biped_hitback_1 can't be recognized
[06Jun2026 05:47:01.284] [main/WARN] [indestructible/]: efn:biped/yamato/biped_hitback_1 can't be recognized
[06Jun2026 05:47:01.285] [main/WARN] [indestructible/]: efn:biped/yamato/biped_hitback_1 can't be recognized
[06Jun2026 05:47:01.285] [main/WARN] [indestructible/]: efn:biped/yamato/biped_hitback_1 can't be recognized
[06Jun2026 05:47:01.285] [main/WARN] [indestructible/]: efn:biped/ng_greatsword/ng_great_skill_clash can't be recognized
[06Jun2026 05:47:01.285] [main/WARN] [indestructible/]: efn:biped/yamato/biped_hitback_1 can't be recognized
[06Jun2026 05:47:01.285] [main/WARN] [indestructible/]: efn:biped/yamato/biped_hitback_1 can't be recognized
[06Jun2026 05:47:01.285] [main/WARN] [indestructible/]: efn:biped/yamato/biped_hitback_1 can't be recognized
[06Jun2026 05:47:01.285] [main/WARN] [indestructible/]: efn:biped/yamato/biped_hitback_1 can't be recognized
[06Jun2026 05:47:01.285] [main/WARN] [indestructible/]: efn:biped/yamato/biped_hitback_1 can't be recognized
[06Jun2026 05:47:01.285] [main/WARN] [indestructible/]: efn:biped/yamato/biped_hitback_1 can't be recognized
[06Jun2026 05:47:01.285] [main/WARN] [indestructible/]: efn:biped/yamato/biped_hitback_1 can't be recognized
[06Jun2026 05:47:01.286] [main/WARN] [indestructible/]: efn:biped/yamato/biped_hitback_1 can't be recognized
[06Jun2026 05:47:01.286] [main/WARN] [indestructible/]: efn:biped/nf_meen/nf_meen_auto4 can't be recognized
[06Jun2026 05:47:01.286] [main/WARN] [indestructible/]: efn:biped/yamato/biped_hitback_1 can't be recognized
[06Jun2026 05:47:01.286] [main/WARN] [indestructible/]: efn:biped/yamato/biped_hitback_1 can't be recognized
[06Jun2026 05:47:01.286] [main/WARN] [indestructible/]: efn:biped/yamato/biped_hitback_1 can't be recognized
[06Jun2026 05:47:01.286] [main/WARN] [indestructible/]: efn:biped/yamato/biped_hitback_1 can't be recognized
[06Jun2026 05:47:01.287] [main/WARN] [indestructible/]: efn:biped/yamato/biped_hitback_1 can't be recognized
[06Jun2026 05:47:01.287] [main/WARN] [indestructible/]: efn:biped/yamato/biped_hitback_1 can't be recognized
[06Jun2026 05:47:01.287] [main/WARN] [indestructible/]: efn:biped/yamato/biped_hitback_1 can't be recognized
[06Jun2026 05:47:01.287] [main/WARN] [indestructible/]: efn:biped/yamato/biped_hitback_1 can't be recognized
[06Jun2026 05:47:01.287] [main/WARN] [indestructible/]: efn:biped/nf_tachi/nf_tachi_bloodlust_end can't be recognized
[06Jun2026 05:47:01.287] [main/WARN] [indestructible/]: efn:biped/yamato/biped_hitback_1 can't be recognized
[06Jun2026 05:47:01.287] [main/WARN] [indestructible/]: efn:biped/yamato/biped_hitback_1 can't be recognized
[06Jun2026 05:47:01.287] [main/WARN] [indestructible/]: efn:biped/yamato/biped_hitback_1 can't be recognized
[06Jun2026 05:47:01.287] [main/WARN] [indestructible/]: efn:biped/yamato/biped_hitback_1 can't be recognized
[06Jun2026 05:47:01.288] [main/WARN] [indestructible/]: efn:biped/yamato/biped_hitback_1 can't be recognized
[06Jun2026 05:47:01.288] [main/WARN] [indestructible/]: efn:biped/yamato/biped_hitback_1 can't be recognized
[06Jun2026 05:47:01.288] [main/WARN] [indestructible/]: efn:biped/yamato/biped_hitback_1 can't be recognized
[06Jun2026 05:47:01.288] [main/WARN] [indestructible/]: epicfightx:biped/combat/uchigatana_sheath_dash can't be recognized
[06Jun2026 05:47:01.288] [main/WARN] [indestructible/]: efn:biped/yamato/biped_hitback_1 can't be recognized
[06Jun2026 05:47:01.288] [main/WARN] [indestructible/]: efn:biped/yamato/biped_hitback_1 can't be recognized
[06Jun2026 05:47:01.288] [main/WARN] [indestructible/]: efn:biped/yamato/biped_hitback_1 can't be recognized
[06Jun2026 05:47:01.288] [main/WARN] [indestructible/]: efn:biped/yamato/biped_hitback_1 can't be recognized
[06Jun2026 05:47:01.288] [main/WARN] [indestructible/]: efn:biped/yamato/biped_hitback_1 can't be recognized
[06Jun2026 05:47:01.289] [main/WARN] [indestructible/]: efn:biped/yamato/biped_hitback_1 can't be recognized
[06Jun2026 05:47:01.289] [main/WARN] [indestructible/]: efn:biped/yamato/biped_hitback_1 can't be recognized
[06Jun2026 05:47:01.289] [main/WARN] [indestructible/]: efn:biped/yamato/biped_hitback_1 can't be recognized
[06Jun2026 05:47:01.289] [main/WARN] [indestructible/]: epicfightx:biped/combat/dagger_airslash can't be recognized
[06Jun2026 05:47:01.289] [main/WARN] [indestructible/]: efn:biped/yamato/biped_hitback_1 can't be recognized
[06Jun2026 05:47:01.289] [main/WARN] [indestructible/]: efn:biped/yamato/biped_hitback_1 can't be recognized
[06Jun2026 05:47:01.289] [main/WARN] [indestructible/]: efn:biped/yamato/biped_hitback_1 can't be recognized
[06Jun2026 05:47:01.289] [main/WARN] [indestructible/]: efn:biped/yamato/biped_hitback_1 can't be recognized
[06Jun2026 05:47:01.289] [main/WARN] [indestructible/]: efn:biped/yamato/biped_hitback_1 can't be recognized
[06Jun2026 05:47:01.289] [main/WARN] [indestructible/]: efn:biped/yamato/biped_hitback_1 can't be recognized
[06Jun2026 05:47:01.289] [main/WARN] [indestructible/]: efn:biped/yamato/biped_hitback_1 can't be recognized
[06Jun2026 05:47:01.290] [main/WARN] [indestructible/]: epicfightx:biped/combat/dagger_dual_dash can't be recognized
[06Jun2026 05:47:01.290] [main/WARN] [indestructible/]: efn:biped/yamato/biped_hitback_1 can't be recognized
[06Jun2026 05:47:01.290] [main/WARN] [indestructible/]: efn:biped/yamato/biped_hitback_1 can't be recognized
[06Jun2026 05:47:01.290] [main/WARN] [indestructible/]: efn:biped/yamato/biped_hitback_1 can't be recognized
[06Jun2026 05:47:01.290] [main/WARN] [indestructible/]: efn:biped/yamato/biped_hitback_1 can't be recognized
[06Jun2026 05:47:01.290] [main/WARN] [indestructible/]: efn:biped/yamato/biped_hitback_1 can't be recognized
[06Jun2026 05:47:01.290] [main/WARN] [indestructible/]: efn:biped/yamato/biped_hitback_1 can't be recognized
[06Jun2026 05:47:01.290] [main/WARN] [indestructible/]: efn:biped/yamato/biped_hitback_1 can't be recognized
[06Jun2026 05:47:01.290] [main/WARN] [indestructible/]: epicfightx:biped/skill/dancing_edge can't be recognized
[06Jun2026 05:47:01.291] [main/WARN] [indestructible/]: efn:biped/yamato/biped_hitback_1 can't be recognized
[06Jun2026 05:47:01.291] [main/WARN] [indestructible/]: efn:biped/yamato/biped_hitback_1 can't be recognized
[06Jun2026 05:47:01.291] [main/WARN] [indestructible/]: efn:biped/yamato/biped_hitback_1 can't be recognized
[06Jun2026 05:47:01.291] [main/WARN] [indestructible/]: efn:biped/yamato/biped_hitback_1 can't be recognized
[06Jun2026 05:47:01.291] [main/WARN] [indestructible/]: efn:biped/yamato/biped_hitback_1 can't be recognized
[06Jun2026 05:47:01.291] [main/WARN] [indestructible/]: efn:biped/yamato/biped_hitback_1 can't be recognized
[06Jun2026 05:47:01.291] [main/WARN] [indestructible/]: efn:biped/yamato/biped_hitback_1 can't be recognized
[06Jun2026 05:47:01.292] [main/WARN] [indestructible/]: efn:biped/yamato/biped_hitback_air can't be recognized
[06Jun2026 05:47:01.292] [main/WARN] [indestructible/]: efn:biped/nf_claw/nf_claw_auto3 can't be recognized
[06Jun2026 05:47:01.292] [main/WARN] [indestructible/]: efn:biped/yamato/biped_hitback_1 can't be recognized
[06Jun2026 05:47:01.293] [main/WARN] [indestructible/]: efn:biped/yamato/biped_hitback_1 can't be recognized
[06Jun2026 05:47:01.293] [main/WARN] [indestructible/]: efn:biped/yamato/biped_hitback_1 can't be recognized
[06Jun2026 05:47:01.293] [main/WARN] [indestructible/]: efn:biped/yamato/biped_hitback_1 can't be recognized
[06Jun2026 05:47:01.293] [main/WARN] [indestructible/]: efn:biped/yamato/biped_hitback_1 can't be recognized
[06Jun2026 05:47:01.293] [main/WARN] [indestructible/]: efn:biped/yamato/biped_hitback_1 can't be recognized
[06Jun2026 05:47:01.293] [main/WARN] [indestructible/]: efn:biped/yamato/biped_hitback_1 can't be recognized
[06Jun2026 05:47:01.294] [main/WARN] [indestructible/]: efn:biped/yamato/biped_hitback_1 can't be recognized
[06Jun2026 05:47:01.294] [main/WARN] [indestructible/]: efn:biped/nf_sword/nf_sword_skill can't be recognized
[06Jun2026 05:47:01.294] [main/WARN] [indestructible/]: efn:biped/yamato/biped_hitback_1 can't be recognized
[06Jun2026 05:47:01.294] [main/WARN] [indestructible/]: efn:biped/yamato/biped_hitback_1 can't be recognized
[06Jun2026 05:47:01.294] [main/WARN] [indestructible/]: efn:biped/yamato/biped_hitback_1 can't be recognized
[06Jun2026 05:47:01.294] [main/WARN] [indestructible/]: efn:biped/yamato/biped_hitback_1 can't be recognized
[06Jun2026 05:47:01.294] [main/WARN] [indestructible/]: efn:biped/yamato/biped_hitback_1 can't be recognized
[06Jun2026 05:47:01.295] [main/WARN] [indestructible/]: efn:biped/yamato/biped_hitback_1 can't be recognized
[06Jun2026 05:47:01.295] [main/WARN] [indestructible/]: efn:biped/yamato/biped_hitback_1 can't be recognized
[06Jun2026 05:47:01.295] [main/WARN] [indestructible/]: efn:biped/yamato/biped_hitback_1 can't be recognized
[06Jun2026 05:47:01.295] [main/WARN] [indestructible/]: efn:biped/yamato/biped_hitback_1 can't be recognized
[06Jun2026 05:47:01.295] [main/WARN] [indestructible/]: efn:biped/yamato/biped_hitback_1 can't be recognized
[06Jun2026 05:47:01.295] [main/WARN] [indestructible/]: efn:biped/yamato/biped_hitback_1 can't be recognized
[06Jun2026 05:47:01.295] [main/WARN] [indestructible/]: efn:biped/yamato/biped_hitback_1 can't be recognized
[06Jun2026 05:47:01.295] [main/WARN] [indestructible/]: efn:biped/yamato/biped_hitback_1 can't be recognized
[06Jun2026 05:47:01.295] [main/WARN] [indestructible/]: efn:biped/yamato/biped_hitback_1 can't be recognized
[06Jun2026 05:47:01.295] [main/WARN] [indestructible/]: efn:biped/yamato/biped_hitback_1 can't be recognized
[06Jun2026 05:47:01.307] [main/WARN] [indestructible/]: efn:biped/yamato/biped_hitback_1 can't be recognized
[06Jun2026 05:47:01.308] [main/WARN] [indestructible/]: epicfightx:biped/skill/revelation_normal can't be recognized
[06Jun2026 05:47:01.308] [main/WARN] [indestructible/]: efn:biped/yamato/biped_hitback_1 can't be recognized
[06Jun2026 05:47:01.308] [main/WARN] [indestructible/]: efn:biped/yamato/biped_hitback_1 can't be recognized
[06Jun2026 05:47:01.308] [main/WARN] [indestructible/]: efn:biped/yamato/biped_hitback_1 can't be recognized
[06Jun2026 05:47:01.308] [main/WARN] [indestructible/]: efn:biped/yamato/biped_hitback_1 can't be recognized
[06Jun2026 05:47:01.308] [main/WARN] [indestructible/]: efn:biped/yamato/biped_hitback_1 can't be recognized
[06Jun2026 05:47:01.308] [main/WARN] [indestructible/]: efn:biped/yamato/biped_hitback_1 can't be recognized
[06Jun2026 05:47:01.308] [main/WARN] [indestructible/]: efn:biped/yamato/biped_hitback_1 can't be recognized
[06Jun2026 05:47:01.308] [main/WARN] [indestructible/]: efn:biped/yamato/biped_hitback_1 can't be recognized
[06Jun2026 05:47:01.308] [main/WARN] [indestructible/]: efn:biped/ng_greatsword/ng_great_skill_clash can't be recognized
[06Jun2026 05:47:01.309] [main/WARN] [indestructible/]: efn:biped/yamato/biped_hitback_1 can't be recognized
[06Jun2026 05:47:01.309] [main/WARN] [indestructible/]: efn:biped/yamato/biped_hitback_1 can't be recognized
[06Jun2026 05:47:01.309] [main/WARN] [indestructible/]: efn:biped/yamato/biped_hitback_1 can't be recognized
[06Jun2026 05:47:01.309] [main/WARN] [indestructible/]: efn:biped/yamato/biped_hitback_1 can't be recognized
[06Jun2026 05:47:01.309] [main/WARN] [indestructible/]: efn:biped/yamato/biped_hitback_1 can't be recognized
[06Jun2026 05:47:01.309] [main/WARN] [indestructible/]: efn:biped/yamato/biped_hitback_1 can't be recognized
[06Jun2026 05:47:01.309] [main/WARN] [indestructible/]: efn:biped/yamato/biped_hitback_1 can't be recognized
[06Jun2026 05:47:01.309] [main/WARN] [indestructible/]: efn:biped/yamato/biped_hitback_1 can't be recognized
[06Jun2026 05:47:01.309] [main/WARN] [indestructible/]: efn:biped/nf_meen/nf_meen_auto4 can't be recognized
[06Jun2026 05:47:01.309] [main/WARN] [indestructible/]: efn:biped/yamato/biped_hitback_1 can't be recognized
[06Jun2026 05:47:01.309] [main/WARN] [indestructible/]: efn:biped/yamato/biped_hitback_1 can't be recognized
[06Jun2026 05:47:01.309] [main/WARN] [indestructible/]: efn:biped/yamato/biped_hitback_1 can't be recognized
[06Jun2026 05:47:01.310] [main/WARN] [indestructible/]: efn:biped/yamato/biped_hitback_1 can't be recognized
[06Jun2026 05:47:01.310] [main/WARN] [indestructible/]: efn:biped/yamato/biped_hitback_1 can't be recognized
[06Jun2026 05:47:01.310] [main/WARN] [indestructible/]: efn:biped/yamato/biped_hitback_1 can't be recognized
[06Jun2026 05:47:01.310] [main/WARN] [indestructible/]: efn:biped/yamato/biped_hitback_1 can't be recognized
[06Jun2026 05:47:01.310] [main/WARN] [indestructible/]: efn:biped/yamato/biped_hitback_1 can't be recognized
[06Jun2026 05:47:01.310] [main/WARN] [indestructible/]: efn:biped/nf_tachi/nf_tachi_bloodlust_end can't be recognized
[06Jun2026 05:47:01.310] [main/WARN] [indestructible/]: efn:biped/yamato/biped_hitback_1 can't be recognized
[06Jun2026 05:47:01.310] [main/WARN] [indestructible/]: efn:biped/yamato/biped_hitback_1 can't be recognized
[06Jun2026 05:47:01.310] [main/WARN] [indestructible/]: efn:biped/yamato/biped_hitback_1 can't be recognized
[06Jun2026 05:47:01.310] [main/WARN] [indestructible/]: efn:biped/yamato/biped_hitback_1 can't be recognized
[06Jun2026 05:47:01.310] [main/WARN] [indestructible/]: efn:biped/yamato/biped_hitback_1 can't be recognized
[06Jun2026 05:47:01.310] [main/WARN] [indestructible/]: efn:biped/yamato/biped_hitback_1 can't be recognized
[06Jun2026 05:47:01.310] [main/WARN] [indestructible/]: efn:biped/yamato/biped_hitback_1 can't be recognized
[06Jun2026 05:47:01.311] [main/WARN] [indestructible/]: epicfightx:biped/combat/uchigatana_sheath_dash can't be recognized
[06Jun2026 05:47:01.311] [main/WARN] [indestructible/]: efn:biped/yamato/biped_hitback_1 can't be recognized
[06Jun2026 05:47:01.311] [main/WARN] [indestructible/]: efn:biped/yamato/biped_hitback_1 can't be recognized
[06Jun2026 05:47:01.311] [main/WARN] [indestructible/]: efn:biped/yamato/biped_hitback_1 can't be recognized
[06Jun2026 05:47:01.311] [main/WARN] [indestructible/]: efn:biped/yamato/biped_hitback_1 can't be recognized
[06Jun2026 05:47:01.311] [main/WARN] [indestructible/]: efn:biped/yamato/biped_hitback_1 can't be recognized
[06Jun2026 05:47:01.311] [main/WARN] [indestructible/]: efn:biped/yamato/biped_hitback_1 can't be recognized
[06Jun2026 05:47:01.311] [main/WARN] [indestructible/]: efn:biped/yamato/biped_hitback_1 can't be recognized
[06Jun2026 05:47:01.311] [main/WARN] [indestructible/]: efn:biped/yamato/biped_hitback_1 can't be recognized
[06Jun2026 05:47:01.311] [main/WARN] [indestructible/]: epicfightx:biped/combat/dagger_airslash can't be recognized
[06Jun2026 05:47:01.311] [main/WARN] [indestructible/]: efn:biped/yamato/biped_hitback_1 can't be recognized
[06Jun2026 05:47:01.312] [main/WARN] [indestructible/]: efn:biped/yamato/biped_hitback_1 can't be recognized
[06Jun2026 05:47:01.312] [main/WARN] [indestructible/]: efn:biped/yamato/biped_hitback_1 can't be recognized
[06Jun2026 05:47:01.312] [main/WARN] [indestructible/]: efn:biped/yamato/biped_hitback_1 can't be recognized
[06Jun2026 05:47:01.312] [main/WARN] [indestructible/]: efn:biped/yamato/biped_hitback_1 can't be recognized
[06Jun2026 05:47:01.312] [main/WARN] [indestructible/]: efn:biped/yamato/biped_hitback_1 can't be recognized
[06Jun2026 05:47:01.312] [main/WARN] [indestructible/]: efn:biped/yamato/biped_hitback_1 can't be recognized
[06Jun2026 05:47:01.312] [main/WARN] [indestructible/]: epicfightx:biped/combat/dagger_dual_dash can't be recognized
[06Jun2026 05:47:01.312] [main/WARN] [indestructible/]: efn:biped/yamato/biped_hitback_1 can't be recognized
[06Jun2026 05:47:01.312] [main/WARN] [indestructible/]: efn:biped/yamato/biped_hitback_1 can't be recognized
[06Jun2026 05:47:01.312] [main/WARN] [indestructible/]: efn:biped/yamato/biped_hitback_1 can't be recognized
[06Jun2026 05:47:01.312] [main/WARN] [indestructible/]: efn:biped/yamato/biped_hitback_1 can't be recognized
[06Jun2026 05:47:01.312] [main/WARN] [indestructible/]: efn:biped/yamato/biped_hitback_1 can't be recognized
[06Jun2026 05:47:01.312] [main/WARN] [indestructible/]: efn:biped/yamato/biped_hitback_1 can't be recognized
[06Jun2026 05:47:01.312] [main/WARN] [indestructible/]: efn:biped/yamato/biped_hitback_1 can't be recognized
[06Jun2026 05:47:01.313] [main/WARN] [indestructible/]: epicfightx:biped/skill/dancing_edge can't be recognized
[06Jun2026 05:47:01.313] [main/WARN] [indestructible/]: efn:biped/yamato/biped_hitback_1 can't be recognized
[06Jun2026 05:47:01.313] [main/WARN] [indestructible/]: efn:biped/yamato/biped_hitback_1 can't be recognized
[06Jun2026 05:47:01.313] [main/WARN] [indestructible/]: efn:biped/yamato/biped_hitback_1 can't be recognized
[06Jun2026 05:47:01.313] [main/WARN] [indestructible/]: efn:biped/yamato/biped_hitback_1 can't be recognized
[06Jun2026 05:47:01.313] [main/WARN] [indestructible/]: efn:biped/yamato/biped_hitback_1 can't be recognized
[06Jun2026 05:47:01.313] [main/WARN] [indestructible/]: efn:biped/yamato/biped_hitback_1 can't be recognized
[06Jun2026 05:47:01.313] [main/WARN] [indestructible/]: efn:biped/yamato/biped_hitback_1 can't be recognized
[06Jun2026 05:47:01.313] [main/WARN] [indestructible/]: efn:biped/yamato/biped_hitback_air can't be recognized
[06Jun2026 05:47:01.313] [main/WARN] [indestructible/]: efn:biped/nf_claw/nf_claw_auto3 can't be recognized
[06Jun2026 05:47:01.314] [main/WARN] [indestructible/]: efn:biped/yamato/biped_hitback_1 can't be recognized
[06Jun2026 05:47:01.314] [main/WARN] [indestructible/]: efn:biped/yamato/biped_hitback_1 can't be recognized
[06Jun2026 05:47:01.314] [main/WARN] [indestructible/]: efn:biped/yamato/biped_hitback_1 can't be recognized
[06Jun2026 05:47:01.314] [main/WARN] [indestructible/]: efn:biped/yamato/biped_hitback_1 can't be recognized
[06Jun2026 05:47:01.314] [main/WARN] [indestructible/]: efn:biped/yamato/biped_hitback_1 can't be recognized
[06Jun2026 05:47:01.314] [main/WARN] [indestructible/]: efn:biped/yamato/biped_hitback_1 can't be recognized
[06Jun2026 05:47:01.315] [main/WARN] [indestructible/]: efn:biped/yamato/biped_hitback_1 can't be recognized
[06Jun2026 05:47:01.315] [main/WARN] [indestructible/]: efn:biped/yamato/biped_hitback_1 can't be recognized
[06Jun2026 05:47:01.315] [main/WARN] [indestructible/]: efn:biped/nf_sword/nf_sword_skill can't be recognized
[06Jun2026 05:47:01.315] [main/WARN] [indestructible/]: efn:biped/yamato/biped_hitback_1 can't be recognized
[06Jun2026 05:47:01.315] [main/WARN] [indestructible/]: efn:biped/yamato/biped_hitback_1 can't be recognized
[06Jun2026 05:47:01.315] [main/WARN] [indestructible/]: efn:biped/yamato/biped_hitback_1 can't be recognized
[06Jun2026 05:47:01.315] [main/WARN] [indestructible/]: efn:biped/yamato/biped_hitback_1 can't be recognized
[06Jun2026 05:47:01.315] [main/WARN] [indestructible/]: efn:biped/yamato/biped_hitback_1 can't be recognized
[06Jun2026 05:47:01.315] [main/WARN] [indestructible/]: efn:biped/yamato/biped_hitback_1 can't be recognized
[06Jun2026 05:47:01.315] [main/WARN] [indestructible/]: efn:biped/yamato/biped_hitback_1 can't be recognized
[06Jun2026 05:47:01.315] [main/WARN] [indestructible/]: efn:biped/yamato/biped_hitback_1 can't be recognized
[06Jun2026 05:47:01.315] [main/WARN] [indestructible/]: efn:biped/yamato/biped_hitback_1 can't be recognized
[06Jun2026 05:47:01.315] [main/WARN] [indestructible/]: efn:biped/yamato/biped_hitback_1 can't be recognized
[06Jun2026 05:47:01.316] [main/WARN] [indestructible/]: efn:biped/yamato/biped_hitback_1 can't be recognized
[06Jun2026 05:47:01.316] [main/WARN] [indestructible/]: efn:biped/yamato/biped_hitback_1 can't be recognized
[06Jun2026 05:47:01.316] [main/WARN] [indestructible/]: efn:biped/yamato/biped_hitback_1 can't be recognized
[06Jun2026 05:47:01.316] [main/WARN] [indestructible/]: efn:biped/yamato/biped_hitback_1 can't be recognized
[06Jun2026 05:47:01.316] [main/WARN] [indestructible/]: efn:biped/yamato/biped_hitback_1 can't be recognized
[06Jun2026 05:47:01.328] [main/WARN] [indestructible/]: efn:biped/yamato/biped_hitback_1 can't be recognized
[06Jun2026 05:47:01.328] [main/WARN] [indestructible/]: epicfightx:biped/skill/revelation_normal can't be recognized
[06Jun2026 05:47:01.329] [main/WARN] [indestructible/]: efn:biped/yamato/biped_hitback_1 can't be recognized
[06Jun2026 05:47:01.329] [main/WARN] [indestructible/]: efn:biped/yamato/biped_hitback_1 can't be recognized
[06Jun2026 05:47:01.329] [main/WARN] [indestructible/]: efn:biped/yamato/biped_hitback_1 can't be recognized
[06Jun2026 05:47:01.329] [main/WARN] [indestructible/]: efn:biped/yamato/biped_hitback_1 can't be recognized
[06Jun2026 05:47:01.329] [main/WARN] [indestructible/]: efn:biped/yamato/biped_hitback_1 can't be recognized
[06Jun2026 05:47:01.329] [main/WARN] [indestructible/]: efn:biped/yamato/biped_hitback_1 can't be recognized
[06Jun2026 05:47:01.329] [main/WARN] [indestructible/]: efn:biped/yamato/biped_hitback_1 can't be recognized
[06Jun2026 05:47:01.329] [main/WARN] [indestructible/]: efn:biped/yamato/biped_hitback_1 can't be recognized
[06Jun2026 05:47:01.329] [main/WARN] [indestructible/]: efn:biped/ng_greatsword/ng_great_skill_clash can't be recognized
[06Jun2026 05:47:01.329] [main/WARN] [indestructible/]: efn:biped/yamato/biped_hitback_1 can't be recognized
[06Jun2026 05:47:01.329] [main/WARN] [indestructible/]: efn:biped/yamato/biped_hitback_1 can't be recognized
[06Jun2026 05:47:01.329] [main/WARN] [indestructible/]: efn:biped/yamato/biped_hitback_1 can't be recognized
[06Jun2026 05:47:01.330] [main/WARN] [indestructible/]: efn:biped/yamato/biped_hitback_1 can't be recognized
[06Jun2026 05:47:01.330] [main/WARN] [indestructible/]: efn:biped/yamato/biped_hitback_1 can't be recognized
[06Jun2026 05:47:01.330] [main/WARN] [indestructible/]: efn:biped/yamato/biped_hitback_1 can't be recognized
[06Jun2026 05:47:01.330] [main/WARN] [indestructible/]: efn:biped/yamato/biped_hitback_1 can't be recognized
[06Jun2026 05:47:01.330] [main/WARN] [indestructible/]: efn:biped/yamato/biped_hitback_1 can't be recognized
[06Jun2026 05:47:01.330] [main/WARN] [indestructible/]: efn:biped/nf_meen/nf_meen_auto4 can't be recognized
[06Jun2026 05:47:01.330] [main/WARN] [indestructible/]: efn:biped/yamato/biped_hitback_1 can't be recognized
[06Jun2026 05:47:01.330] [main/WARN] [indestructible/]: efn:biped/yamato/biped_hitback_1 can't be recognized
[06Jun2026 05:47:01.330] [main/WARN] [indestructible/]: efn:biped/yamato/biped_hitback_1 can't be recognized
[06Jun2026 05:47:01.330] [main/WARN] [indestructible/]: efn:biped/yamato/biped_hitback_1 can't be recognized
[06Jun2026 05:47:01.331] [main/WARN] [indestructible/]: efn:biped/yamato/biped_hitback_1 can't be recognized
[06Jun2026 05:47:01.331] [main/WARN] [indestructible/]: efn:biped/yamato/biped_hitback_1 can't be recognized
[06Jun2026 05:47:01.331] [main/WARN] [indestructible/]: efn:biped/yamato/biped_hitback_1 can't be recognized
[06Jun2026 05:47:01.331] [main/WARN] [indestructible/]: efn:biped/yamato/biped_hitback_1 can't be recognized
[06Jun2026 05:47:01.331] [main/WARN] [indestructible/]: efn:biped/nf_tachi/nf_tachi_bloodlust_end can't be recognized
[06Jun2026 05:47:01.331] [main/WARN] [indestructible/]: efn:biped/yamato/biped_hitback_1 can't be recognized
[06Jun2026 05:47:01.331] [main/WARN] [indestructible/]: efn:biped/yamato/biped_hitback_1 can't be recognized
[06Jun2026 05:47:01.331] [main/WARN] [indestructible/]: efn:biped/yamato/biped_hitback_1 can't be recognized
[06Jun2026 05:47:01.331] [main/WARN] [indestructible/]: efn:biped/yamato/biped_hitback_1 can't be recognized
[06Jun2026 05:47:01.331] [main/WARN] [indestructible/]: efn:biped/yamato/biped_hitback_1 can't be recognized
[06Jun2026 05:47:01.331] [main/WARN] [indestructible/]: efn:biped/yamato/biped_hitback_1 can't be recognized
[06Jun2026 05:47:01.332] [main/WARN] [indestructible/]: efn:biped/yamato/biped_hitback_1 can't be recognized
[06Jun2026 05:47:01.332] [main/WARN] [indestructible/]: epicfightx:biped/combat/uchigatana_sheath_dash can't be recognized
[06Jun2026 05:47:01.332] [main/WARN] [indestructible/]: efn:biped/yamato/biped_hitback_1 can't be recognized
[06Jun2026 05:47:01.332] [main/WARN] [indestructible/]: efn:biped/yamato/biped_hitback_1 can't be recognized
[06Jun2026 05:47:01.332] [main/WARN] [indestructible/]: efn:biped/yamato/biped_hitback_1 can't be recognized
[06Jun2026 05:47:01.332] [main/WARN] [indestructible/]: efn:biped/yamato/biped_hitback_1 can't be recognized
[06Jun2026 05:47:01.332] [main/WARN] [indestructible/]: efn:biped/yamato/biped_hitback_1 can't be recognized
[06Jun2026 05:47:01.332] [main/WARN] [indestructible/]: efn:biped/yamato/biped_hitback_1 can't be recognized
[06Jun2026 05:47:01.332] [main/WARN] [indestructible/]: efn:biped/yamato/biped_hitback_1 can't be recognized
[06Jun2026 05:47:01.333] [main/WARN] [indestructible/]: efn:biped/yamato/biped_hitback_1 can't be recognized
[06Jun2026 05:47:01.333] [main/WARN] [indestructible/]: epicfightx:biped/combat/dagger_airslash can't be recognized
[06Jun2026 05:47:01.333] [main/WARN] [indestructible/]: efn:biped/yamato/biped_hitback_1 can't be recognized
[06Jun2026 05:47:01.333] [main/WARN] [indestructible/]: efn:biped/yamato/biped_hitback_1 can't be recognized
[06Jun2026 05:47:01.333] [main/WARN] [indestructible/]: efn:biped/yamato/biped_hitback_1 can't be recognized
[06Jun2026 05:47:01.333] [main/WARN] [indestructible/]: efn:biped/yamato/biped_hitback_1 can't be recognized
[06Jun2026 05:47:01.333] [main/WARN] [indestructible/]: efn:biped/yamato/biped_hitback_1 can't be recognized
[06Jun2026 05:47:01.333] [main/WARN] [indestructible/]: efn:biped/yamato/biped_hitback_1 can't be recognized
[06Jun2026 05:47:01.333] [main/WARN] [indestructible/]: efn:biped/yamato/biped_hitback_1 can't be recognized
[06Jun2026 05:47:01.333] [main/WARN] [indestructible/]: epicfightx:biped/combat/dagger_dual_dash can't be recognized
[06Jun2026 05:47:01.334] [main/WARN] [indestructible/]: efn:biped/yamato/biped_hitback_1 can't be recognized
[06Jun2026 05:47:01.334] [main/WARN] [indestructible/]: efn:biped/yamato/biped_hitback_1 can't be recognized
[06Jun2026 05:47:01.334] [main/WARN] [indestructible/]: efn:biped/yamato/biped_hitback_1 can't be recognized
[06Jun2026 05:47:01.334] [main/WARN] [indestructible/]: efn:biped/yamato/biped_hitback_1 can't be recognized
[06Jun2026 05:47:01.334] [main/WARN] [indestructible/]: efn:biped/yamato/biped_hitback_1 can't be recognized
[06Jun2026 05:47:01.334] [main/WARN] [indestructible/]: efn:biped/yamato/biped_hitback_1 can't be recognized
[06Jun2026 05:47:01.334] [main/WARN] [indestructible/]: efn:biped/yamato/biped_hitback_1 can't be recognized
[06Jun2026 05:47:01.334] [main/WARN] [indestructible/]: epicfightx:biped/skill/dancing_edge can't be recognized
[06Jun2026 05:47:01.334] [main/WARN] [indestructible/]: efn:biped/yamato/biped_hitback_1 can't be recognized
[06Jun2026 05:47:01.334] [main/WARN] [indestructible/]: efn:biped/yamato/biped_hitback_1 can't be recognized
[06Jun2026 05:47:01.334] [main/WARN] [indestructible/]: efn:biped/yamato/biped_hitback_1 can't be recognized
[06Jun2026 05:47:01.335] [main/WARN] [indestructible/]: efn:biped/yamato/biped_hitback_1 can't be recognized
[06Jun2026 05:47:01.335] [main/WARN] [indestructible/]: efn:biped/yamato/biped_hitback_1 can't be recognized
[06Jun2026 05:47:01.335] [main/WARN] [indestructible/]: efn:biped/yamato/biped_hitback_1 can't be recognized
[06Jun2026 05:47:01.335] [main/WARN] [indestructible/]: efn:biped/yamato/biped_hitback_1 can't be recognized
[06Jun2026 05:47:01.335] [main/WARN] [indestructible/]: efn:biped/yamato/biped_hitback_air can't be recognized
[06Jun2026 05:47:01.335] [main/WARN] [indestructible/]: efn:biped/nf_claw/nf_claw_auto3 can't be recognized
[06Jun2026 05:47:01.335] [main/WARN] [indestructible/]: efn:biped/yamato/biped_hitback_1 can't be recognized
[06Jun2026 05:47:01.335] [main/WARN] [indestructible/]: efn:biped/yamato/biped_hitback_1 can't be recognized
[06Jun2026 05:47:01.335] [main/WARN] [indestructible/]: efn:biped/yamato/biped_hitback_1 can't be recognized
[06Jun2026 05:47:01.335] [main/WARN] [indestructible/]: efn:biped/yamato/biped_hitback_1 can't be recognized
[06Jun2026 05:47:01.336] [main/WARN] [indestructible/]: efn:biped/yamato/biped_hitback_1 can't be recognized
[06Jun2026 05:47:01.336] [main/WARN] [indestructible/]: efn:biped/yamato/biped_hitback_1 can't be recognized
[06Jun2026 05:47:01.336] [main/WARN] [indestructible/]: efn:biped/yamato/biped_hitback_1 can't be recognized
[06Jun2026 05:47:01.336] [main/WARN] [indestructible/]: efn:biped/yamato/biped_hitback_1 can't be recognized
[06Jun2026 05:47:01.336] [main/WARN] [indestructible/]: efn:biped/nf_sword/nf_sword_skill can't be recognized
[06Jun2026 05:47:01.336] [main/WARN] [indestructible/]: efn:biped/yamato/biped_hitback_1 can't be recognized
[06Jun2026 05:47:01.336] [main/WARN] [indestructible/]: efn:biped/yamato/biped_hitback_1 can't be recognized
[06Jun2026 05:47:01.336] [main/WARN] [indestructible/]: efn:biped/yamato/biped_hitback_1 can't be recognized
[06Jun2026 05:47:01.336] [main/WARN] [indestructible/]: efn:biped/yamato/biped_hitback_1 can't be recognized
[06Jun2026 05:47:01.336] [main/WARN] [indestructible/]: efn:biped/yamato/biped_hitback_1 can't be recognized
[06Jun2026 05:47:01.336] [main/WARN] [indestructible/]: efn:biped/yamato/biped_hitback_1 can't be recognized
[06Jun2026 05:47:01.337] [main/WARN] [indestructible/]: efn:biped/yamato/biped_hitback_1 can't be recognized
[06Jun2026 05:47:01.337] [main/WARN] [indestructible/]: efn:biped/yamato/biped_hitback_1 can't be recognized
[06Jun2026 05:47:01.337] [main/WARN] [indestructible/]: efn:biped/yamato/biped_hitback_1 can't be recognized
[06Jun2026 05:47:01.337] [main/WARN] [indestructible/]: efn:biped/yamato/biped_hitback_1 can't be recognized
[06Jun2026 05:47:01.337] [main/WARN] [indestructible/]: efn:biped/yamato/biped_hitback_1 can't be recognized
[06Jun2026 05:47:01.337] [main/WARN] [indestructible/]: efn:biped/yamato/biped_hitback_1 can't be recognized
[06Jun2026 05:47:01.337] [main/WARN] [indestructible/]: efn:biped/yamato/biped_hitback_1 can't be recognized
[06Jun2026 05:47:01.337] [main/WARN] [indestructible/]: efn:biped/yamato/biped_hitback_1 can't be recognized
[06Jun2026 05:47:01.337] [main/WARN] [indestructible/]: efn:biped/yamato/biped_hitback_1 can't be recognized
[06Jun2026 05:47:01.345] [main/WARN] [indestructible/]: epicfight:biped/skill/guard_sword_hit_active2 can't be recognized
[06Jun2026 05:47:01.345] [main/WARN] [indestructible/]: epicfight:biped/skill/guard_sword_hit_active1 can't be recognized
[06Jun2026 05:47:01.346] [main/WARN] [indestructible/]: epicfight:biped/skill/guard_sword_hit_active2 can't be recognized
[06Jun2026 05:47:01.346] [main/WARN] [indestructible/]: epicfightx:biped/skill/guard_longsword can't be recognized
[06Jun2026 05:47:01.346] [main/WARN] [indestructible/]: epicfightx:biped/skill/guard_longsword can't be recognized
[06Jun2026 05:47:01.346] [main/WARN] [indestructible/]: epicfightx:biped/skill/guard_longsword can't be recognized
[06Jun2026 05:47:01.347] [main/WARN] [indestructible/]: epicfightx:biped/skill/guard_longsword_hit_active2 can't be recognized
[06Jun2026 05:47:01.347] [main/WARN] [indestructible/]: epicfightx:biped/skill/guard_longsword_hit_active1 can't be recognized
[06Jun2026 05:47:01.347] [main/WARN] [indestructible/]: epicfightx:biped/skill/guard_longsword can't be recognized
[06Jun2026 05:47:01.347] [main/WARN] [indestructible/]: epicfightx:biped/skill/guard_longsword can't be recognized
[06Jun2026 05:47:01.347] [main/WARN] [indestructible/]: epicfightx:biped/skill/guard_longsword can't be recognized
[06Jun2026 05:47:01.352] [main/WARN] [indestructible/]: epicfight:biped/skill/guard_longsword can't be recognized
[06Jun2026 05:47:01.353] [main/WARN] [indestructible/]: epicfight:biped/skill/guard_longsword_hit_active1 can't be recognized
[06Jun2026 05:47:01.353] [main/WARN] [indestructible/]: epicfight:biped/skill/guard_longsword_hit_active2 can't be recognized
[06Jun2026 05:47:01.353] [main/WARN] [indestructible/]: epicfight:biped/skill/guard_longsword_hit_active1 can't be recognized
[06Jun2026 05:47:01.356] [main/WARN] [indestructible/]: efn:biped/yamato/biped_hitback_1 can't be recognized
[06Jun2026 05:47:01.356] [main/WARN] [indestructible/]: wom:biped/combat/enderblaster_onehand_dash can't be recognized
[06Jun2026 05:47:01.356] [main/WARN] [indestructible/]: efn:biped/nf_shortsword/nf_shortsword_auto5 can't be recognized
[06Jun2026 05:47:01.356] [main/WARN] [indestructible/]: efn:biped/hf_murasama/combat/hf_murasama_counter can't be recognized
[06Jun2026 05:47:01.357] [main/WARN] [indestructible/]: epicfightx:biped/skill/revelation_twohand can't be recognized
[06Jun2026 05:47:01.357] [main/WARN] [indestructible/]: p1nero_bow:biped/elbow_2 can't be recognized
[06Jun2026 05:47:01.357] [main/WARN] [indestructible/]: efn:biped/hf_murasama/combat/hf_murasama_counter can't be recognized
[06Jun2026 05:47:01.358] [main/WARN] [indestructible/]: efn:biped/hf_murasama/skill/hf_murasama_dash_y_sp can't be recognized
[06Jun2026 05:47:01.363] [main/WARN] [indestructible/]: epicfight:biped/skill/guard_sword_hit_active1 can't be recognized
[06Jun2026 05:47:01.363] [main/WARN] [indestructible/]: epicfight:biped/skill/guard_sword_hit_active2 can't be recognized
[06Jun2026 05:47:01.363] [main/WARN] [indestructible/]: epicfight:biped/skill/guard_sword_hit_active1 can't be recognized
[06Jun2026 05:47:01.375] [main/WARN] [indestructible/]: efn:biped/yamato/biped_hitback_1 can't be recognized
[06Jun2026 05:47:01.376] [main/WARN] [indestructible/]: epicfightx:biped/skill/revelation_normal can't be recognized
[06Jun2026 05:47:01.376] [main/WARN] [indestructible/]: efn:biped/yamato/biped_hitback_1 can't be recognized
[06Jun2026 05:47:01.376] [main/WARN] [indestructible/]: efn:biped/yamato/biped_hitback_1 can't be recognized
[06Jun2026 05:47:01.376] [main/WARN] [indestructible/]: efn:biped/yamato/biped_hitback_1 can't be recognized
[06Jun2026 05:47:01.376] [main/WARN] [indestructible/]: efn:biped/yamato/biped_hitback_1 can't be recognized
[06Jun2026 05:47:01.376] [main/WARN] [indestructible/]: efn:biped/yamato/biped_hitback_1 can't be recognized
[06Jun2026 05:47:01.376] [main/WARN] [indestructible/]: efn:biped/yamato/biped_hitback_1 can't be recognized
[06Jun2026 05:47:01.376] [main/WARN] [indestructible/]: efn:biped/yamato/biped_hitback_1 can't be recognized
[06Jun2026 05:47:01.376] [main/WARN] [indestructible/]: efn:biped/yamato/biped_hitback_1 can't be recognized
[06Jun2026 05:47:01.376] [main/WARN] [indestructible/]: efn:biped/ng_greatsword/ng_great_skill_clash can't be recognized
[06Jun2026 05:47:01.376] [main/WARN] [indestructible/]: efn:biped/yamato/biped_hitback_1 can't be recognized
[06Jun2026 05:47:01.377] [main/WARN] [indestructible/]: efn:biped/yamato/biped_hitback_1 can't be recognized
[06Jun2026 05:47:01.377] [main/WARN] [indestructible/]: efn:biped/yamato/biped_hitback_1 can't be recognized
[06Jun2026 05:47:01.377] [main/WARN] [indestructible/]: efn:biped/yamato/biped_hitback_1 can't be recognized
[06Jun2026 05:47:01.377] [main/WARN] [indestructible/]: efn:biped/yamato/biped_hitback_1 can't be recognized
[06Jun2026 05:47:01.377] [main/WARN] [indestructible/]: efn:biped/yamato/biped_hitback_1 can't be recognized
[06Jun2026 05:47:01.377] [main/WARN] [indestructible/]: efn:biped/yamato/biped_hitback_1 can't be recognized
[06Jun2026 05:47:01.377] [main/WARN] [indestructible/]: efn:biped/yamato/biped_hitback_1 can't be recognized
[06Jun2026 05:47:01.377] [main/WARN] [indestructible/]: efn:biped/nf_meen/nf_meen_auto4 can't be recognized
[06Jun2026 05:47:01.377] [main/WARN] [indestructible/]: efn:biped/yamato/biped_hitback_1 can't be recognized
[06Jun2026 05:47:01.377] [main/WARN] [indestructible/]: efn:biped/yamato/biped_hitback_1 can't be recognized
[06Jun2026 05:47:01.377] [main/WARN] [indestructible/]: efn:biped/yamato/biped_hitback_1 can't be recognized
[06Jun2026 05:47:01.378] [main/WARN] [indestructible/]: efn:biped/yamato/biped_hitback_1 can't be recognized
[06Jun2026 05:47:01.378] [main/WARN] [indestructible/]: efn:biped/yamato/biped_hitback_1 can't be recognized
[06Jun2026 05:47:01.378] [main/WARN] [indestructible/]: efn:biped/yamato/biped_hitback_1 can't be recognized
[06Jun2026 05:47:01.378] [main/WARN] [indestructible/]: efn:biped/yamato/biped_hitback_1 can't be recognized
[06Jun2026 05:47:01.378] [main/WARN] [indestructible/]: efn:biped/yamato/biped_hitback_1 can't be recognized
[06Jun2026 05:47:01.378] [main/WARN] [indestructible/]: efn:biped/nf_tachi/nf_tachi_bloodlust_end can't be recognized
[06Jun2026 05:47:01.378] [main/WARN] [indestructible/]: efn:biped/yamato/biped_hitback_1 can't be recognized
[06Jun2026 05:47:01.378] [main/WARN] [indestructible/]: efn:biped/yamato/biped_hitback_1 can't be recognized
[06Jun2026 05:47:01.378] [main/WARN] [indestructible/]: efn:biped/yamato/biped_hitback_1 can't be recognized
[06Jun2026 05:47:01.378] [main/WARN] [indestructible/]: efn:biped/yamato/biped_hitback_1 can't be recognized
[06Jun2026 05:47:01.378] [main/WARN] [indestructible/]: efn:biped/yamato/biped_hitback_1 can't be recognized
[06Jun2026 05:47:01.378] [main/WARN] [indestructible/]: efn:biped/yamato/biped_hitback_1 can't be recognized
[06Jun2026 05:47:01.379] [main/WARN] [indestructible/]: efn:biped/yamato/biped_hitback_1 can't be recognized
[06Jun2026 05:47:01.379] [main/WARN] [indestructible/]: epicfightx:biped/combat/uchigatana_sheath_dash can't be recognized
[06Jun2026 05:47:01.379] [main/WARN] [indestructible/]: efn:biped/yamato/biped_hitback_1 can't be recognized
[06Jun2026 05:47:01.379] [main/WARN] [indestructible/]: efn:biped/yamato/biped_hitback_1 can't be recognized
[06Jun2026 05:47:01.379] [main/WARN] [indestructible/]: efn:biped/yamato/biped_hitback_1 can't be recognized
[06Jun2026 05:47:01.379] [main/WARN] [indestructible/]: efn:biped/yamato/biped_hitback_1 can't be recognized
[06Jun2026 05:47:01.379] [main/WARN] [indestructible/]: efn:biped/yamato/biped_hitback_1 can't be recognized
[06Jun2026 05:47:01.379] [main/WARN] [indestructible/]: efn:biped/yamato/biped_hitback_1 can't be recognized
[06Jun2026 05:47:01.379] [main/WARN] [indestructible/]: efn:biped/yamato/biped_hitback_1 can't be recognized
[06Jun2026 05:47:01.379] [main/WARN] [indestructible/]: efn:biped/yamato/biped_hitback_1 can't be recognized
[06Jun2026 05:47:01.379] [main/WARN] [indestructible/]: epicfightx:biped/combat/dagger_airslash can't be recognized
[06Jun2026 05:47:01.380] [main/WARN] [indestructible/]: efn:biped/yamato/biped_hitback_1 can't be recognized
[06Jun2026 05:47:01.380] [main/WARN] [indestructible/]: efn:biped/yamato/biped_hitback_1 can't be recognized
[06Jun2026 05:47:01.380] [main/WARN] [indestructible/]: efn:biped/yamato/biped_hitback_1 can't be recognized
[06Jun2026 05:47:01.380] [main/WARN] [indestructible/]: efn:biped/yamato/biped_hitback_1 can't be recognized
[06Jun2026 05:47:01.380] [main/WARN] [indestructible/]: efn:biped/yamato/biped_hitback_1 can't be recognized
[06Jun2026 05:47:01.380] [main/WARN] [indestructible/]: efn:biped/yamato/biped_hitback_1 can't be recognized
[06Jun2026 05:47:01.380] [main/WARN] [indestructible/]: efn:biped/yamato/biped_hitback_1 can't be recognized
[06Jun2026 05:47:01.380] [main/WARN] [indestructible/]: epicfightx:biped/combat/dagger_dual_dash can't be recognized
[06Jun2026 05:47:01.380] [main/WARN] [indestructible/]: efn:biped/yamato/biped_hitback_1 can't be recognized
[06Jun2026 05:47:01.380] [main/WARN] [indestructible/]: efn:biped/yamato/biped_hitback_1 can't be recognized
[06Jun2026 05:47:01.380] [main/WARN] [indestructible/]: efn:biped/yamato/biped_hitback_1 can't be recognized
[06Jun2026 05:47:01.380] [main/WARN] [indestructible/]: efn:biped/yamato/biped_hitback_1 can't be recognized
[06Jun2026 05:47:01.381] [main/WARN] [indestructible/]: efn:biped/yamato/biped_hitback_1 can't be recognized
[06Jun2026 05:47:01.381] [main/WARN] [indestructible/]: efn:biped/yamato/biped_hitback_1 can't be recognized
[06Jun2026 05:47:01.381] [main/WARN] [indestructible/]: efn:biped/yamato/biped_hitback_1 can't be recognized
[06Jun2026 05:47:01.381] [main/WARN] [indestructible/]: epicfightx:biped/skill/dancing_edge can't be recognized
[06Jun2026 05:47:01.381] [main/WARN] [indestructible/]: efn:biped/yamato/biped_hitback_1 can't be recognized
[06Jun2026 05:47:01.381] [main/WARN] [indestructible/]: efn:biped/yamato/biped_hitback_1 can't be recognized
[06Jun2026 05:47:01.381] [main/WARN] [indestructible/]: efn:biped/yamato/biped_hitback_1 can't be recognized
[06Jun2026 05:47:01.381] [main/WARN] [indestructible/]: efn:biped/yamato/biped_hitback_1 can't be recognized
[06Jun2026 05:47:01.381] [main/WARN] [indestructible/]: efn:biped/yamato/biped_hitback_1 can't be recognized
[06Jun2026 05:47:01.381] [main/WARN] [indestructible/]: efn:biped/yamato/biped_hitback_1 can't be recognized
[06Jun2026 05:47:01.381] [main/WARN] [indestructible/]: efn:biped/yamato/biped_hitback_1 can't be recognized
[06Jun2026 05:47:01.382] [main/WARN] [indestructible/]: efn:biped/yamato/biped_hitback_air can't be recognized
[06Jun2026 05:47:01.382] [main/WARN] [indestructible/]: efn:biped/nf_claw/nf_claw_auto3 can't be recognized
[06Jun2026 05:47:01.382] [main/WARN] [indestructible/]: efn:biped/yamato/biped_hitback_1 can't be recognized
[06Jun2026 05:47:01.382] [main/WARN] [indestructible/]: efn:biped/yamato/biped_hitback_1 can't be recognized
[06Jun2026 05:47:01.382] [main/WARN] [indestructible/]: efn:biped/yamato/biped_hitback_1 can't be recognized
[06Jun2026 05:47:01.382] [main/WARN] [indestructible/]: efn:biped/yamato/biped_hitback_1 can't be recognized
[06Jun2026 05:47:01.382] [main/WARN] [indestructible/]: efn:biped/yamato/biped_hitback_1 can't be recognized
[06Jun2026 05:47:01.382] [main/WARN] [indestructible/]: efn:biped/yamato/biped_hitback_1 can't be recognized
[06Jun2026 05:47:01.382] [main/WARN] [indestructible/]: efn:biped/yamato/biped_hitback_1 can't be recognized
[06Jun2026 05:47:01.382] [main/WARN] [indestructible/]: efn:biped/yamato/biped_hitback_1 can't be recognized
[06Jun2026 05:47:01.382] [main/WARN] [indestructible/]: efn:biped/nf_sword/nf_sword_skill can't be recognized
[06Jun2026 05:47:01.382] [main/WARN] [indestructible/]: efn:biped/yamato/biped_hitback_1 can't be recognized
[06Jun2026 05:47:01.382] [main/WARN] [indestructible/]: efn:biped/yamato/biped_hitback_1 can't be recognized
[06Jun2026 05:47:01.382] [main/WARN] [indestructible/]: efn:biped/yamato/biped_hitback_1 can't be recognized
[06Jun2026 05:47:01.383] [main/WARN] [indestructible/]: efn:biped/yamato/biped_hitback_1 can't be recognized
[06Jun2026 05:47:01.384] [main/WARN] [indestructible/]: efn:biped/yamato/biped_hitback_1 can't be recognized
[06Jun2026 05:47:01.384] [main/WARN] [indestructible/]: efn:biped/yamato/biped_hitback_1 can't be recognized
[06Jun2026 05:47:01.384] [main/WARN] [indestructible/]: efn:biped/yamato/biped_hitback_1 can't be recognized
[06Jun2026 05:47:01.384] [main/WARN] [indestructible/]: efn:biped/yamato/biped_hitback_1 can't be recognized
[06Jun2026 05:47:01.385] [main/WARN] [indestructible/]: efn:biped/yamato/biped_hitback_1 can't be recognized
[06Jun2026 05:47:01.385] [main/WARN] [indestructible/]: efn:biped/yamato/biped_hitback_1 can't be recognized
[06Jun2026 05:47:01.385] [main/WARN] [indestructible/]: efn:biped/yamato/biped_hitback_1 can't be recognized
[06Jun2026 05:47:01.385] [main/WARN] [indestructible/]: efn:biped/yamato/biped_hitback_1 can't be recognized
[06Jun2026 05:47:01.385] [main/WARN] [indestructible/]: efn:biped/yamato/biped_hitback_1 can't be recognized
[06Jun2026 05:47:01.385] [main/WARN] [indestructible/]: efn:biped/yamato/biped_hitback_1 can't be recognized
[06Jun2026 05:47:01.386] [main/WARN] [indestructible/]: efn:biped/yamato/biped_hitback_1 can't be recognized
[06Jun2026 05:47:01.399] [main/WARN] [indestructible/]: epicfight:biped/skill/guard_sword_hit_active2 can't be recognized
[06Jun2026 05:47:01.400] [main/WARN] [indestructible/]: epicfight:biped/skill/guard_sword_hit_active1 can't be recognized
[06Jun2026 05:47:01.400] [main/WARN] [indestructible/]: epicfight:biped/skill/guard_sword_hit_active2 can't be recognized
[06Jun2026 05:47:01.406] [main/WARN] [indestructible/]: epicfight:biped/skill/guard_sword_hit_active2 can't be recognized
[06Jun2026 05:47:01.406] [main/WARN] [indestructible/]: epicfight:biped/skill/guard_sword_hit_active1 can't be recognized
[06Jun2026 05:47:01.409] [main/WARN] [indestructible/]: efn:biped/yamato/biped_hitback_air can't be recognized
[06Jun2026 05:47:01.409] [main/WARN] [indestructible/]: efn:biped/nf_claw/nf_claw_auto3 can't be recognized
[06Jun2026 05:47:01.409] [main/WARN] [indestructible/]: efn:biped/yamato/biped_hitback_1 can't be recognized
[06Jun2026 05:47:01.409] [main/WARN] [indestructible/]: efn:biped/yamato/biped_hitback_1 can't be recognized
[06Jun2026 05:47:01.409] [main/WARN] [indestructible/]: efn:biped/yamato/biped_hitback_1 can't be recognized
[06Jun2026 05:47:01.409] [main/WARN] [indestructible/]: efn:biped/yamato/biped_hitback_1 can't be recognized
[06Jun2026 05:47:01.409] [main/WARN] [indestructible/]: efn:biped/yamato/biped_hitback_1 can't be recognized
[06Jun2026 05:47:01.409] [main/WARN] [indestructible/]: efn:biped/yamato/biped_hitback_1 can't be recognized
[06Jun2026 05:47:01.409] [main/WARN] [indestructible/]: efn:biped/yamato/biped_hitback_1 can't be recognized
[06Jun2026 05:47:01.419] [main/WARN] [indestructible/]: efn:biped/yamato/biped_hitback_1 can't be recognized
[06Jun2026 05:47:01.419] [main/WARN] [indestructible/]: epicfightx:biped/skill/revelation_normal can't be recognized
[06Jun2026 05:47:01.419] [main/WARN] [indestructible/]: efn:biped/yamato/biped_hitback_1 can't be recognized
[06Jun2026 05:47:01.419] [main/WARN] [indestructible/]: efn:biped/yamato/biped_hitback_1 can't be recognized
[06Jun2026 05:47:01.419] [main/WARN] [indestructible/]: efn:biped/yamato/biped_hitback_1 can't be recognized
[06Jun2026 05:47:01.419] [main/WARN] [indestructible/]: efn:biped/yamato/biped_hitback_1 can't be recognized
[06Jun2026 05:47:01.419] [main/WARN] [indestructible/]: efn:biped/yamato/biped_hitback_1 can't be recognized
[06Jun2026 05:47:01.419] [main/WARN] [indestructible/]: efn:biped/yamato/biped_hitback_1 can't be recognized
[06Jun2026 05:47:01.419] [main/WARN] [indestructible/]: efn:biped/yamato/biped_hitback_1 can't be recognized
[06Jun2026 05:47:01.419] [main/WARN] [indestructible/]: efn:biped/yamato/biped_hitback_1 can't be recognized
[06Jun2026 05:47:01.419] [main/WARN] [indestructible/]: efn:biped/ng_greatsword/ng_great_skill_clash can't be recognized
[06Jun2026 05:47:01.419] [main/WARN] [indestructible/]: efn:biped/yamato/biped_hitback_1 can't be recognized
[06Jun2026 05:47:01.419] [main/WARN] [indestructible/]: efn:biped/yamato/biped_hitback_1 can't be recognized
[06Jun2026 05:47:01.420] [main/WARN] [indestructible/]: efn:biped/yamato/biped_hitback_1 can't be recognized
[06Jun2026 05:47:01.420] [main/WARN] [indestructible/]: efn:biped/yamato/biped_hitback_1 can't be recognized
[06Jun2026 05:47:01.420] [main/WARN] [indestructible/]: efn:biped/yamato/biped_hitback_1 can't be recognized
[06Jun2026 05:47:01.420] [main/WARN] [indestructible/]: efn:biped/yamato/biped_hitback_1 can't be recognized
[06Jun2026 05:47:01.420] [main/WARN] [indestructible/]: efn:biped/yamato/biped_hitback_1 can't be recognized
[06Jun2026 05:47:01.420] [main/WARN] [indestructible/]: efn:biped/yamato/biped_hitback_1 can't be recognized
[06Jun2026 05:47:01.420] [main/WARN] [indestructible/]: efn:biped/nf_meen/nf_meen_auto4 can't be recognized
[06Jun2026 05:47:01.420] [main/WARN] [indestructible/]: efn:biped/yamato/biped_hitback_1 can't be recognized
[06Jun2026 05:47:01.420] [main/WARN] [indestructible/]: efn:biped/yamato/biped_hitback_1 can't be recognized
[06Jun2026 05:47:01.420] [main/WARN] [indestructible/]: efn:biped/yamato/biped_hitback_1 can't be recognized
[06Jun2026 05:47:01.420] [main/WARN] [indestructible/]: efn:biped/yamato/biped_hitback_1 can't be recognized
[06Jun2026 05:47:01.420] [main/WARN] [indestructible/]: efn:biped/yamato/biped_hitback_1 can't be recognized
[06Jun2026 05:47:01.420] [main/WARN] [indestructible/]: efn:biped/yamato/biped_hitback_1 can't be recognized
[06Jun2026 05:47:01.420] [main/WARN] [indestructible/]: efn:biped/yamato/biped_hitback_1 can't be recognized
[06Jun2026 05:47:01.421] [main/WARN] [indestructible/]: efn:biped/yamato/biped_hitback_1 can't be recognized
[06Jun2026 05:47:01.421] [main/WARN] [indestructible/]: efn:biped/nf_tachi/nf_tachi_bloodlust_end can't be recognized
[06Jun2026 05:47:01.421] [main/WARN] [indestructible/]: efn:biped/yamato/biped_hitback_1 can't be recognized
[06Jun2026 05:47:01.421] [main/WARN] [indestructible/]: efn:biped/yamato/biped_hitback_1 can't be recognized
[06Jun2026 05:47:01.421] [main/WARN] [indestructible/]: efn:biped/yamato/biped_hitback_1 can't be recognized
[06Jun2026 05:47:01.421] [main/WARN] [indestructible/]: efn:biped/yamato/biped_hitback_1 can't be recognized
[06Jun2026 05:47:01.421] [main/WARN] [indestructible/]: efn:biped/yamato/biped_hitback_1 can't be recognized
[06Jun2026 05:47:01.421] [main/WARN] [indestructible/]: efn:biped/yamato/biped_hitback_1 can't be recognized
[06Jun2026 05:47:01.421] [main/WARN] [indestructible/]: efn:biped/yamato/biped_hitback_1 can't be recognized
[06Jun2026 05:47:01.421] [main/WARN] [indestructible/]: epicfightx:biped/combat/uchigatana_sheath_dash can't be recognized
[06Jun2026 05:47:01.421] [main/WARN] [indestructible/]: efn:biped/yamato/biped_hitback_1 can't be recognized
[06Jun2026 05:47:01.421] [main/WARN] [indestructible/]: efn:biped/yamato/biped_hitback_1 can't be recognized
[06Jun2026 05:47:01.421] [main/WARN] [indestructible/]: efn:biped/yamato/biped_hitback_1 can't be recognized
[06Jun2026 05:47:01.421] [main/WARN] [indestructible/]: efn:biped/yamato/biped_hitback_1 can't be recognized
[06Jun2026 05:47:01.421] [main/WARN] [indestructible/]: efn:biped/yamato/biped_hitback_1 can't be recognized
[06Jun2026 05:47:01.422] [main/WARN] [indestructible/]: efn:biped/yamato/biped_hitback_1 can't be recognized
[06Jun2026 05:47:01.422] [main/WARN] [indestructible/]: efn:biped/yamato/biped_hitback_1 can't be recognized
[06Jun2026 05:47:01.422] [main/WARN] [indestructible/]: efn:biped/yamato/biped_hitback_1 can't be recognized
[06Jun2026 05:47:01.422] [main/WARN] [indestructible/]: epicfightx:biped/combat/dagger_airslash can't be recognized
[06Jun2026 05:47:01.422] [main/WARN] [indestructible/]: efn:biped/yamato/biped_hitback_1 can't be recognized
[06Jun2026 05:47:01.422] [main/WARN] [indestructible/]: efn:biped/yamato/biped_hitback_1 can't be recognized
[06Jun2026 05:47:01.422] [main/WARN] [indestructible/]: efn:biped/yamato/biped_hitback_1 can't be recognized
[06Jun2026 05:47:01.422] [main/WARN] [indestructible/]: efn:biped/yamato/biped_hitback_1 can't be recognized
[06Jun2026 05:47:01.422] [main/WARN] [indestructible/]: efn:biped/yamato/biped_hitback_1 can't be recognized
[06Jun2026 05:47:01.422] [main/WARN] [indestructible/]: efn:biped/yamato/biped_hitback_1 can't be recognized
[06Jun2026 05:47:01.422] [main/WARN] [indestructible/]: efn:biped/yamato/biped_hitback_1 can't be recognized
[06Jun2026 05:47:01.422] [main/WARN] [indestructible/]: epicfightx:biped/combat/dagger_dual_dash can't be recognized
[06Jun2026 05:47:01.422] [main/WARN] [indestructible/]: efn:biped/yamato/biped_hitback_1 can't be recognized
[06Jun2026 05:47:01.422] [main/WARN] [indestructible/]: efn:biped/yamato/biped_hitback_1 can't be recognized
[06Jun2026 05:47:01.423] [main/WARN] [indestructible/]: efn:biped/yamato/biped_hitback_1 can't be recognized
[06Jun2026 05:47:01.423] [main/WARN] [indestructible/]: efn:biped/yamato/biped_hitback_1 can't be recognized
[06Jun2026 05:47:01.423] [main/WARN] [indestructible/]: efn:biped/yamato/biped_hitback_1 can't be recognized
[06Jun2026 05:47:01.423] [main/WARN] [indestructible/]: efn:biped/yamato/biped_hitback_1 can't be recognized
[06Jun2026 05:47:01.423] [main/WARN] [indestructible/]: efn:biped/yamato/biped_hitback_1 can't be recognized
[06Jun2026 05:47:01.423] [main/WARN] [indestructible/]: epicfightx:biped/skill/dancing_edge can't be recognized
[06Jun2026 05:47:01.423] [main/WARN] [indestructible/]: efn:biped/yamato/biped_hitback_1 can't be recognized
[06Jun2026 05:47:01.423] [main/WARN] [indestructible/]: efn:biped/yamato/biped_hitback_1 can't be recognized
[06Jun2026 05:47:01.423] [main/WARN] [indestructible/]: efn:biped/yamato/biped_hitback_1 can't be recognized
[06Jun2026 05:47:01.423] [main/WARN] [indestructible/]: efn:biped/yamato/biped_hitback_1 can't be recognized
[06Jun2026 05:47:01.423] [main/WARN] [indestructible/]: efn:biped/yamato/biped_hitback_1 can't be recognized
[06Jun2026 05:47:01.423] [main/WARN] [indestructible/]: efn:biped/yamato/biped_hitback_1 can't be recognized
[06Jun2026 05:47:01.423] [main/WARN] [indestructible/]: efn:biped/yamato/biped_hitback_1 can't be recognized
[06Jun2026 05:47:01.423] [main/WARN] [indestructible/]: efn:biped/yamato/biped_hitback_air can't be recognized
[06Jun2026 05:47:01.424] [main/WARN] [indestructible/]: efn:biped/nf_claw/nf_claw_auto3 can't be recognized
[06Jun2026 05:47:01.424] [main/WARN] [indestructible/]: efn:biped/yamato/biped_hitback_1 can't be recognized
[06Jun2026 05:47:01.424] [main/WARN] [indestructible/]: efn:biped/yamato/biped_hitback_1 can't be recognized
[06Jun2026 05:47:01.424] [main/WARN] [indestructible/]: efn:biped/yamato/biped_hitback_1 can't be recognized
[06Jun2026 05:47:01.424] [main/WARN] [indestructible/]: efn:biped/yamato/biped_hitback_1 can't be recognized
[06Jun2026 05:47:01.424] [main/WARN] [indestructible/]: efn:biped/yamato/biped_hitback_1 can't be recognized
[06Jun2026 05:47:01.424] [main/WARN] [indestructible/]: efn:biped/yamato/biped_hitback_1 can't be recognized
[06Jun2026 05:47:01.424] [main/WARN] [indestructible/]: efn:biped/yamato/biped_hitback_1 can't be recognized
[06Jun2026 05:47:01.424] [main/WARN] [indestructible/]: efn:biped/yamato/biped_hitback_1 can't be recognized
[06Jun2026 05:47:01.424] [main/WARN] [indestructible/]: efn:biped/nf_sword/nf_sword_skill can't be recognized
[06Jun2026 05:47:01.424] [main/WARN] [indestructible/]: efn:biped/yamato/biped_hitback_1 can't be recognized
[06Jun2026 05:47:01.424] [main/WARN] [indestructible/]: efn:biped/yamato/biped_hitback_1 can't be recognized
[06Jun2026 05:47:01.424] [main/WARN] [indestructible/]: efn:biped/yamato/biped_hitback_1 can't be recognized
[06Jun2026 05:47:01.424] [main/WARN] [indestructible/]: efn:biped/yamato/biped_hitback_1 can't be recognized
[06Jun2026 05:47:01.424] [main/WARN] [indestructible/]: efn:biped/yamato/biped_hitback_1 can't be recognized
[06Jun2026 05:47:01.425] [main/WARN] [indestructible/]: efn:biped/yamato/biped_hitback_1 can't be recognized
[06Jun2026 05:47:01.425] [main/WARN] [indestructible/]: efn:biped/yamato/biped_hitback_1 can't be recognized
[06Jun2026 05:47:01.425] [main/WARN] [indestructible/]: efn:biped/yamato/biped_hitback_1 can't be recognized
[06Jun2026 05:47:01.425] [main/WARN] [indestructible/]: efn:biped/yamato/biped_hitback_1 can't be recognized
[06Jun2026 05:47:01.425] [main/WARN] [indestructible/]: efn:biped/yamato/biped_hitback_1 can't be recognized
[06Jun2026 05:47:01.425] [main/WARN] [indestructible/]: efn:biped/yamato/biped_hitback_1 can't be recognized
[06Jun2026 05:47:01.425] [main/WARN] [indestructible/]: efn:biped/yamato/biped_hitback_1 can't be recognized
[06Jun2026 05:47:01.425] [main/WARN] [indestructible/]: efn:biped/yamato/biped_hitback_1 can't be recognized
[06Jun2026 05:47:01.425] [main/WARN] [indestructible/]: efn:biped/yamato/biped_hitback_1 can't be recognized
[06Jun2026 05:47:01.425] [main/WARN] [indestructible/]: efn:biped/yamato/biped_hitback_1 can't be recognized
[06Jun2026 05:47:01.516] [main/INFO] [Moonlight/]: Applied 18 data villager trades
[06Jun2026 05:47:01.572] [main/INFO] [Supplementaries/]: Finished additional setup in 0 ms
[06Jun2026 05:47:01.604] [main/WARN] [ModernFix/]: Initial datapack load took 34.16 s
[06Jun2026 05:47:01.738] [Server thread/INFO] [net.minecraft.server.dedicated.DedicatedServer/]: Starting minecraft server version 1.20.1
[06Jun2026 05:47:01.739] [Server thread/INFO] [net.minecraft.server.dedicated.DedicatedServer/]: Loading properties
[06Jun2026 05:47:01.739] [Server thread/INFO] [net.minecraft.server.dedicated.DedicatedServer/]: Default game type: SURVIVAL
[06Jun2026 05:47:01.739] [Server thread/INFO] [net.minecraft.server.MinecraftServer/]: Generating keypair
[06Jun2026 05:47:01.871] [Server thread/INFO] [net.minecraft.server.dedicated.DedicatedServer/]: Starting Minecraft server on *:25565
[06Jun2026 05:47:01.934] [Server thread/INFO] [net.minecraft.server.network.ServerConnectionListener/]: Using epoll channel type
[06Jun2026 05:47:02.031] [Server thread/WARN] [net.minecraft.server.dedicated.DedicatedServer/]: **** SERVER IS RUNNING IN OFFLINE/INSECURE MODE!
[06Jun2026 05:47:02.032] [Server thread/WARN] [net.minecraft.server.dedicated.DedicatedServer/]: The server will make no attempt to authenticate usernames. Beware.
[06Jun2026 05:47:02.032] [Server thread/WARN] [net.minecraft.server.dedicated.DedicatedServer/]: While this makes the game possible to play without internet access, it also opens up the ability for hackers to connect with any username they choose.
[06Jun2026 05:47:02.032] [Server thread/WARN] [net.minecraft.server.dedicated.DedicatedServer/]: To change this, set "online-mode" to "true" in the server.properties file.
[06Jun2026 05:47:02.076] [Server thread/INFO] [Puzzles Lib/]: Loading server config for enchantinginfuser
[06Jun2026 05:47:02.336] [Server thread/INFO] [FTB Teams/]: loaded team data: 3 known players, 3 teams total
[06Jun2026 05:47:02.474] [Server thread/INFO] [spark/]: Starting background profiler...
[06Jun2026 05:47:03.001] [Server thread/INFO] [zeta/]: Server starting, accepting filewatcher changes for zeta's config
[06Jun2026 05:47:03.005] [Server thread/INFO] [quark-zeta/]: Server starting, accepting filewatcher changes for quark's config
[06Jun2026 05:47:03.012] [Thread-0/INFO] [ModernFix/]: Please use /mfsrc to reload any changed mod config files
[06Jun2026 05:47:03.053] [Server thread/INFO] [terrablender/]: Initialized TerraBlender biomes for level stem minecraft:the_nether
[06Jun2026 05:47:03.578] [Server thread/INFO] [terrablender/]: Initialized TerraBlender biomes for level stem minecraft:overworld
[06Jun2026 05:47:03.578] [Server thread/INFO] [citadel/]: Added to village structure pool
[06Jun2026 05:47:03.578] [Server thread/INFO] [citadel/]: Added to village structure pool
[06Jun2026 05:47:03.579] [Server thread/INFO] [citadel/]: Added to village structure pool
[06Jun2026 05:47:03.579] [Server thread/INFO] [citadel/]: Added to village structure pool
[06Jun2026 05:47:03.579] [Server thread/INFO] [citadel/]: Added to village structure pool
[06Jun2026 05:47:03.579] [Server thread/INFO] [net.minecraft.server.dedicated.DedicatedServer/]: Preparing level "world"
[06Jun2026 05:47:04.022] [Server thread/INFO] [incontrol/]: Reading rules from areas.json
[06Jun2026 05:47:04.030] [Server thread/INFO] [incontrol/]: Reading rules from spawn.json
[06Jun2026 05:47:04.073] [Server thread/INFO] [incontrol/]: Reading rules from summonaid.json
[06Jun2026 05:47:04.074] [Server thread/INFO] [incontrol/]: Reading rules from loot.json
[06Jun2026 05:47:04.076] [Server thread/INFO] [incontrol/]: Reading rules from experience.json
[06Jun2026 05:47:04.077] [Server thread/INFO] [incontrol/]: Reading rules from phases.json
[06Jun2026 05:47:04.078] [Server thread/INFO] [incontrol/]: Reading rules from effects.json
[06Jun2026 05:47:04.079] [Server thread/INFO] [incontrol/]: Reading rules from breakevents.json
[06Jun2026 05:47:04.080] [Server thread/INFO] [incontrol/]: Reading rules from placeevents.json
[06Jun2026 05:47:04.081] [Server thread/INFO] [incontrol/]: Reading rules from rightclicks.json
[06Jun2026 05:47:04.083] [Server thread/INFO] [incontrol/]: Reading rules from leftclicks.json
[06Jun2026 05:47:04.086] [Server thread/INFO] [incontrol/]: Reading rules from spawner.json
[06Jun2026 05:47:04.088] [Server thread/INFO] [incontrol/]: Reading rules from events.json
[06Jun2026 05:47:04.275] [Server thread/INFO] [net.minecraft.server.MinecraftServer/]: Preparing start region for dimension minecraft:overworld
[06Jun2026 05:47:05.192] [Netty Epoll Server IO #1/INFO] [net.minecraftforge.server.ServerLifecycleHooks/SERVERHOOKS]: Disconnecting Player (server is still starting): literal{Server is still starting! Please wait before reconnecting.}
[06Jun2026 05:47:06.442] [Server thread/INFO] [net.minecraft.server.level.progress.LoggerChunkProgressListener/]: Preparing spawn area: 0%
[06Jun2026 05:47:06.443] [Server thread/INFO] [net.minecraft.server.level.progress.LoggerChunkProgressListener/]: Preparing spawn area: 0%
[06Jun2026 05:47:06.443] [Server thread/INFO] [net.minecraft.server.level.progress.LoggerChunkProgressListener/]: Preparing spawn area: 0%
[06Jun2026 05:47:06.443] [Server thread/INFO] [net.minecraft.server.level.progress.LoggerChunkProgressListener/]: Preparing spawn area: 0%
[06Jun2026 05:47:06.444] [Server thread/INFO] [net.minecraft.server.level.progress.LoggerChunkProgressListener/]: Preparing spawn area: 0%
[06Jun2026 05:47:06.777] [Worker-Main-2/INFO] [net.minecraft.server.level.progress.LoggerChunkProgressListener/]: Preparing spawn area: 0%
[06Jun2026 05:47:06.904] [Server thread/INFO] [com.cupboard.Cupboard/]: Loaded config for: limitedchunks.json
[06Jun2026 05:47:07.372] [Server thread/INFO] [net.minecraft.server.level.progress.LoggerChunkProgressListener/]: Time elapsed: 3095 ms
[06Jun2026 05:47:07.372] [Server thread/INFO] [net.minecraft.server.dedicated.DedicatedServer/]: Done (5.308s)! For help, type "help"
[06Jun2026 05:47:07.449] [Server thread/INFO] [net.minecraftforge.server.permission.PermissionAPI/]: Successfully initialized permission handler forge:default_handler
[06Jun2026 05:47:07.454] [Server thread/INFO] [xaero.hud.minimap.MinimapLogs/]: Registered synced player tracker system: ftb_teams
[06Jun2026 05:47:07.456] [Server thread/INFO] [xaero.map.WorldMap/]: Registered synced player tracker system: ftb_teams
[06Jun2026 05:47:07.459] [Server thread/INFO] [net.magister.bookofdragons.BookOfDragons/]: HELLO from server starting
[06Jun2026 05:47:07.459] [Server thread/INFO] [com.wintercogs.beyonddimensions.BeyondDimensions/]: 维度网络初始化完成(服务端)
[06Jun2026 05:47:07.460] [Server thread/INFO] [com.kamikaguya.ash_of_sin_no_more_invalid_statistic.event.AshOfSinNoMoreInvalidStatisticEvent/]: Scanning stats directory for invalid entries: ./world/stats
[06Jun2026 05:47:07.471] [Server thread/INFO] [com.brass_amber.ba_bt.BABattleTowers/]: server starting
[06Jun2026 05:47:07.475] [Server thread/INFO] [FTB Quests/]: Loading quests from /workspaces/ciencia/servidor_minecraft/config/ftbquests/quests
[06Jun2026 05:47:07.529] [Server thread/INFO] [FTB Quests/]: Loaded 1 chapter groups, 8 chapters, 232 quests, 1 reward tables
[06Jun2026 05:47:07.557] [Server thread/INFO] [com.finderfeed.fdlib.FDLib/]: Loading FD configs...
[06Jun2026 05:47:07.557] [Server thread/INFO] [com.finderfeed.fdlib.FDLib/]: Loading config fdlib:test
[06Jun2026 05:47:07.559] [Server thread/INFO] [com.finderfeed.fdlib.FDLib/]: Loading config fdlib:fdlib_client
[06Jun2026 05:47:07.560] [Server thread/INFO] [com.finderfeed.fdlib.FDLib/]: Loaded FD configs.
[06Jun2026 05:47:07.694] [Server thread/INFO] [com.yesman.epicskills.EpicSkills/]: wom:acrobat is disabled.
[06Jun2026 05:47:07.695] [Server thread/INFO] [com.yesman.epicskills.EpicSkills/]: epicskills:infernal_might is disabled.
[06Jun2026 05:47:07.696] [Server thread/WARN] [com.yesman.epicskills.EpicSkills/]: Unknown skill tree id: dodge_parry_reward:passive_old
[06Jun2026 05:47:07.696] [Server thread/INFO] [com.yesman.epicskills.EpicSkills/]: sword_soaring:sword_soaring_skills is disabled.
[06Jun2026 05:47:07.786] [Server thread/INFO] [patchouli/]: Sending reload packet to clients
[06Jun2026 05:47:07.788] [Server thread/WARN] [ModernFix/]: Dedicated server took 83.488 seconds to load
[06Jun2026 05:47:07.930] [Server thread/INFO] [com.p1nero.cataclysm_dimension.CataclysmDimensionMod/]: [Cataclysm Dimension]: No player inside. trying to reset dimension cataclysm_dimension:cataclysm_bastion_lost.
[06Jun2026 05:47:07.930] [Server thread/INFO] [com.p1nero.cataclysm_dimension.CataclysmDimensionMod/]: [Cataclysm Dimension]: Dimension cataclysm_dimension:cataclysm_bastion_lost will be reset after 10 second.
[06Jun2026 05:47:07.931] [Server thread/INFO] [com.p1nero.cataclysm_dimension.CataclysmDimensionMod/]: [Cataclysm Dimension]: No player inside. trying to reset dimension cataclysm_dimension:cataclysm_abyssal_depths.
[06Jun2026 05:47:07.933] [Server thread/INFO] [com.p1nero.cataclysm_dimension.CataclysmDimensionMod/]: [Cataclysm Dimension]: Dimension cataclysm_dimension:cataclysm_abyssal_depths will be reset after 10 second.
[06Jun2026 05:47:07.933] [Server thread/INFO] [com.p1nero.cataclysm_dimension.CataclysmDimensionMod/]: [Cataclysm Dimension]: No player inside. trying to reset dimension cataclysm_dimension:cataclysm_eternal_frosthold.
[06Jun2026 05:47:07.933] [Server thread/INFO] [com.p1nero.cataclysm_dimension.CataclysmDimensionMod/]: [Cataclysm Dimension]: Dimension cataclysm_dimension:cataclysm_eternal_frosthold will be reset after 10 second.
[06Jun2026 05:47:07.933] [Server thread/INFO] [com.p1nero.cataclysm_dimension.CataclysmDimensionMod/]: [Cataclysm Dimension]: No player inside. trying to reset dimension cataclysm_dimension:cataclysm_infernos_maw.
[06Jun2026 05:47:07.933] [Server thread/INFO] [com.p1nero.cataclysm_dimension.CataclysmDimensionMod/]: [Cataclysm Dimension]: Dimension cataclysm_dimension:cataclysm_infernos_maw will be reset after 10 second.
[06Jun2026 05:47:07.934] [Server thread/INFO] [com.p1nero.cataclysm_dimension.CataclysmDimensionMod/]: [Cataclysm Dimension]: No player inside. trying to reset dimension cataclysm_dimension:cataclysm_sanctum_fallen.
[06Jun2026 05:47:07.934] [Server thread/INFO] [com.p1nero.cataclysm_dimension.CataclysmDimensionMod/]: [Cataclysm Dimension]: Dimension cataclysm_dimension:cataclysm_sanctum_fallen will be reset after 10 second.
[06Jun2026 05:47:07.934] [Server thread/INFO] [com.p1nero.cataclysm_dimension.CataclysmDimensionMod/]: [Cataclysm Dimension]: No player inside. trying to reset dimension cataclysm_dimension:cataclysm_pharaohs_bane.
[06Jun2026 05:47:07.937] [Server thread/INFO] [com.p1nero.cataclysm_dimension.CataclysmDimensionMod/]: [Cataclysm Dimension]: Dimension cataclysm_dimension:cataclysm_pharaohs_bane will be reset after 10 second.
[06Jun2026 05:47:07.937] [Server thread/INFO] [com.p1nero.cataclysm_dimension.CataclysmDimensionMod/]: [Cataclysm Dimension]: No player inside. trying to reset dimension cataclysm_dimension:cataclysm_souls_anvil.
[06Jun2026 05:47:07.937] [Server thread/INFO] [com.p1nero.cataclysm_dimension.CataclysmDimensionMod/]: [Cataclysm Dimension]: Dimension cataclysm_dimension:cataclysm_souls_anvil will be reset after 10 second.
[06Jun2026 05:47:07.937] [Server thread/INFO] [com.p1nero.cataclysm_dimension.CataclysmDimensionMod/]: [Cataclysm Dimension]: No player inside. trying to reset dimension cataclysm_dimension:cataclysm_forge_of_aeons.
[06Jun2026 05:47:07.937] [Server thread/INFO] [com.p1nero.cataclysm_dimension.CataclysmDimensionMod/]: [Cataclysm Dimension]: Dimension cataclysm_dimension:cataclysm_forge_of_aeons will be reset after 10 second.
[06Jun2026 05:47:17.739] [Server thread/INFO] [com.p1nero.cataclysm_dimension.CataclysmDimensionMod/]: [Cataclysm Dimension]: No region files in cataclysm_dimension:cataclysm_bastion_lost. Skipped.
[06Jun2026 05:47:17.739] [Server thread/INFO] [com.p1nero.cataclysm_dimension.CataclysmDimensionMod/]: [Cataclysm Dimension]: No region files in cataclysm_dimension:cataclysm_abyssal_depths. Skipped.
[06Jun2026 05:47:17.739] [Server thread/INFO] [com.p1nero.cataclysm_dimension.CataclysmDimensionMod/]: [Cataclysm Dimension]: No region files in cataclysm_dimension:cataclysm_eternal_frosthold. Skipped.
[06Jun2026 05:47:17.739] [Server thread/INFO] [com.p1nero.cataclysm_dimension.CataclysmDimensionMod/]: [Cataclysm Dimension]: No region files in cataclysm_dimension:cataclysm_infernos_maw. Skipped.
[06Jun2026 05:47:17.740] [Server thread/INFO] [com.p1nero.cataclysm_dimension.CataclysmDimensionMod/]: [Cataclysm Dimension]: No region files in cataclysm_dimension:cataclysm_sanctum_fallen. Skipped.
[06Jun2026 05:47:17.741] [Server thread/INFO] [com.p1nero.cataclysm_dimension.CataclysmDimensionMod/]: [Cataclysm Dimension]: No region files in cataclysm_dimension:cataclysm_souls_anvil. Skipped.
[06Jun2026 05:47:17.741] [Server thread/INFO] [com.p1nero.cataclysm_dimension.CataclysmDimensionMod/]: [Cataclysm Dimension]: No region files in cataclysm_dimension:cataclysm_forge_of_aeons. Skipped.
[06Jun2026 05:47:26.992] [Server thread/INFO] [com.yesman.epicskills.EpicSkills/]: wom:acrobat is disabled.
[06Jun2026 05:47:26.992] [Server thread/INFO] [com.yesman.epicskills.EpicSkills/]: epicskills:infernal_might is disabled.
[06Jun2026 05:47:26.993] [Server thread/WARN] [com.yesman.epicskills.EpicSkills/]: Unknown skill tree id: dodge_parry_reward:passive_old
[06Jun2026 05:47:26.994] [Server thread/INFO] [com.yesman.epicskills.EpicSkills/]: sword_soaring:sword_soaring_skills is disabled.
[06Jun2026 05:47:27.059] [Server thread/INFO] [net.minecraft.server.players.PlayerList/]: bruss23[/10.241.154.75:51472] logged in with entity id 76 at (1758.1401697837105, 179.0, 663.8660351595623)
[06Jun2026 05:47:27.116] [Server thread/INFO] [io.redspace.ironsspellbooks.IronsSpellbooks/]: Read 3 spell config files (1 ms)
[06Jun2026 05:47:27.139] [Server thread/INFO] [ModernFix/]: Using enhanced recipe sync for player bruss23
[06Jun2026 05:47:27.162] [Server thread/INFO] [net.minecraft.server.MinecraftServer/]: bruss23 joined the game
[06Jun2026 05:47:27.423] [Server thread/INFO] [Jade/]: Syncing config to bruss23 (8068d241-e94a-3625-9ffd-d42bae009de4)
[06Jun2026 05:47:28.905] [Server thread/INFO] [com.yesman.epicskills.EpicSkills/]: wom:acrobat is disabled.
[06Jun2026 05:47:28.905] [Server thread/INFO] [com.yesman.epicskills.EpicSkills/]: epicskills:infernal_might is disabled.
[06Jun2026 05:47:28.905] [Server thread/WARN] [com.yesman.epicskills.EpicSkills/]: Unknown skill tree id: dodge_parry_reward:passive_old
[06Jun2026 05:47:28.906] [Server thread/INFO] [com.yesman.epicskills.EpicSkills/]: sword_soaring:sword_soaring_skills is disabled.
[06Jun2026 05:47:28.931] [Server thread/INFO] [net.minecraft.server.players.PlayerList/]: Anghel956[/10.241.219.77:52573] logged in with entity id 184 at (1722.8136704514945, 36.0, 630.4660233949951)
[06Jun2026 05:47:28.950] [Server thread/INFO] [ModernFix/]: Using enhanced recipe sync for player Anghel956
[06Jun2026 05:47:28.955] [Server thread/INFO] [net.minecraft.server.MinecraftServer/]: Anghel956 joined the game
[06Jun2026 05:47:29.077] [Server thread/INFO] [Jade/]: Syncing config to Anghel956 (a9c30feb-3a3d-3675-9e49-ab609e728f03)
[06Jun2026 05:48:04.822] [Server thread/INFO] [net.minecraft.server.MinecraftServer/]: [Not Secure] <Anghel956> llegas ?
[06Jun2026 05:48:16.953] [Server thread/INFO] [net.minecraft.server.MinecraftServer/]: [Not Secure] <Anghel956> es abajo de la tierra
[06Jun2026 05:48:45.622] [Server thread/INFO] [net.minecraft.server.MinecraftServer/]: Anghel956 was doomed to fall
[06Jun2026 05:48:52.121] [Server thread/INFO] [com.yesman.epicskills.EpicSkills/]: wom:acrobat is disabled.
[06Jun2026 05:48:52.121] [Server thread/INFO] [com.yesman.epicskills.EpicSkills/]: epicskills:infernal_might is disabled.
[06Jun2026 05:48:52.122] [Server thread/WARN] [com.yesman.epicskills.EpicSkills/]: Unknown skill tree id: dodge_parry_reward:passive_old
[06Jun2026 05:48:52.122] [Server thread/INFO] [com.yesman.epicskills.EpicSkills/]: sword_soaring:sword_soaring_skills is disabled.
[06Jun2026 05:48:55.724] [Server thread/INFO] [net.minecraft.server.MinecraftServer/]: [Not Secure] <Anghel956> si
[06Jun2026 05:48:59.857] [Server thread/INFO] [net.minecraft.server.MinecraftServer/]: [Not Secure] <Anghel956> aca tengo cama
[06Jun2026 05:49:34.353] [Server thread/INFO] [net.minecraft.server.MinecraftServer/]: [Not Secure] <Anghel956> haz un hueco domas
[06Jun2026 05:49:41.565] [Server thread/INFO] [net.minecraft.server.MinecraftServer/]: [Not Secure] <Anghel956> hasta q llegeues aca
[06Jun2026 05:49:49.724] [Server thread/INFO] [net.minecraft.server.MinecraftServer/]: [Not Secure] <Anghel956> te va a parecer como obsidiana
[06Jun2026 05:49:53.454] [Server thread/INFO] [net.minecraft.server.MinecraftServer/]: [Not Secure] <Anghel956> como un capa
[06Jun2026 05:50:07.013] [Server thread/INFO] [net.minecraft.server.MinecraftServer/]: bruss23 has made the advancement [Stone Age]
[06Jun2026 05:51:39.232] [Server thread/INFO] [net.minecraft.server.MinecraftServer/]: [Not Secure] <Anghel956> baja altoq
[06Jun2026 05:51:42.813] [Server thread/INFO] [net.minecraft.server.MinecraftServer/]: [Not Secure] <Anghel956> llame voy
[06Jun2026 05:51:58.352] [Server thread/INFO] [net.minecraft.server.MinecraftServer/]: [Not Secure] <Anghel956> altoq m kgo de sueño xd
[06Jun2026 05:52:13.182] [Server thread/WARN] [net.minecraft.server.MinecraftServer/]: Can't keep up! Is the server overloaded? Running 5393ms or 107 ticks behind
[06Jun2026 05:52:36.776] [Server thread/INFO] [net.minecraft.server.MinecraftServer/]: [Not Secure] <Anghel956> ponte domas encima del indicador
[06Jun2026 05:52:43.857] [Server thread/INFO] [net.minecraft.server.MinecraftServer/]: [Not Secure] <Anghel956> y pica hacia abajo
[06Jun2026 05:52:55.452] [Server thread/INFO] [net.minecraft.server.MinecraftServer/]: Anghel956 fell from a high place
[06Jun2026 05:53:02.168] [Server thread/INFO] [com.yesman.epicskills.EpicSkills/]: wom:acrobat is disabled.
[06Jun2026 05:53:02.168] [Server thread/INFO] [com.yesman.epicskills.EpicSkills/]: epicskills:infernal_might is disabled.
[06Jun2026 05:53:02.168] [Server thread/WARN] [com.yesman.epicskills.EpicSkills/]: Unknown skill tree id: dodge_parry_reward:passive_old
[06Jun2026 05:53:02.169] [Server thread/INFO] [com.yesman.epicskills.EpicSkills/]: sword_soaring:sword_soaring_skills is disabled.
[06Jun2026 05:53:30.560] [Server thread/INFO] [net.minecraft.server.MinecraftServer/]: bruss23 fell from a high place
[06Jun2026 05:53:37.164] [Server thread/INFO] [com.yesman.epicskills.EpicSkills/]: wom:acrobat is disabled.
[06Jun2026 05:53:37.164] [Server thread/INFO] [com.yesman.epicskills.EpicSkills/]: epicskills:infernal_might is disabled.
[06Jun2026 05:53:37.164] [Server thread/WARN] [com.yesman.epicskills.EpicSkills/]: Unknown skill tree id: dodge_parry_reward:passive_old
[06Jun2026 05:53:37.165] [Server thread/INFO] [com.yesman.epicskills.EpicSkills/]: sword_soaring:sword_soaring_skills is disabled.
[06Jun2026 05:54:14.262] [Server thread/INFO] [net.minecraft.server.MinecraftServer/]: [Not Secure] <Anghel956> ontas
[06Jun2026 05:54:26.958] [Server thread/INFO] [net.minecraft.server.MinecraftServer/]: [Not Secure] <Anghel956> regresaste al inicio ?
[06Jun2026 05:54:37.462] [Server thread/INFO] [net.minecraft.server.MinecraftServer/]: [Not Secure] <Anghel956> t doy paraguas paq bajes lento
[06Jun2026 05:54:58.437] [Server thread/INFO] [net.minecraft.server.MinecraftServer/]: [Not Secure] <Anghel956> llegaste al jefe ?
[06Jun2026 05:55:31.657] [Server thread/INFO] [net.minecraft.server.MinecraftServer/]: Anghel956 suffocated in a wall
[06Jun2026 05:55:38.302] [Server thread/INFO] [com.yesman.epicskills.EpicSkills/]: wom:acrobat is disabled.
[06Jun2026 05:55:38.302] [Server thread/INFO] [com.yesman.epicskills.EpicSkills/]: epicskills:infernal_might is disabled.
[06Jun2026 05:55:38.303] [Server thread/WARN] [com.yesman.epicskills.EpicSkills/]: Unknown skill tree id: dodge_parry_reward:passive_old
[06Jun2026 05:55:38.303] [Server thread/INFO] [com.yesman.epicskills.EpicSkills/]: sword_soaring:sword_soaring_skills is disabled.
[06Jun2026 05:55:45.008] [Server thread/INFO] [net.minecraft.server.MinecraftServer/]: [Not Secure] <Anghel956> sube
[06Jun2026 05:55:55.877] [Server thread/INFO] [net.minecraft.server.MinecraftServer/]: [Not Secure] <Anghel956> baja
[06Jun2026 05:56:42.051] [Server thread/WARN] [net.minecraft.server.network.ServerGamePacketListenerImpl/]: bruss23 moved too quickly! 1.0410132116373916,5.0,-8.817325743126617
[06Jun2026 05:56:45.426] [Server thread/WARN] [net.minecraft.server.MinecraftServer/]: Can't keep up! Is the server overloaded? Running 20537ms or 410 ticks behind
[06Jun2026 05:56:45.467] [Server thread/INFO] [net.minecraft.server.MinecraftServer/]: [Not Secure] <Anghel956> tmr
[06Jun2026 05:56:47.488] [Server thread/INFO] [net.minecraft.server.MinecraftServer/]: bruss23 fell from a high place
[06Jun2026 05:56:54.051] [Server thread/INFO] [com.yesman.epicskills.EpicSkills/]: wom:acrobat is disabled.
[06Jun2026 05:56:54.051] [Server thread/INFO] [com.yesman.epicskills.EpicSkills/]: epicskills:infernal_might is disabled.
[06Jun2026 05:56:54.052] [Server thread/WARN] [com.yesman.epicskills.EpicSkills/]: Unknown skill tree id: dodge_parry_reward:passive_old
[06Jun2026 05:56:54.052] [Server thread/INFO] [com.yesman.epicskills.EpicSkills/]: sword_soaring:sword_soaring_skills is disabled.
[06Jun2026 05:57:01.953] [Server thread/INFO] [net.minecraft.server.MinecraftServer/]: [Not Secure] <Anghel956> t paso el paraguas
[06Jun2026 05:57:15.884] [Server thread/INFO] [net.minecraft.server.MinecraftServer/]: bruss23 was doomed to fall
[06Jun2026 05:57:22.348] [Server thread/INFO] [com.yesman.epicskills.EpicSkills/]: wom:acrobat is disabled.
[06Jun2026 05:57:22.349] [Server thread/INFO] [com.yesman.epicskills.EpicSkills/]: epicskills:infernal_might is disabled.
[06Jun2026 05:57:22.349] [Server thread/WARN] [com.yesman.epicskills.EpicSkills/]: Unknown skill tree id: dodge_parry_reward:passive_old
[06Jun2026 05:57:22.349] [Server thread/INFO] [com.yesman.epicskills.EpicSkills/]: sword_soaring:sword_soaring_skills is disabled.
[06Jun2026 05:57:31.186] [Server thread/WARN] [net.minecraft.server.MinecraftServer/]: Can't keep up! Is the server overloaded? Running 2297ms or 45 ticks behind
[06Jun2026 05:57:43.548] [Server thread/WARN] [net.minecraft.server.network.ServerGamePacketListenerImpl/]: bruss23 moved too quickly! -3.417498304627088,-9.352840489270903,2.1070857082675047
[06Jun2026 05:57:49.154] [Server thread/INFO] [net.minecraft.server.MinecraftServer/]: Anghel956 tried to swim in lava
[06Jun2026 05:57:56.060] [Server thread/INFO] [com.yesman.epicskills.EpicSkills/]: wom:acrobat is disabled.
[06Jun2026 05:57:56.061] [Server thread/INFO] [com.yesman.epicskills.EpicSkills/]: epicskills:infernal_might is disabled.
[06Jun2026 05:57:56.061] [Server thread/WARN] [com.yesman.epicskills.EpicSkills/]: Unknown skill tree id: dodge_parry_reward:passive_old
[06Jun2026 05:57:56.061] [Server thread/INFO] [com.yesman.epicskills.EpicSkills/]: sword_soaring:sword_soaring_skills is disabled.
[06Jun2026 05:58:10.129] [Server thread/INFO] [net.minecraft.server.MinecraftServer/]: bruss23 fell from a high place
[06Jun2026 05:58:16.580] [Server thread/INFO] [com.yesman.epicskills.EpicSkills/]: wom:acrobat is disabled.
[06Jun2026 05:58:16.581] [Server thread/INFO] [com.yesman.epicskills.EpicSkills/]: epicskills:infernal_might is disabled.
[06Jun2026 05:58:16.581] [Server thread/WARN] [com.yesman.epicskills.EpicSkills/]: Unknown skill tree id: dodge_parry_reward:passive_old
[06Jun2026 05:58:16.581] [Server thread/INFO] [com.yesman.epicskills.EpicSkills/]: sword_soaring:sword_soaring_skills is disabled.
[06Jun2026 05:59:19.030] [Server thread/INFO] [net.minecraft.server.MinecraftServer/]: bruss23 fell from a high place
[06Jun2026 05:59:25.589] [Server thread/INFO] [com.yesman.epicskills.EpicSkills/]: wom:acrobat is disabled.
[06Jun2026 05:59:25.589] [Server thread/INFO] [com.yesman.epicskills.EpicSkills/]: epicskills:infernal_might is disabled.
[06Jun2026 05:59:25.589] [Server thread/WARN] [com.yesman.epicskills.EpicSkills/]: Unknown skill tree id: dodge_parry_reward:passive_old
[06Jun2026 05:59:25.589] [Server thread/INFO] [com.yesman.epicskills.EpicSkills/]: sword_soaring:sword_soaring_skills is disabled.
[06Jun2026 06:00:00.679] [Server thread/INFO] [net.minecraft.server.MinecraftServer/]: [Not Secure] <Anghel956> aca en la cima
[06Jun2026 06:00:03.711] [Server thread/INFO] [net.minecraft.server.MinecraftServer/]: [Not Secure] <Anghel956> sube
[06Jun2026 06:00:04.236] [Server thread/INFO] [net.minecraft.server.MinecraftServer/]: Anghel956 fell from a high place
[06Jun2026 06:00:05.424] [Server thread/INFO] [net.minecraft.server.MinecraftServer/]: bruss23 has made the advancement [War Pigs]
[06Jun2026 06:00:11.131] [Server thread/INFO] [com.yesman.epicskills.EpicSkills/]: wom:acrobat is disabled.
[06Jun2026 06:00:11.131] [Server thread/INFO] [com.yesman.epicskills.EpicSkills/]: epicskills:infernal_might is disabled.
[06Jun2026 06:00:11.132] [Server thread/WARN] [com.yesman.epicskills.EpicSkills/]: Unknown skill tree id: dodge_parry_reward:passive_old
[06Jun2026 06:00:11.132] [Server thread/INFO] [com.yesman.epicskills.EpicSkills/]: sword_soaring:sword_soaring_skills is disabled.
[06Jun2026 06:01:56.158] [Server thread/WARN] [net.minecraft.server.network.ServerGamePacketListenerImpl/]: bruss23 moved too quickly! 1.8140393298372146,-4.014164653703798,8.994735736538132
[06Jun2026 06:03:08.119] [Server thread/WARN] [net.minecraft.world.level.storage.loot.functions.SetItemDamageFunction/]: Couldn't set damage of loot item 1 diamond_sword
[06Jun2026 06:03:08.120] [Server thread/WARN] [net.minecraft.world.level.storage.loot.functions.SetItemDamageFunction/]: Couldn't set damage of loot item 1 diamond_helmet
[06Jun2026 06:04:14.896] [Server thread/INFO] [net.minecraft.server.MinecraftServer/]: Anghel956 was slain by Obthu'ryn, God of the Core
[06Jun2026 06:04:15.496] [Server thread/INFO] [net.minecraft.server.MinecraftServer/]: bruss23 was slain by Obthu'ryn, God of the Core
[06Jun2026 06:04:21.768] [Server thread/INFO] [com.yesman.epicskills.EpicSkills/]: wom:acrobat is disabled.
[06Jun2026 06:04:21.768] [Server thread/INFO] [com.yesman.epicskills.EpicSkills/]: epicskills:infernal_might is disabled.
[06Jun2026 06:04:21.769] [Server thread/WARN] [com.yesman.epicskills.EpicSkills/]: Unknown skill tree id: dodge_parry_reward:passive_old
[06Jun2026 06:04:21.769] [Server thread/INFO] [com.yesman.epicskills.EpicSkills/]: sword_soaring:sword_soaring_skills is disabled.
[06Jun2026 06:04:21.958] [Server thread/INFO] [com.yesman.epicskills.EpicSkills/]: wom:acrobat is disabled.
[06Jun2026 06:04:21.958] [Server thread/INFO] [com.yesman.epicskills.EpicSkills/]: epicskills:infernal_might is disabled.
[06Jun2026 06:04:21.958] [Server thread/WARN] [com.yesman.epicskills.EpicSkills/]: Unknown skill tree id: dodge_parry_reward:passive_old
[06Jun2026 06:04:21.959] [Server thread/INFO] [com.yesman.epicskills.EpicSkills/]: sword_soaring:sword_soaring_skills is disabled.
[06Jun2026 06:04:36.046] [Server thread/INFO] [net.minecraft.server.MinecraftServer/]: bruss23 was slain by Obthu'ryn, God of the Core
[06Jun2026 06:04:42.607] [Server thread/INFO] [com.yesman.epicskills.EpicSkills/]: wom:acrobat is disabled.
[06Jun2026 06:04:42.607] [Server thread/INFO] [com.yesman.epicskills.EpicSkills/]: epicskills:infernal_might is disabled.
[06Jun2026 06:04:42.608] [Server thread/WARN] [com.yesman.epicskills.EpicSkills/]: Unknown skill tree id: dodge_parry_reward:passive_old
[06Jun2026 06:04:42.608] [Server thread/INFO] [com.yesman.epicskills.EpicSkills/]: sword_soaring:sword_soaring_skills is disabled.
[06Jun2026 06:04:53.597] [Server thread/INFO] [net.minecraft.server.MinecraftServer/]: Anghel956 was slain by Obthu'ryn, God of the Core
[06Jun2026 06:05:00.102] [Server thread/INFO] [com.yesman.epicskills.EpicSkills/]: wom:acrobat is disabled.
[06Jun2026 06:05:00.102] [Server thread/INFO] [com.yesman.epicskills.EpicSkills/]: epicskills:infernal_might is disabled.
[06Jun2026 06:05:00.102] [Server thread/WARN] [com.yesman.epicskills.EpicSkills/]: Unknown skill tree id: dodge_parry_reward:passive_old
[06Jun2026 06:05:00.102] [Server thread/INFO] [com.yesman.epicskills.EpicSkills/]: sword_soaring:sword_soaring_skills is disabled.
[06Jun2026 06:05:00.646] [Server thread/INFO] [net.minecraft.server.MinecraftServer/]: bruss23 was slain by Obthu'ryn, God of the Core
[06Jun2026 06:05:07.208] [Server thread/INFO] [com.yesman.epicskills.EpicSkills/]: wom:acrobat is disabled.
[06Jun2026 06:05:07.208] [Server thread/INFO] [com.yesman.epicskills.EpicSkills/]: epicskills:infernal_might is disabled.
[06Jun2026 06:05:07.208] [Server thread/WARN] [com.yesman.epicskills.EpicSkills/]: Unknown skill tree id: dodge_parry_reward:passive_old
[06Jun2026 06:05:07.209] [Server thread/INFO] [com.yesman.epicskills.EpicSkills/]: sword_soaring:sword_soaring_skills is disabled.
[06Jun2026 06:05:14.694] [Server thread/INFO] [net.minecraft.server.MinecraftServer/]: bruss23 was slain by Obthu'ryn, God of the Core
[06Jun2026 06:05:21.126] [Server thread/INFO] [com.yesman.epicskills.EpicSkills/]: wom:acrobat is disabled.
[06Jun2026 06:05:21.126] [Server thread/INFO] [com.yesman.epicskills.EpicSkills/]: epicskills:infernal_might is disabled.
[06Jun2026 06:05:21.126] [Server thread/WARN] [com.yesman.epicskills.EpicSkills/]: Unknown skill tree id: dodge_parry_reward:passive_old
[06Jun2026 06:05:21.126] [Server thread/INFO] [com.yesman.epicskills.EpicSkills/]: sword_soaring:sword_soaring_skills is disabled.
[06Jun2026 06:05:35.795] [Server thread/INFO] [net.minecraft.server.MinecraftServer/]: Anghel956 was slain by Obthu'ryn, God of the Core
[06Jun2026 06:05:41.945] [Server thread/INFO] [net.minecraft.server.MinecraftServer/]: bruss23 was slain by Obthu'ryn, God of the Core
[06Jun2026 06:05:42.258] [Server thread/INFO] [com.yesman.epicskills.EpicSkills/]: wom:acrobat is disabled.
[06Jun2026 06:05:42.258] [Server thread/INFO] [com.yesman.epicskills.EpicSkills/]: epicskills:infernal_might is disabled.
[06Jun2026 06:05:42.258] [Server thread/WARN] [com.yesman.epicskills.EpicSkills/]: Unknown skill tree id: dodge_parry_reward:passive_old
[06Jun2026 06:05:42.258] [Server thread/INFO] [com.yesman.epicskills.EpicSkills/]: sword_soaring:sword_soaring_skills is disabled.
[06Jun2026 06:05:48.501] [Server thread/INFO] [com.yesman.epicskills.EpicSkills/]: wom:acrobat is disabled.
[06Jun2026 06:05:48.502] [Server thread/INFO] [com.yesman.epicskills.EpicSkills/]: epicskills:infernal_might is disabled.
[06Jun2026 06:05:48.502] [Server thread/WARN] [com.yesman.epicskills.EpicSkills/]: Unknown skill tree id: dodge_parry_reward:passive_old
[06Jun2026 06:05:48.502] [Server thread/INFO] [com.yesman.epicskills.EpicSkills/]: sword_soaring:sword_soaring_skills is disabled.
[06Jun2026 06:06:11.196] [Server thread/INFO] [net.minecraft.server.MinecraftServer/]: bruss23 was slain by Obthu'ryn, God of the Core
[06Jun2026 06:06:17.144] [Server thread/INFO] [net.minecraft.server.MinecraftServer/]: Anghel956 was slain by Obthu'ryn, God of the Core
[06Jun2026 06:06:17.950] [Server thread/INFO] [com.yesman.epicskills.EpicSkills/]: wom:acrobat is disabled.
[06Jun2026 06:06:17.950] [Server thread/INFO] [com.yesman.epicskills.EpicSkills/]: epicskills:infernal_might is disabled.
[06Jun2026 06:06:17.950] [Server thread/WARN] [com.yesman.epicskills.EpicSkills/]: Unknown skill tree id: dodge_parry_reward:passive_old
[06Jun2026 06:06:17.950] [Server thread/INFO] [com.yesman.epicskills.EpicSkills/]: sword_soaring:sword_soaring_skills is disabled.
[06Jun2026 06:06:23.885] [Server thread/INFO] [com.yesman.epicskills.EpicSkills/]: wom:acrobat is disabled.
[06Jun2026 06:06:23.885] [Server thread/INFO] [com.yesman.epicskills.EpicSkills/]: epicskills:infernal_might is disabled.
[06Jun2026 06:06:23.885] [Server thread/WARN] [com.yesman.epicskills.EpicSkills/]: Unknown skill tree id: dodge_parry_reward:passive_old
[06Jun2026 06:06:23.885] [Server thread/INFO] [com.yesman.epicskills.EpicSkills/]: sword_soaring:sword_soaring_skills is disabled.
[06Jun2026 06:06:26.944] [Server thread/INFO] [net.minecraft.server.MinecraftServer/]: bruss23 was slain by Obthu'ryn, God of the Core
[06Jun2026 06:06:33.463] [Server thread/INFO] [com.yesman.epicskills.EpicSkills/]: wom:acrobat is disabled.
[06Jun2026 06:06:33.463] [Server thread/INFO] [com.yesman.epicskills.EpicSkills/]: epicskills:infernal_might is disabled.
[06Jun2026 06:06:33.463] [Server thread/WARN] [com.yesman.epicskills.EpicSkills/]: Unknown skill tree id: dodge_parry_reward:passive_old
[06Jun2026 06:06:33.464] [Server thread/INFO] [com.yesman.epicskills.EpicSkills/]: sword_soaring:sword_soaring_skills is disabled.
[06Jun2026 06:07:18.395] [Server thread/INFO] [net.minecraft.server.MinecraftServer/]: bruss23 was slain by Obthu'ryn, God of the Core
[06Jun2026 06:07:24.885] [Server thread/INFO] [com.yesman.epicskills.EpicSkills/]: wom:acrobat is disabled.
[06Jun2026 06:07:24.886] [Server thread/INFO] [com.yesman.epicskills.EpicSkills/]: epicskills:infernal_might is disabled.
[06Jun2026 06:07:24.886] [Server thread/WARN] [com.yesman.epicskills.EpicSkills/]: Unknown skill tree id: dodge_parry_reward:passive_old
[06Jun2026 06:07:24.886] [Server thread/INFO] [com.yesman.epicskills.EpicSkills/]: sword_soaring:sword_soaring_skills is disabled.
[06Jun2026 06:07:38.845] [Server thread/INFO] [net.minecraft.server.MinecraftServer/]: Anghel956 was slain by Obthu'ryn, God of the Core
[06Jun2026 06:07:45.426] [Server thread/INFO] [com.yesman.epicskills.EpicSkills/]: wom:acrobat is disabled.
[06Jun2026 06:07:45.427] [Server thread/INFO] [com.yesman.epicskills.EpicSkills/]: epicskills:infernal_might is disabled.
[06Jun2026 06:07:45.427] [Server thread/WARN] [com.yesman.epicskills.EpicSkills/]: Unknown skill tree id: dodge_parry_reward:passive_old
[06Jun2026 06:07:45.427] [Server thread/INFO] [com.yesman.epicskills.EpicSkills/]: sword_soaring:sword_soaring_skills is disabled.
[06Jun2026 06:07:50.899] [Server thread/INFO] [net.minecraft.server.MinecraftServer/]: bruss23 was slain by Obthu'ryn, God of the Core
[06Jun2026 06:07:57.703] [Server thread/INFO] [com.yesman.epicskills.EpicSkills/]: wom:acrobat is disabled.
[06Jun2026 06:07:57.703] [Server thread/INFO] [com.yesman.epicskills.EpicSkills/]: epicskills:infernal_might is disabled.
[06Jun2026 06:07:57.703] [Server thread/WARN] [com.yesman.epicskills.EpicSkills/]: Unknown skill tree id: dodge_parry_reward:passive_old
[06Jun2026 06:07:57.704] [Server thread/INFO] [com.yesman.epicskills.EpicSkills/]: sword_soaring:sword_soaring_skills is disabled.
[06Jun2026 06:08:10.444] [Server thread/INFO] [net.minecraft.server.MinecraftServer/]: Anghel956 was slain by Obthu'ryn, God of the Core
[06Jun2026 06:08:17.401] [Server thread/INFO] [com.yesman.epicskills.EpicSkills/]: wom:acrobat is disabled.
[06Jun2026 06:08:17.401] [Server thread/INFO] [com.yesman.epicskills.EpicSkills/]: epicskills:infernal_might is disabled.
[06Jun2026 06:08:17.401] [Server thread/WARN] [com.yesman.epicskills.EpicSkills/]: Unknown skill tree id: dodge_parry_reward:passive_old
[06Jun2026 06:08:17.401] [Server thread/INFO] [com.yesman.epicskills.EpicSkills/]: sword_soaring:sword_soaring_skills is disabled.
[06Jun2026 06:08:18.498] [Server thread/INFO] [net.minecraft.server.MinecraftServer/]: bruss23 was slain by Obthu'ryn, God of the Core
[06Jun2026 06:08:24.967] [Server thread/INFO] [com.yesman.epicskills.EpicSkills/]: wom:acrobat is disabled.
[06Jun2026 06:08:24.967] [Server thread/INFO] [com.yesman.epicskills.EpicSkills/]: epicskills:infernal_might is disabled.
[06Jun2026 06:08:24.967] [Server thread/WARN] [com.yesman.epicskills.EpicSkills/]: Unknown skill tree id: dodge_parry_reward:passive_old
[06Jun2026 06:08:24.968] [Server thread/INFO] [com.yesman.epicskills.EpicSkills/]: sword_soaring:sword_soaring_skills is disabled.
[06Jun2026 06:08:43.997] [Server thread/INFO] [net.minecraft.server.MinecraftServer/]: Anghel956 was slain by Obthu'ryn, God of the Core
[06Jun2026 06:08:50.539] [Server thread/INFO] [com.yesman.epicskills.EpicSkills/]: wom:acrobat is disabled.
[06Jun2026 06:08:58.073] [Server thread/INFO] [com.yesman.epicskills.EpicSkills/]: epicskills:infernal_might is disabled.
[06Jun2026 06:08:58.073] [Server thread/WARN] [com.yesman.epicskills.EpicSkills/]: Unknown skill tree id: dodge_parry_reward:passive_old
[06Jun2026 06:08:58.073] [Server thread/INFO] [com.yesman.epicskills.EpicSkills/]: sword_soaring:sword_soaring_skills is disabled.
[06Jun2026 06:08:58.174] [Server thread/WARN] [net.minecraft.server.MinecraftServer/]: Can't keep up! Is the server overloaded? Running 7634ms or 152 ticks behind
[06Jun2026 06:08:58.709] [Server thread/WARN] [net.minecraft.server.network.ServerGamePacketListenerImpl/]: Night Fury (vehicle of bruss23) moved too quickly! 9.215989942807937,-3.620005447055206,2.2617046473786786
[06Jun2026 06:08:58.899] [Server thread/WARN] [net.minecraft.server.network.ServerGamePacketListenerImpl/]: Night Fury (vehicle of bruss23) moved too quickly! 6.738414774974217,-1.0847885355179585,-7.743133964461094
[06Jun2026 06:08:59.224] [Server thread/WARN] [net.minecraft.server.network.ServerGamePacketListenerImpl/]: Night Fury (vehicle of bruss23) moved too quickly! 0.3007685640056934,-1.3581111205611833,-10.072677758024383
[06Jun2026 06:08:59.740] [Server thread/WARN] [net.minecraft.server.network.ServerGamePacketListenerImpl/]: Night Fury (vehicle of bruss23) moved too quickly! -6.109042929535235,0.8323473957394256,-8.057983546733794
[06Jun2026 06:08:59.741] [Server thread/WARN] [net.minecraft.server.network.ServerGamePacketListenerImpl/]: Night Fury (vehicle of bruss23) moved too quickly! -6.417719613708869,0.8593772593895252,-8.040084254689077
[06Jun2026 06:08:59.741] [Server thread/WARN] [net.minecraft.server.network.ServerGamePacketListenerImpl/]: Night Fury (vehicle of bruss23) moved too quickly! -6.7237241874468054,0.8861990994594251,-8.019353819830371
[06Jun2026 06:08:59.741] [Server thread/WARN] [net.minecraft.server.network.ServerGamePacketListenerImpl/]: Night Fury (vehicle of bruss23) moved too quickly! -7.026681027694167,0.911658698427928,-7.991921661711217
[06Jun2026 06:08:59.742] [Server thread/WARN] [net.minecraft.server.network.ServerGamePacketListenerImpl/]: Night Fury (vehicle of bruss23) moved too quickly! -7.325736310559705,0.93438901024129,-7.9523769961334665
[06Jun2026 06:08:59.742] [Server thread/WARN] [net.minecraft.server.network.ServerGamePacketListenerImpl/]: Night Fury (vehicle of bruss23) moved too quickly! -7.620471357805627,0.953304238976493,-7.900366765804165
[06Jun2026 06:08:59.742] [Server thread/WARN] [net.minecraft.server.network.ServerGamePacketListenerImpl/]: Night Fury (vehicle of bruss23) moved too quickly! -7.911358135617775,0.9685558011965156,-7.8398010788400825
[06Jun2026 06:08:59.742] [Server thread/WARN] [net.minecraft.server.network.ServerGamePacketListenerImpl/]: Night Fury (vehicle of bruss23) moved too quickly! -8.198323396591832,0.9808387970637398,-7.771609938263055
[06Jun2026 06:08:59.743] [Server thread/WARN] [net.minecraft.server.network.ServerGamePacketListenerImpl/]: Night Fury (vehicle of bruss23) moved too quickly! -8.479486690302565,0.9909606965960336,-7.690636446241115
[06Jun2026 06:08:59.743] [Server thread/WARN] [net.minecraft.server.network.ServerGamePacketListenerImpl/]: Night Fury (vehicle of bruss23) moved too quickly! -8.756636350160079,0.9994682658723519,-7.603388923726129
[06Jun2026 06:08:59.743] [Server thread/WARN] [net.minecraft.server.network.ServerGamePacketListenerImpl/]: Night Fury (vehicle of bruss23) moved too quickly! -9.030843468767216,1.0067603625114643,-7.513551692219039
[06Jun2026 06:08:59.743] [Server thread/WARN] [net.minecraft.server.network.ServerGamePacketListenerImpl/]: Night Fury (vehicle of bruss23) moved too quickly! -9.302626326153131,1.0131383501986804,-7.422851225268005
[06Jun2026 06:08:59.744] [Server thread/WARN] [net.minecraft.server.network.ServerGamePacketListenerImpl/]: Night Fury (vehicle of bruss23) moved too quickly! -9.572240985773306,1.0188288794270122,-7.332094506441649
[06Jun2026 06:08:59.745] [Server thread/WARN] [net.minecraft.server.network.ServerGamePacketListenerImpl/]: Night Fury (vehicle of bruss23) moved too quickly! -9.839818356916794,1.0239944217731818,-7.241657048177672
[06Jun2026 06:08:59.745] [Server thread/WARN] [net.minecraft.server.network.ServerGamePacketListenerImpl/]: Night Fury (vehicle of bruss23) moved too quickly! -10.10542872834958,1.0287683935868657,-7.151712243968859
[06Jun2026 06:08:59.746] [Server thread/WARN] [net.minecraft.server.network.ServerGamePacketListenerImpl/]: Night Fury (vehicle of bruss23) moved too quickly! -10.369176889339315,1.0332413328634473,-7.062317173460315
[06Jun2026 06:08:59.746] [Server thread/WARN] [net.minecraft.server.network.ServerGamePacketListenerImpl/]: Night Fury (vehicle of bruss23) moved too quickly! -10.631015391309802,1.037483872477857,-6.973206405526071
[06Jun2026 06:08:59.746] [Server thread/WARN] [net.minecraft.server.network.ServerGamePacketListenerImpl/]: Night Fury (vehicle of bruss23) moved too quickly! -10.891024478485178,1.0415575488308448,-6.884547822570653
[06Jun2026 06:08:59.747] [Server thread/WARN] [net.minecraft.server.network.ServerGamePacketListenerImpl/]: Night Fury (vehicle of bruss23) moved too quickly! -11.148644319906907,1.0448380159531752,-6.794669313560803
[06Jun2026 06:08:59.747] [Server thread/WARN] [net.minecraft.server.network.ServerGamePacketListenerImpl/]: Night Fury (vehicle of bruss23) moved too quickly! -11.398306249649977,1.0423287456829087,-6.690515204072426
[06Jun2026 06:08:59.748] [Server thread/WARN] [net.minecraft.server.network.ServerGamePacketListenerImpl/]: Night Fury (vehicle of bruss23) moved too quickly! -11.63562173727587,1.0301234150098182,-6.5670993998135145
[06Jun2026 06:08:59.749] [Server thread/WARN] [net.minecraft.server.network.ServerGamePacketListenerImpl/]: Night Fury (vehicle of bruss23) moved too quickly! -11.86057991445,1.0036069062175415,-6.427995372360101
[06Jun2026 06:08:59.749] [Server thread/WARN] [net.minecraft.server.network.ServerGamePacketListenerImpl/]: Night Fury (vehicle of bruss23) moved too quickly! -12.072900638052715,0.9596819968212671,-6.276680315134058
[06Jun2026 06:08:59.750] [Server thread/WARN] [net.minecraft.server.network.ServerGamePacketListenerImpl/]: Night Fury (vehicle of bruss23) moved too quickly! -12.269092367932672,0.8951499726993433,-6.113556388968846
[06Jun2026 06:08:59.750] [Server thread/WARN] [net.minecraft.server.network.ServerGamePacketListenerImpl/]: Night Fury (vehicle of bruss23) moved too quickly! -12.44372444739929,0.8064323327476615,-5.939345710667226
[06Jun2026 06:08:59.750] [Server thread/WARN] [net.minecraft.server.network.ServerGamePacketListenerImpl/]: Night Fury (vehicle of bruss23) moved too quickly! -12.592163963902522,0.6887500369618991,-5.759288828090689
[06Jun2026 06:08:59.755] [Server thread/WARN] [net.minecraft.server.network.ServerGamePacketListenerImpl/]: Night Fury (vehicle of bruss23) moved too quickly! -12.694296682267804,0.5772200384309372,-5.613560579427826
[06Jun2026 06:08:59.757] [Server thread/WARN] [net.minecraft.server.network.ServerGamePacketListenerImpl/]: Night Fury (vehicle of bruss23) moved too quickly! -12.7674616997042,0.46320585630846267,-5.486577492468655
[06Jun2026 06:08:59.758] [Server thread/WARN] [net.minecraft.server.network.ServerGamePacketListenerImpl/]: Night Fury (vehicle of bruss23) moved too quickly! -12.822800639220532,0.3562171165167243,-5.380949996377126
[06Jun2026 06:08:59.758] [Server thread/WARN] [net.minecraft.server.network.ServerGamePacketListenerImpl/]: Night Fury (vehicle of bruss23) moved too quickly! -12.872599968899294,0.25084101237843726,-5.287376553866693
[06Jun2026 06:08:59.761] [Server thread/WARN] [net.minecraft.server.network.ServerGamePacketListenerImpl/]: Night Fury (vehicle of bruss23) moved too quickly! -12.9250036896035,0.14408042255528386,-5.200124909948386
[06Jun2026 06:08:59.761] [Server thread/WARN] [net.minecraft.server.network.ServerGamePacketListenerImpl/]: Night Fury (vehicle of bruss23) moved too quickly! -12.982610274009403,0.041176705310220996,-5.120335638122242
[06Jun2026 06:08:59.762] [Server thread/WARN] [net.minecraft.server.network.ServerGamePacketListenerImpl/]: Night Fury (vehicle of bruss23) moved too quickly! -13.05019580610383,-0.05999620352703516,-5.044993678780884
[06Jun2026 06:08:59.764] [Server thread/WARN] [net.minecraft.server.network.ServerGamePacketListenerImpl/]: Night Fury (vehicle of bruss23) moved too quickly! -13.09984803210159,-0.13573696000793234,-4.993670264445541
[06Jun2026 06:08:59.768] [Server thread/WARN] [net.minecraft.server.network.ServerGamePacketListenerImpl/]: Night Fury (vehicle of bruss23) moved too quickly! -13.169203151661804,-0.2405421460492505,-4.927892153763651
[06Jun2026 06:08:59.770] [Server thread/WARN] [net.minecraft.server.network.ServerGamePacketListenerImpl/]: Night Fury (vehicle of bruss23) moved too quickly! -13.225391887519663,-0.3198128696051654,-4.87505212057124
[06Jun2026 06:08:59.770] [Server thread/WARN] [net.minecraft.server.network.ServerGamePacketListenerImpl/]: Night Fury (vehicle of bruss23) moved too quickly! -13.308279021848875,-0.4263920596048365,-4.797495632979803
[06Jun2026 06:08:59.770] [Server thread/WARN] [net.minecraft.server.network.ServerGamePacketListenerImpl/]: Night Fury (vehicle of bruss23) moved too quickly! -6.965627162795272,2.361104803157801,17.084231179435733
[06Jun2026 06:08:59.771] [Server thread/WARN] [net.minecraft.server.network.ServerGamePacketListenerImpl/]: Night Fury (vehicle of bruss23) moved too quickly! -6.937048608846908,2.3037053412109074,17.081615845667784
[06Jun2026 06:08:59.771] [Server thread/WARN] [net.minecraft.server.network.ServerGamePacketListenerImpl/]: Night Fury (vehicle of bruss23) moved too quickly! -6.725077336428967,2.233864712185678,16.996522847724123
[06Jun2026 06:08:59.774] [Server thread/WARN] [net.minecraft.server.network.ServerGamePacketListenerImpl/]: Night Fury (vehicle of bruss23) moved too quickly! -6.418843687048593,2.1471471681611405,16.893300541977965
[06Jun2026 06:08:59.780] [Server thread/WARN] [net.minecraft.server.network.ServerGamePacketListenerImpl/]: Night Fury (vehicle of bruss23) moved too quickly! -6.0618943216115895,2.0492108289526527,16.802811030637486
[06Jun2026 06:08:59.784] [Server thread/WARN] [net.minecraft.server.network.ServerGamePacketListenerImpl/]: Night Fury (vehicle of bruss23) moved too quickly! -5.675269128241325,1.9489951887180155,16.739531759834108
[06Jun2026 06:08:59.816] [Server thread/WARN] [net.minecraft.server.network.ServerGamePacketListenerImpl/]: Night Fury (vehicle of bruss23) moved too quickly! 0.5271946221416783,1.0479067702953202,24.781887174653775
[06Jun2026 06:08:59.816] [Server thread/WARN] [net.minecraft.server.network.ServerGamePacketListenerImpl/]: Night Fury (vehicle of bruss23) moved too quickly! 0.9419141074349682,0.9590770190782081,24.79156856538623
[06Jun2026 06:08:59.817] [Server thread/WARN] [net.minecraft.server.network.ServerGamePacketListenerImpl/]: Night Fury (vehicle of bruss23) moved too quickly! 5.440774624576989,0.5691761707517244,17.74984648318025
[06Jun2026 06:08:59.817] [Server thread/WARN] [net.minecraft.server.network.ServerGamePacketListenerImpl/]: Night Fury (vehicle of bruss23) moved too quickly! 5.692579117859623,0.481117901644339,17.56788580573118
[06Jun2026 06:08:59.817] [Server thread/WARN] [net.minecraft.server.network.ServerGamePacketListenerImpl/]: Night Fury (vehicle of bruss23) moved too quickly! 5.848269026723756,0.3989211034783722,17.2873215285141
[06Jun2026 06:08:59.818] [Server thread/WARN] [net.minecraft.server.network.ServerGamePacketListenerImpl/]: Night Fury (vehicle of bruss23) moved too quickly! 5.938461641384265,0.3244986931413081,16.954696237131543
[06Jun2026 06:08:59.818] [Server thread/WARN] [net.minecraft.server.network.ServerGamePacketListenerImpl/]: Night Fury (vehicle of bruss23) moved too quickly! 5.977188336148629,0.25936280998834604,16.59456753193558
[06Jun2026 06:08:59.819] [Server thread/WARN] [net.minecraft.server.network.ServerGamePacketListenerImpl/]: Night Fury (vehicle of bruss23) moved too quickly! 5.97089602875667,0.20487270379830136,16.221124284341045
[06Jun2026 06:08:59.819] [Server thread/WARN] [net.minecraft.server.network.ServerGamePacketListenerImpl/]: Night Fury (vehicle of bruss23) moved too quickly! 5.922753458994521,0.16220095695678083,15.84370102285152
[06Jun2026 06:08:59.820] [Server thread/WARN] [net.minecraft.server.network.ServerGamePacketListenerImpl/]: Night Fury (vehicle of bruss23) moved too quickly! 5.83478782375596,0.13030113510340868,15.46947245506874
[06Jun2026 06:08:59.820] [Server thread/WARN] [net.minecraft.server.network.ServerGamePacketListenerImpl/]: Night Fury (vehicle of bruss23) moved too quickly! 5.708756460688164,0.10743444126597979,15.104303195696957
[06Jun2026 06:08:59.821] [Server thread/WARN] [net.minecraft.server.network.ServerGamePacketListenerImpl/]: Night Fury (vehicle of bruss23) moved too quickly! 5.546548614785479,0.09188100541168609,14.753163848696659
[06Jun2026 06:08:59.822] [Server thread/WARN] [net.minecraft.server.network.ServerGamePacketListenerImpl/]: Night Fury (vehicle of bruss23) moved too quickly! 5.350311951506001,0.08227178148549541,14.420365724000476
[06Jun2026 06:10:48.521] [Server thread/INFO] [net.minecraft.server.MinecraftServer/]: bruss23 fell from a high place
[06Jun2026 06:10:55.084] [Server thread/INFO] [com.yesman.epicskills.EpicSkills/]: wom:acrobat is disabled.
[06Jun2026 06:10:55.085] [Server thread/INFO] [com.yesman.epicskills.EpicSkills/]: epicskills:infernal_might is disabled.
[06Jun2026 06:10:55.085] [Server thread/WARN] [com.yesman.epicskills.EpicSkills/]: Unknown skill tree id: dodge_parry_reward:passive_old
[06Jun2026 06:10:55.085] [Server thread/INFO] [com.yesman.epicskills.EpicSkills/]: sword_soaring:sword_soaring_skills is disabled.
[06Jun2026 06:11:02.444] [Server thread/INFO] [net.minecraft.server.MinecraftServer/]: Anghel956 was slain by Obthu'ryn, God of the Core
[06Jun2026 06:11:05.094] [Server thread/INFO] [net.minecraft.server.MinecraftServer/]: bruss23 was slain by Obthu'ryn, God of the Core
[06Jun2026 06:11:09.168] [Server thread/INFO] [com.yesman.epicskills.EpicSkills/]: wom:acrobat is disabled.
[06Jun2026 06:11:09.168] [Server thread/INFO] [com.yesman.epicskills.EpicSkills/]: epicskills:infernal_might is disabled.
[06Jun2026 06:11:09.168] [Server thread/WARN] [com.yesman.epicskills.EpicSkills/]: Unknown skill tree id: dodge_parry_reward:passive_old
[06Jun2026 06:11:09.168] [Server thread/INFO] [com.yesman.epicskills.EpicSkills/]: sword_soaring:sword_soaring_skills is disabled.
[06Jun2026 06:11:11.684] [Server thread/INFO] [com.yesman.epicskills.EpicSkills/]: wom:acrobat is disabled.
[06Jun2026 06:11:11.684] [Server thread/INFO] [com.yesman.epicskills.EpicSkills/]: epicskills:infernal_might is disabled.
[06Jun2026 06:11:11.684] [Server thread/WARN] [com.yesman.epicskills.EpicSkills/]: Unknown skill tree id: dodge_parry_reward:passive_old
[06Jun2026 06:11:11.685] [Server thread/INFO] [com.yesman.epicskills.EpicSkills/]: sword_soaring:sword_soaring_skills is disabled.
[06Jun2026 06:11:20.047] [Server thread/INFO] [net.minecraft.server.MinecraftServer/]: bruss23 was slain by Obthu'ryn, God of the Core
[06Jun2026 06:11:26.551] [Server thread/INFO] [com.yesman.epicskills.EpicSkills/]: wom:acrobat is disabled.
[06Jun2026 06:11:26.551] [Server thread/INFO] [com.yesman.epicskills.EpicSkills/]: epicskills:infernal_might is disabled.
[06Jun2026 06:11:26.551] [Server thread/WARN] [com.yesman.epicskills.EpicSkills/]: Unknown skill tree id: dodge_parry_reward:passive_old
[06Jun2026 06:11:26.551] [Server thread/INFO] [com.yesman.epicskills.EpicSkills/]: sword_soaring:sword_soaring_skills is disabled.
[06Jun2026 06:11:41.394] [Server thread/INFO] [net.minecraft.server.MinecraftServer/]: bruss23 was slain by Obthu'ryn, God of the Core
[06Jun2026 06:11:47.882] [Server thread/INFO] [com.yesman.epicskills.EpicSkills/]: wom:acrobat is disabled.
[06Jun2026 06:11:47.882] [Server thread/INFO] [com.yesman.epicskills.EpicSkills/]: epicskills:infernal_might is disabled.
[06Jun2026 06:11:47.883] [Server thread/WARN] [com.yesman.epicskills.EpicSkills/]: Unknown skill tree id: dodge_parry_reward:passive_old
[06Jun2026 06:11:47.883] [Server thread/INFO] [com.yesman.epicskills.EpicSkills/]: sword_soaring:sword_soaring_skills is disabled.
[06Jun2026 06:12:00.147] [Server thread/INFO] [net.minecraft.server.MinecraftServer/]: bruss23 was slain by Obthu'ryn, God of the Core
[06Jun2026 06:12:06.853] [Server thread/INFO] [com.yesman.epicskills.EpicSkills/]: wom:acrobat is disabled.
[06Jun2026 06:12:06.853] [Server thread/INFO] [com.yesman.epicskills.EpicSkills/]: epicskills:infernal_might is disabled.
[06Jun2026 06:12:06.853] [Server thread/WARN] [com.yesman.epicskills.EpicSkills/]: Unknown skill tree id: dodge_parry_reward:passive_old
[06Jun2026 06:12:06.853] [Server thread/INFO] [com.yesman.epicskills.EpicSkills/]: sword_soaring:sword_soaring_skills is disabled.
[06Jun2026 06:12:16.494] [Server thread/INFO] [net.minecraft.server.MinecraftServer/]: bruss23 was slain by Obthu'ryn, God of the Core
[06Jun2026 06:12:23.009] [Server thread/INFO] [com.yesman.epicskills.EpicSkills/]: wom:acrobat is disabled.
[06Jun2026 06:12:23.009] [Server thread/INFO] [com.yesman.epicskills.EpicSkills/]: epicskills:infernal_might is disabled.
[06Jun2026 06:12:23.009] [Server thread/WARN] [com.yesman.epicskills.EpicSkills/]: Unknown skill tree id: dodge_parry_reward:passive_old
[06Jun2026 06:12:23.009] [Server thread/INFO] [com.yesman.epicskills.EpicSkills/]: sword_soaring:sword_soaring_skills is disabled.
[06Jun2026 06:12:30.695] [Server thread/INFO] [net.minecraft.server.MinecraftServer/]: Anghel956 was slain by Obthu'ryn, God of the Core
[06Jun2026 06:12:37.315] [Server thread/INFO] [com.yesman.epicskills.EpicSkills/]: wom:acrobat is disabled.
[06Jun2026 06:12:37.315] [Server thread/INFO] [com.yesman.epicskills.EpicSkills/]: epicskills:infernal_might is disabled.
[06Jun2026 06:12:37.315] [Server thread/WARN] [com.yesman.epicskills.EpicSkills/]: Unknown skill tree id: dodge_parry_reward:passive_old
[06Jun2026 06:12:37.315] [Server thread/INFO] [com.yesman.epicskills.EpicSkills/]: sword_soaring:sword_soaring_skills is disabled.
[06Jun2026 06:12:49.247] [Server thread/INFO] [net.minecraft.server.MinecraftServer/]: bruss23 was slain by Obthu'ryn, God of the Core
[06Jun2026 06:12:55.749] [Server thread/INFO] [com.yesman.epicskills.EpicSkills/]: wom:acrobat is disabled.
[06Jun2026 06:12:55.749] [Server thread/INFO] [com.yesman.epicskills.EpicSkills/]: epicskills:infernal_might is disabled.
[06Jun2026 06:12:55.749] [Server thread/WARN] [com.yesman.epicskills.EpicSkills/]: Unknown skill tree id: dodge_parry_reward:passive_old
[06Jun2026 06:12:55.750] [Server thread/INFO] [com.yesman.epicskills.EpicSkills/]: sword_soaring:sword_soaring_skills is disabled.
[06Jun2026 06:13:03.747] [Server thread/INFO] [net.minecraft.server.MinecraftServer/]: bruss23 was slain by Obthu'ryn, God of the Core
[06Jun2026 06:13:06.294] [Server thread/INFO] [net.minecraft.server.MinecraftServer/]: Anghel956 was slain by Obthu'ryn, God of the Core
[06Jun2026 06:13:10.493] [Server thread/INFO] [com.yesman.epicskills.EpicSkills/]: wom:acrobat is disabled.
[06Jun2026 06:13:10.493] [Server thread/INFO] [com.yesman.epicskills.EpicSkills/]: epicskills:infernal_might is disabled.
[06Jun2026 06:13:10.493] [Server thread/WARN] [com.yesman.epicskills.EpicSkills/]: Unknown skill tree id: dodge_parry_reward:passive_old
[06Jun2026 06:13:10.493] [Server thread/INFO] [com.yesman.epicskills.EpicSkills/]: sword_soaring:sword_soaring_skills is disabled.
[06Jun2026 06:13:12.820] [Server thread/INFO] [com.yesman.epicskills.EpicSkills/]: wom:acrobat is disabled.
[06Jun2026 06:13:12.820] [Server thread/INFO] [com.yesman.epicskills.EpicSkills/]: epicskills:infernal_might is disabled.
[06Jun2026 06:13:12.821] [Server thread/WARN] [com.yesman.epicskills.EpicSkills/]: Unknown skill tree id: dodge_parry_reward:passive_old
[06Jun2026 06:13:12.821] [Server thread/INFO] [com.yesman.epicskills.EpicSkills/]: sword_soaring:sword_soaring_skills is disabled.
[06Jun2026 06:13:21.646] [Server thread/INFO] [net.minecraft.server.MinecraftServer/]: bruss23 was slain by Obthu'ryn, God of the Core
[06Jun2026 06:13:28.151] [Server thread/INFO] [com.yesman.epicskills.EpicSkills/]: wom:acrobat is disabled.
[06Jun2026 06:13:28.151] [Server thread/INFO] [com.yesman.epicskills.EpicSkills/]: epicskills:infernal_might is disabled.
[06Jun2026 06:13:28.151] [Server thread/WARN] [com.yesman.epicskills.EpicSkills/]: Unknown skill tree id: dodge_parry_reward:passive_old
[06Jun2026 06:13:28.152] [Server thread/INFO] [com.yesman.epicskills.EpicSkills/]: sword_soaring:sword_soaring_skills is disabled.
[06Jun2026 06:13:41.244] [Server thread/INFO] [net.minecraft.server.MinecraftServer/]: Anghel956 was slain by Obthu'ryn, God of the Core
[06Jun2026 06:13:45.995] [Server thread/INFO] [net.minecraft.server.MinecraftServer/]: bruss23 was slain by Obthu'ryn, God of the Core
[06Jun2026 06:13:48.208] [Server thread/INFO] [com.yesman.epicskills.EpicSkills/]: wom:acrobat is disabled.
[06Jun2026 06:13:48.208] [Server thread/INFO] [com.yesman.epicskills.EpicSkills/]: epicskills:infernal_might is disabled.
[06Jun2026 06:13:48.208] [Server thread/WARN] [com.yesman.epicskills.EpicSkills/]: Unknown skill tree id: dodge_parry_reward:passive_old
[06Jun2026 06:13:48.208] [Server thread/INFO] [com.yesman.epicskills.EpicSkills/]: sword_soaring:sword_soaring_skills is disabled.
[06Jun2026 06:13:52.527] [Server thread/INFO] [com.yesman.epicskills.EpicSkills/]: wom:acrobat is disabled.
[06Jun2026 06:13:52.528] [Server thread/INFO] [com.yesman.epicskills.EpicSkills/]: epicskills:infernal_might is disabled.
[06Jun2026 06:13:52.528] [Server thread/WARN] [com.yesman.epicskills.EpicSkills/]: Unknown skill tree id: dodge_parry_reward:passive_old
[06Jun2026 06:13:52.528] [Server thread/INFO] [com.yesman.epicskills.EpicSkills/]: sword_soaring:sword_soaring_skills is disabled.
[06Jun2026 06:14:03.945] [Server thread/INFO] [net.minecraft.server.MinecraftServer/]: bruss23 was slain by Obthu'ryn, God of the Core
[06Jun2026 06:14:10.468] [Server thread/INFO] [com.yesman.epicskills.EpicSkills/]: wom:acrobat is disabled.
[06Jun2026 06:14:10.468] [Server thread/INFO] [com.yesman.epicskills.EpicSkills/]: epicskills:infernal_might is disabled.
[06Jun2026 06:14:10.468] [Server thread/WARN] [com.yesman.epicskills.EpicSkills/]: Unknown skill tree id: dodge_parry_reward:passive_old
[06Jun2026 06:14:10.468] [Server thread/INFO] [com.yesman.epicskills.EpicSkills/]: sword_soaring:sword_soaring_skills is disabled.
[06Jun2026 06:14:24.495] [Server thread/INFO] [net.minecraft.server.MinecraftServer/]: Anghel956 was slain by Obthu'ryn, God of the Core
[06Jun2026 06:14:25.447] [Server thread/INFO] [net.minecraft.server.MinecraftServer/]: bruss23 was slain by Obthu'ryn, God of the Core
[06Jun2026 06:14:31.171] [Server thread/INFO] [com.yesman.epicskills.EpicSkills/]: wom:acrobat is disabled.
[06Jun2026 06:14:31.171] [Server thread/INFO] [com.yesman.epicskills.EpicSkills/]: epicskills:infernal_might is disabled.
[06Jun2026 06:14:31.172] [Server thread/WARN] [com.yesman.epicskills.EpicSkills/]: Unknown skill tree id: dodge_parry_reward:passive_old
[06Jun2026 06:14:31.172] [Server thread/INFO] [com.yesman.epicskills.EpicSkills/]: sword_soaring:sword_soaring_skills is disabled.
[06Jun2026 06:14:32.001] [Server thread/INFO] [com.yesman.epicskills.EpicSkills/]: wom:acrobat is disabled.
[06Jun2026 06:14:32.001] [Server thread/INFO] [com.yesman.epicskills.EpicSkills/]: epicskills:infernal_might is disabled.
[06Jun2026 06:14:32.001] [Server thread/WARN] [com.yesman.epicskills.EpicSkills/]: Unknown skill tree id: dodge_parry_reward:passive_old
[06Jun2026 06:14:32.001] [Server thread/INFO] [com.yesman.epicskills.EpicSkills/]: sword_soaring:sword_soaring_skills is disabled.
[06Jun2026 06:15:25.447] [Server thread/INFO] [net.minecraft.server.MinecraftServer/]: bruss23 was slain by Obthu'ryn, God of the Core
[06Jun2026 06:15:26.068] [Server thread/INFO] [net.minecraft.server.MinecraftServer/]: Anghel956 was doomed to fall
[06Jun2026 06:15:31.887] [Server thread/INFO] [com.yesman.epicskills.EpicSkills/]: wom:acrobat is disabled.
[06Jun2026 06:15:31.887] [Server thread/INFO] [com.yesman.epicskills.EpicSkills/]: epicskills:infernal_might is disabled.
[06Jun2026 06:15:31.887] [Server thread/WARN] [com.yesman.epicskills.EpicSkills/]: Unknown skill tree id: dodge_parry_reward:passive_old
[06Jun2026 06:15:31.887] [Server thread/INFO] [com.yesman.epicskills.EpicSkills/]: sword_soaring:sword_soaring_skills is disabled.
[06Jun2026 06:15:32.951] [Server thread/INFO] [com.yesman.epicskills.EpicSkills/]: wom:acrobat is disabled.
[06Jun2026 06:15:32.951] [Server thread/INFO] [com.yesman.epicskills.EpicSkills/]: epicskills:infernal_might is disabled.
[06Jun2026 06:15:32.951] [Server thread/WARN] [com.yesman.epicskills.EpicSkills/]: Unknown skill tree id: dodge_parry_reward:passive_old
[06Jun2026 06:15:32.951] [Server thread/INFO] [com.yesman.epicskills.EpicSkills/]: sword_soaring:sword_soaring_skills is disabled.
[06Jun2026 06:15:51.747] [Server thread/INFO] [net.minecraft.server.MinecraftServer/]: bruss23 was slain by Obthu'ryn, God of the Core
[06Jun2026 06:15:58.171] [Server thread/INFO] [com.yesman.epicskills.EpicSkills/]: wom:acrobat is disabled.
[06Jun2026 06:15:58.171] [Server thread/INFO] [com.yesman.epicskills.EpicSkills/]: epicskills:infernal_might is disabled.
[06Jun2026 06:15:58.171] [Server thread/WARN] [com.yesman.epicskills.EpicSkills/]: Unknown skill tree id: dodge_parry_reward:passive_old
[06Jun2026 06:15:58.172] [Server thread/INFO] [com.yesman.epicskills.EpicSkills/]: sword_soaring:sword_soaring_skills is disabled.
[06Jun2026 06:16:10.697] [Server thread/INFO] [net.minecraft.server.MinecraftServer/]: bruss23 was slain by Obthu'ryn, God of the Core
[06Jun2026 06:16:17.281] [Server thread/INFO] [com.yesman.epicskills.EpicSkills/]: wom:acrobat is disabled.
[06Jun2026 06:16:17.281] [Server thread/INFO] [com.yesman.epicskills.EpicSkills/]: epicskills:infernal_might is disabled.
[06Jun2026 06:16:17.281] [Server thread/WARN] [com.yesman.epicskills.EpicSkills/]: Unknown skill tree id: dodge_parry_reward:passive_old
[06Jun2026 06:16:17.281] [Server thread/INFO] [com.yesman.epicskills.EpicSkills/]: sword_soaring:sword_soaring_skills is disabled.
[06Jun2026 06:16:22.347] [Server thread/INFO] [net.minecraft.server.MinecraftServer/]: Anghel956 was slain by Obthu'ryn, God of the Core
[06Jun2026 06:16:29.021] [Server thread/INFO] [com.yesman.epicskills.EpicSkills/]: wom:acrobat is disabled.
[06Jun2026 06:16:29.021] [Server thread/INFO] [com.yesman.epicskills.EpicSkills/]: epicskills:infernal_might is disabled.
[06Jun2026 06:16:29.021] [Server thread/WARN] [com.yesman.epicskills.EpicSkills/]: Unknown skill tree id: dodge_parry_reward:passive_old
[06Jun2026 06:16:29.021] [Server thread/INFO] [com.yesman.epicskills.EpicSkills/]: sword_soaring:sword_soaring_skills is disabled.
[06Jun2026 06:16:30.894] [Server thread/INFO] [net.minecraft.server.MinecraftServer/]: bruss23 was slain by Obthu'ryn, God of the Core
[06Jun2026 06:16:37.354] [Server thread/INFO] [com.yesman.epicskills.EpicSkills/]: wom:acrobat is disabled.
[06Jun2026 06:16:37.354] [Server thread/INFO] [com.yesman.epicskills.EpicSkills/]: epicskills:infernal_might is disabled.
[06Jun2026 06:16:37.355] [Server thread/WARN] [com.yesman.epicskills.EpicSkills/]: Unknown skill tree id: dodge_parry_reward:passive_old
[06Jun2026 06:16:37.355] [Server thread/INFO] [com.yesman.epicskills.EpicSkills/]: sword_soaring:sword_soaring_skills is disabled.
[06Jun2026 06:16:59.505] [Server thread/INFO] [net.minecraft.server.MinecraftServer/]: bruss23 has made the advancement [Hot Stuff]
[06Jun2026 06:22:34.000] [Server thread/INFO] [net.minecraft.server.MinecraftServer/]: bruss23 discovered the floor was lava
[06Jun2026 06:22:41.949] [Server thread/INFO] [com.yesman.epicskills.EpicSkills/]: wom:acrobat is disabled.
[06Jun2026 06:22:41.953] [Server thread/INFO] [com.yesman.epicskills.EpicSkills/]: epicskills:infernal_might is disabled.
[06Jun2026 06:22:41.953] [Server thread/WARN] [com.yesman.epicskills.EpicSkills/]: Unknown skill tree id: dodge_parry_reward:passive_old
[06Jun2026 06:22:41.954] [Server thread/INFO] [com.yesman.epicskills.EpicSkills/]: sword_soaring:sword_soaring_skills is disabled.
[06Jun2026 06:22:42.051] [Server thread/WARN] [net.minecraft.server.MinecraftServer/]: Can't keep up! Is the server overloaded? Running 8012ms or 160 ticks behind
[06Jun2026 06:22:52.716] [Server thread/INFO] [net.minecraft.server.MinecraftServer/]: Anghel956 was slain by Obthu'ryn, God of the Core
[06Jun2026 06:23:00.180] [Server thread/INFO] [com.yesman.epicskills.EpicSkills/]: wom:acrobat is disabled.
[06Jun2026 06:23:00.180] [Server thread/INFO] [com.yesman.epicskills.EpicSkills/]: epicskills:infernal_might is disabled.
[06Jun2026 06:23:00.180] [Server thread/WARN] [com.yesman.epicskills.EpicSkills/]: Unknown skill tree id: dodge_parry_reward:passive_old
[06Jun2026 06:23:00.180] [Server thread/INFO] [com.yesman.epicskills.EpicSkills/]: sword_soaring:sword_soaring_skills is disabled.
[06Jun2026 06:23:00.624] [Server thread/WARN] [net.minecraft.server.MinecraftServer/]: Can't keep up! Is the server overloaded? Running 3585ms or 71 ticks behind
[06Jun2026 06:23:39.953] [Server thread/INFO] [net.minecraft.server.MinecraftServer/]: bruss23 was slain by Obthu'ryn, God of the Core
[06Jun2026 06:23:48.355] [Server thread/INFO] [com.yesman.epicskills.EpicSkills/]: wom:acrobat is disabled.
[06Jun2026 06:23:48.355] [Server thread/INFO] [com.yesman.epicskills.EpicSkills/]: epicskills:infernal_might is disabled.
[06Jun2026 06:23:48.356] [Server thread/WARN] [com.yesman.epicskills.EpicSkills/]: Unknown skill tree id: dodge_parry_reward:passive_old
[06Jun2026 06:23:48.356] [Server thread/INFO] [com.yesman.epicskills.EpicSkills/]: sword_soaring:sword_soaring_skills is disabled.
[06Jun2026 06:24:29.116] [Server thread/INFO] [net.minecraft.server.MinecraftServer/]: bruss23 was slain by Obthu'ryn, God of the Core
[06Jun2026 06:24:35.974] [Server thread/INFO] [com.yesman.epicskills.EpicSkills/]: wom:acrobat is disabled.
[06Jun2026 06:24:35.976] [Server thread/INFO] [com.yesman.epicskills.EpicSkills/]: epicskills:infernal_might is disabled.
[06Jun2026 06:24:35.976] [Server thread/WARN] [com.yesman.epicskills.EpicSkills/]: Unknown skill tree id: dodge_parry_reward:passive_old
[06Jun2026 06:24:35.976] [Server thread/INFO] [com.yesman.epicskills.EpicSkills/]: sword_soaring:sword_soaring_skills is disabled.
[06Jun2026 06:24:47.749] [Server thread/INFO] [net.minecraft.server.MinecraftServer/]: Anghel956 was slain by Obthu'ryn, God of the Core
[06Jun2026 06:24:54.507] [Server thread/INFO] [com.yesman.epicskills.EpicSkills/]: wom:acrobat is disabled.
[06Jun2026 06:24:54.507] [Server thread/INFO] [com.yesman.epicskills.EpicSkills/]: epicskills:infernal_might is disabled.
[06Jun2026 06:24:54.507] [Server thread/WARN] [com.yesman.epicskills.EpicSkills/]: Unknown skill tree id: dodge_parry_reward:passive_old
[06Jun2026 06:24:54.508] [Server thread/INFO] [com.yesman.epicskills.EpicSkills/]: sword_soaring:sword_soaring_skills is disabled.
[06Jun2026 06:24:58.448] [Server thread/INFO] [net.minecraft.server.MinecraftServer/]: bruss23 was slain by Obthu'ryn, God of the Core
[06Jun2026 06:25:04.970] [Server thread/INFO] [com.yesman.epicskills.EpicSkills/]: wom:acrobat is disabled.
[06Jun2026 06:25:04.970] [Server thread/INFO] [com.yesman.epicskills.EpicSkills/]: epicskills:infernal_might is disabled.
[06Jun2026 06:25:04.970] [Server thread/WARN] [com.yesman.epicskills.EpicSkills/]: Unknown skill tree id: dodge_parry_reward:passive_old
[06Jun2026 06:25:04.970] [Server thread/INFO] [com.yesman.epicskills.EpicSkills/]: sword_soaring:sword_soaring_skills is disabled.
[06Jun2026 06:25:13.047] [Server thread/INFO] [net.minecraft.server.MinecraftServer/]: bruss23 was slain by Obthu'ryn, God of the Core
[06Jun2026 06:25:19.504] [Server thread/INFO] [com.yesman.epicskills.EpicSkills/]: wom:acrobat is disabled.
[06Jun2026 06:25:19.504] [Server thread/INFO] [com.yesman.epicskills.EpicSkills/]: epicskills:infernal_might is disabled.
[06Jun2026 06:25:19.504] [Server thread/WARN] [com.yesman.epicskills.EpicSkills/]: Unknown skill tree id: dodge_parry_reward:passive_old
[06Jun2026 06:25:19.504] [Server thread/INFO] [com.yesman.epicskills.EpicSkills/]: sword_soaring:sword_soaring_skills is disabled.
[06Jun2026 06:25:21.399] [Server thread/INFO] [net.minecraft.server.MinecraftServer/]: Anghel956 was slain by Obthu'ryn, God of the Core
[06Jun2026 06:25:27.853] [Server thread/INFO] [com.yesman.epicskills.EpicSkills/]: wom:acrobat is disabled.
[06Jun2026 06:25:27.853] [Server thread/INFO] [com.yesman.epicskills.EpicSkills/]: epicskills:infernal_might is disabled.
[06Jun2026 06:25:27.853] [Server thread/WARN] [com.yesman.epicskills.EpicSkills/]: Unknown skill tree id: dodge_parry_reward:passive_old
[06Jun2026 06:25:27.854] [Server thread/INFO] [com.yesman.epicskills.EpicSkills/]: sword_soaring:sword_soaring_skills is disabled.
[06Jun2026 06:25:30.655] [Server thread/INFO] [net.minecraft.server.MinecraftServer/]: bruss23 was slain by Obthu'ryn, God of the Core
[06Jun2026 06:25:37.224] [Server thread/INFO] [com.yesman.epicskills.EpicSkills/]: wom:acrobat is disabled.
[06Jun2026 06:25:37.224] [Server thread/INFO] [com.yesman.epicskills.EpicSkills/]: epicskills:infernal_might is disabled.
[06Jun2026 06:25:37.224] [Server thread/WARN] [com.yesman.epicskills.EpicSkills/]: Unknown skill tree id: dodge_parry_reward:passive_old
[06Jun2026 06:25:37.224] [Server thread/INFO] [com.yesman.epicskills.EpicSkills/]: sword_soaring:sword_soaring_skills is disabled.
[06Jun2026 06:25:58.647] [Server thread/INFO] [net.minecraft.server.MinecraftServer/]: Anghel956 was slain by Obthu'ryn, God of the Core
[06Jun2026 06:26:05.182] [Server thread/INFO] [com.yesman.epicskills.EpicSkills/]: wom:acrobat is disabled.
[06Jun2026 06:26:05.182] [Server thread/INFO] [com.yesman.epicskills.EpicSkills/]: epicskills:infernal_might is disabled.
[06Jun2026 06:26:05.182] [Server thread/WARN] [com.yesman.epicskills.EpicSkills/]: Unknown skill tree id: dodge_parry_reward:passive_old
[06Jun2026 06:26:05.182] [Server thread/INFO] [com.yesman.epicskills.EpicSkills/]: sword_soaring:sword_soaring_skills is disabled.
[06Jun2026 06:26:12.699] [Server thread/INFO] [net.minecraft.server.MinecraftServer/]: bruss23 was slain by Obthu'ryn, God of the Core
[06Jun2026 06:26:19.155] [Server thread/INFO] [com.yesman.epicskills.EpicSkills/]: wom:acrobat is disabled.
[06Jun2026 06:26:19.155] [Server thread/INFO] [com.yesman.epicskills.EpicSkills/]: epicskills:infernal_might is disabled.
[06Jun2026 06:26:19.155] [Server thread/WARN] [com.yesman.epicskills.EpicSkills/]: Unknown skill tree id: dodge_parry_reward:passive_old
[06Jun2026 06:26:19.156] [Server thread/INFO] [com.yesman.epicskills.EpicSkills/]: sword_soaring:sword_soaring_skills is disabled.
[06Jun2026 06:31:32.252] [Server thread/INFO] [net.minecraft.server.MinecraftServer/]: bruss23 discovered the floor was lava
[06Jun2026 06:31:38.801] [Server thread/INFO] [com.yesman.epicskills.EpicSkills/]: wom:acrobat is disabled.
[06Jun2026 06:31:38.801] [Server thread/INFO] [com.yesman.epicskills.EpicSkills/]: epicskills:infernal_might is disabled.
[06Jun2026 06:31:38.802] [Server thread/WARN] [com.yesman.epicskills.EpicSkills/]: Unknown skill tree id: dodge_parry_reward:passive_old
[06Jun2026 06:31:38.802] [Server thread/INFO] [com.yesman.epicskills.EpicSkills/]: sword_soaring:sword_soaring_skills is disabled.
[06Jun2026 06:32:00.902] [Server thread/INFO] [net.minecraft.server.MinecraftServer/]: Anghel956 discovered the floor was lava
[06Jun2026 06:32:07.374] [Server thread/INFO] [com.yesman.epicskills.EpicSkills/]: wom:acrobat is disabled.
[06Jun2026 06:32:07.374] [Server thread/INFO] [com.yesman.epicskills.EpicSkills/]: epicskills:infernal_might is disabled.
[06Jun2026 06:32:07.375] [Server thread/WARN] [com.yesman.epicskills.EpicSkills/]: Unknown skill tree id: dodge_parry_reward:passive_old
[06Jun2026 06:32:07.375] [Server thread/INFO] [com.yesman.epicskills.EpicSkills/]: sword_soaring:sword_soaring_skills is disabled.
[06Jun2026 06:34:59.172] [Server thread/INFO] [net.minecraft.server.MinecraftServer/]: Anghel956 fell from a high place
[06Jun2026 06:35:08.001] [spark-async-sampler-worker-thread/WARN] [spark/]: Timed out waiting for world statistics
[06Jun2026 06:35:13.223] [Server thread/WARN] [net.minecraft.server.MinecraftServer/]: Can't keep up! Is the server overloaded? Running 14034ms or 280 ticks behind
[06Jun2026 06:35:13.255] [Server thread/INFO] [com.yesman.epicskills.EpicSkills/]: wom:acrobat is disabled.
[06Jun2026 06:35:13.770] [Server thread/INFO] [com.yesman.epicskills.EpicSkills/]: epicskills:infernal_might is disabled.
[06Jun2026 06:35:13.775] [Server thread/WARN] [com.yesman.epicskills.EpicSkills/]: Unknown skill tree id: dodge_parry_reward:passive_old
[06Jun2026 06:35:13.775] [Server thread/INFO] [com.yesman.epicskills.EpicSkills/]: sword_soaring:sword_soaring_skills is disabled.
[06Jun2026 06:37:06.251] [Server thread/INFO] [net.minecraft.server.MinecraftServer/]: bruss23 has made the advancement [Ice Bucket Challenge]
[06Jun2026 06:39:22.205] [Server thread/INFO] [net.minecraft.server.MinecraftServer/]: bruss23 discovered the floor was lava
[06Jun2026 06:39:28.617] [Server thread/INFO] [com.yesman.epicskills.EpicSkills/]: wom:acrobat is disabled.
[06Jun2026 06:39:28.617] [Server thread/INFO] [com.yesman.epicskills.EpicSkills/]: epicskills:infernal_might is disabled.
[06Jun2026 06:39:28.617] [Server thread/WARN] [com.yesman.epicskills.EpicSkills/]: Unknown skill tree id: dodge_parry_reward:passive_old
[06Jun2026 06:39:28.618] [Server thread/INFO] [com.yesman.epicskills.EpicSkills/]: sword_soaring:sword_soaring_skills is disabled.
[06Jun2026 06:42:03.589] [Worker-Main-3/ERROR] [net.minecraft.world.entity.decoration.HangingEntity/]: Hanging entity at invalid position: BlockPos{x=356, y=-12, z=-62}
[06Jun2026 06:42:03.940] [Worker-Main-3/ERROR] [net.minecraft.world.entity.decoration.HangingEntity/]: Hanging entity at invalid position: BlockPos{x=336, y=-10, z=-45}
[06Jun2026 06:42:03.945] [Worker-Main-3/ERROR] [net.minecraft.world.entity.decoration.HangingEntity/]: Hanging entity at invalid position: BlockPos{x=262, y=-12, z=-48}
[06Jun2026 06:42:04.334] [Worker-Main-3/ERROR] [net.minecraft.world.entity.decoration.HangingEntity/]: Hanging entity at invalid position: BlockPos{x=356, y=-12, z=-62}
[06Jun2026 06:42:05.432] [Worker-Main-1/ERROR] [net.minecraft.world.entity.decoration.HangingEntity/]: Hanging entity at invalid position: BlockPos{x=356, y=-12, z=-62}
[06Jun2026 06:42:05.494] [Worker-Main-1/ERROR] [net.minecraft.world.entity.decoration.HangingEntity/]: Hanging entity at invalid position: BlockPos{x=356, y=-12, z=-62}
[06Jun2026 06:42:10.377] [Worker-Main-1/ERROR] [net.minecraft.world.entity.decoration.HangingEntity/]: Hanging entity at invalid position: BlockPos{x=336, y=-10, z=-45}
[06Jun2026 06:43:14.327] [Server thread/WARN] [net.minecraft.server.MinecraftServer/]: Can't keep up! Is the server overloaded? Running 5287ms or 105 ticks behind
[06Jun2026 06:43:44.670] [Worker-Main-1/ERROR] [net.minecraft.world.entity.decoration.HangingEntity/]: Hanging entity at invalid position: BlockPos{x=665, y=-20, z=-299}
[06Jun2026 06:43:44.676] [Worker-Main-1/ERROR] [net.minecraft.world.entity.decoration.HangingEntity/]: Hanging entity at invalid position: BlockPos{x=677, y=-20, z=-299}
